name_raw,position,season,resolved,player_id,method,score,note,price
A Hurns,WR,2016,Allen Hurns,1984,fuzzy,97.0,,1
A. Boldin,WR,2015,Anquan Boldin,655,fuzzy,97.0,,1
A.J. Brown,WR,2020,A.J. Brown,5859,fuzzy,100.0,,21
A.J. Green,WR,2020,A.J. Green,830,fuzzy,100.0,,3
A.J. Green,WR,2012,A.J. Green,830,fuzzy,100.0,,28
AJ Dillon,RB,2020,AJ Dillon,6828,fuzzy,100.0,,1
AJ Green,WR,2019,A.J. Green,830,fuzzy,100.0,,4
AJ Green,WR,2017,A.J. Green,830,fuzzy,100.0,,48
AJ Green,WR,2016,A.J. Green,830,fuzzy,100.0,,49
AJ Green,WR,2015,A.J. Green,830,fuzzy,100.0,,40
AJ Green,WR,2014,A.J. Green,830,fuzzy,100.0,,50
AJ Green,WR,2013,A.J. Green,830,fuzzy,100.0,,41
Aamari Cooper,WR,2018,Amari Cooper,2309,fuzzy,97.27272727272727,,15
Aaron Dropson,WR,2014,Aaron Dobson,1365,fuzzy,88.0,,1
Aaron Hernandez,TE,2012,Aaron Hernandez,516,fuzzy,100.0,,4
Aaron Jones,RB,2020,Aaron Jones,4199,fuzzy,100.0,,44
Aaron Jones,RB,2019,Aaron Jones,4199,fuzzy,100.0,,35
Aaron Jones,RB,2018,Aaron Jones,4199,fuzzy,100.0,,2
Aaron Rodgers,QB,2020,Aaron Rodgers,96,fuzzy,100.0,,2
Aaron Rodgers,QB,2019,Aaron Rodgers,96,fuzzy,100.0,,15
Aaron Rodgers,QB,2018,Aaron Rodgers,96,fuzzy,100.0,,22
Aaron Rodgers,QB,2017,Aaron Rodgers,96,fuzzy,100.0,,35
Aaron Rodgers,QB,2016,Aaron Rodgers,96,fuzzy,100.0,,18
Aaron Rodgers,QB,2015,Aaron Rodgers,96,fuzzy,100.0,,27
Aaron Rodgers,QB,2014,Aaron Rodgers,96,fuzzy,100.0,,45
Aaron Rodgers,QB,2013,Aaron Rodgers,96,fuzzy,100.0,,43
Aaron Rodgers,QB,2012,Aaron Rodgers,96,fuzzy,100.0,,59
Adam Thielen,WR,2020,Adam Thielen,1689,fuzzy,100.0,,27
Adam Thielen,WR,2019,Adam Thielen,1689,fuzzy,100.0,,26
Adam Thielen,WR,2017,Adam Thielen,1689,fuzzy,100.0,,1
Adrian Peterson,RB,2020,Adrian Peterson,184,fuzzy,100.0,,1
Adrian Peterson,RB,2018,Adrian Peterson,184,fuzzy,100.0,,3
Adrian Peterson,RB,2017,Adrian Peterson,184,fuzzy,100.0,,7
Adrian Peterson,RB,2015,Adrian Peterson,184,fuzzy,100.0,,64
Adrian Peterson,RB,2014,Adrian Peterson,184,fuzzy,100.0,,64
Adrian Peterson,RB,2013,Adrian Peterson,184,fuzzy,100.0,,76
Adrian Peterson,RB,2012,Adrian Peterson,184,fuzzy,100.0,,29
Agoholor,WR,2015,Nelson Agholor,2325,fuzzy,93.33333333333333,,8
Ahmad Bradshaw,RB,2014,Ahmad Bradshaw,78,fuzzy,100.0,,3
Ahmad Bradshaw,RB,2013,Ahmad Bradshaw,78,fuzzy,100.0,,17
Ahmad Bradshaw,RB,2012,Ahmad Bradshaw,78,fuzzy,100.0,,16
Aiken,WR,2016,Kamar Aiken,794,fuzzy,100.0,,1
Aj Green,WR,2018,A.J. Green,830,fuzzy,100.0,,39
Ajayi,RB,2016,Jay Ajayi,2452,fuzzy,100.0,,3
Alex Collins,RB,2018,Alex Collins,3327,fuzzy,100.0,,19
Alex Mattison,RB,2019,Alexander Mattison,5987,fuzzy,98.5,,2
Alex Smith,QB,2018,Alex Smith,268,fuzzy,100.0,,1
Alexander Mattison,RB,2020,Alexander Mattison,5987,fuzzy,100.0,,3
Alfred Blue,RB,2015,Alfred Blue,1944,fuzzy,100.0,,5
Alfred Morris,RB,2017,Alfred Morris,1170,fuzzy,100.0,,1
Alfred Morris,RB,2016,Alfred Morris,1170,fuzzy,100.0,,1
Alfred Morris,RB,2015,Alfred Morris,1170,fuzzy,100.0,,30
Alfred Morris,RB,2014,Alfred Morris,1170,fuzzy,100.0,,34
Alfred Morris,RB,2013,Alfred Morris,1170,fuzzy,100.0,,45
Allen Hurns,WR,2018,Allen Hurns,1984,fuzzy,100.0,,1
Allen Robinson,WR,2018,Allen Robinson,1992,fuzzy,100.0,,12
Allen Robinson,WR,2017,Allen Robinson,1992,fuzzy,100.0,,9
Allen Robinson,WR,2016,Allen Robinson,1992,fuzzy,100.0,,40
Allen Robinson,WR,2015,Allen Robinson,1992,fuzzy,100.0,,7
Allen Robinson II,WR,2020,Allen Robinson,1992,fuzzy,100.0,,22
Alshon Jeffery,WR,2019,Alshon Jeffery,1149,fuzzy,100.0,,4
Alshon Jeffrey,WR,2017,Alshon Jeffery,1149,fuzzy,92.85714285714286,,15
Alshon Jeffrey,WR,2014,Alshon Jeffery,1149,fuzzy,92.85714285714286,,32
Alshon Jeffrey,WR,2013,Alshon Jeffery,1149,fuzzy,92.85714285714286,,1
Alvin Kamara,RB,2020,Alvin Kamara,4035,fuzzy,100.0,,61
Alvin Kamara,RB,2019,Alvin Kamara,4035,fuzzy,100.0,,70
Amari Cooper,WR,2020,Amari Cooper,2309,fuzzy,100.0,,30
Amari Cooper,WR,2019,Amari Cooper,2309,fuzzy,100.0,,23
Amari Cooper,WR,2017,Amari Cooper,2309,fuzzy,100.0,,28
Amari Cooper,WR,2015,Amari Cooper,2309,fuzzy,100.0,,16
Ameer Abdullah,RB,2017,Ameer Abdullah,2359,fuzzy,100.0,,4
Amendola,WR,2014,Danny Amendola,491,fuzzy,100.0,,2
Andre Ellington,RB,2015,Andre Ellington,1575,fuzzy,100.0,,15
Andre Ellington,RB,2014,Andre Ellington,1575,fuzzy,100.0,,19
Andre Johnson,WR,2015,Andre Johnson,92,fuzzy,100.0,,10
Andre Johnson,WR,2014,Andre Johnson,92,fuzzy,100.0,,23
Andre Johnson,WR,2013,Andre Johnson,92,fuzzy,100.0,,21
Andre Johnson,WR,2012,Andre Johnson,92,fuzzy,100.0,,37
Andre Williams,RB,2015,Andre Williams,2088,fuzzy,100.0,,1
Andrew Luck,QB,2017,Andrew Luck,1111,fuzzy,100.0,,1
Andrew Luck,QB,2014,Andrew Luck,1111,fuzzy,100.0,,20
Andrew Luck,QB,2013,Andrew Luck,1111,fuzzy,100.0,,6
Andrew Luck,QB,2012,Andrew Luck,1111,fuzzy,100.0,,1
Andy Dalton,QB,2016,Andy Dalton,829,fuzzy,100.0,,1
Andy Dalton,QB,2012,Andy Dalton,829,fuzzy,100.0,,2
Anquan Boldin,WR,2014,Anquan Boldin,655,fuzzy,100.0,,1
Anquan Boldin,WR,2013,Anquan Boldin,655,fuzzy,100.0,,7
Anthony Miller,WR,2020,Anthony Miller,5013,fuzzy,100.0,,1
Antionio Brown,WR,2014,Antonio Brown,536,fuzzy,98.0,,41
Antonio Brown,WR,2020,Antonio Brown,536,fuzzy,100.0,,1
Antonio Brown,WR,2018,Antonio Brown,536,fuzzy,100.0,,63
Antonio Brown,WR,2017,Antonio Brown,536,fuzzy,100.0,,67
Antonio Brown,WR,2016,Antonio Brown,536,fuzzy,100.0,,59
Antonio Brown,WR,2015,Antonio Brown,536,fuzzy,100.0,,48
Antonio Brown,WR,2013,Antonio Brown,536,fuzzy,100.0,,6
Antonio Brown,WR,2012,Antonio Brown,536,fuzzy,100.0,,3
Antonio Gates,TE,2013,Antonio Gates,322,fuzzy,100.0,,1
Antonio Gates,TE,2012,Antonio Gates,322,fuzzy,100.0,,13
Antonio Gibson,RB,2020,Antonio Gibson,6945,fuzzy,100.0,,2
Arian Foster,RB,2016,Arian Foster,669,fuzzy,100.0,,15
Arian Foster,RB,2015,Arian Foster,669,fuzzy,100.0,,21
Arian Foster,RB,2014,Arian Foster,669,fuzzy,100.0,,39
Arian Foster,RB,2013,Arian Foster,669,fuzzy,100.0,,66
Arian Foster,RB,2012,Arian Foster,669,fuzzy,100.0,,63
Aunquan Boldin,WR,2012,Anquan Boldin,655,fuzzy,97.6923076923077,,4
Austin Ekeler,RB,2020,Austin Ekeler,4663,fuzzy,100.0,,45
Austin Ekeler,RB,2019,Austin Ekeler,4663,fuzzy,100.0,,3
B Marshall,WR,2016,Brandon Marshall,648,fuzzy,97.0,,30
B Powell,RB,2016,Bilal Powell,818,fuzzy,97.0,,1
B. Marshall,WR,2015,Brandon Marshall,648,fuzzy,97.0,,12
B. Perriman,WR,2015,Breshad Perriman,2331,fuzzy,97.0,,1
BMarshall,WR,2014,Brandon Marshall,648,fuzzy,94.11764705882352,,37
Baker Mayfield,QB,2019,Baker Mayfield,4892,fuzzy,100.0,,8
Baldwin,WR,2016,Doug Baldwin,988,fuzzy,100.0,,10
Ben Roethlisberger,QB,2017,Ben Roethlisberger,138,fuzzy,100.0,,2
Ben Roethlisberger,QB,2013,Ben Roethlisberger,138,fuzzy,100.0,,1
Ben Tate,RB,2014,Ben Tate,1004,fuzzy,100.0,,30
Ben Tate,RB,2013,Ben Tate,1004,fuzzy,100.0,,4
Ben Tate,RB,2012,Ben Tate,1004,fuzzy,100.0,,4
Bernard Pierce,RB,2014,Bernard Pierce,1263,fuzzy,100.0,,1
Bernard Pierce,RB,2013,Bernard Pierce,1263,fuzzy,100.0,,3
Bilal Powell,RB,2018,Bilal Powell,818,fuzzy,100.0,,1
Bilal Powell,RB,2017,Bilal Powell,818,fuzzy,100.0,,7
Bilal Powell,RB,2013,Bilal Powell,818,fuzzy,100.0,,1
Bishop Sankey,RB,2014,Bishop Sankey,1937,fuzzy,100.0,,5
Blair Walsh,K,2016,Blair Walsh,1214,fuzzy,100.0,,1
Blair Walsh,K,2014,Blair Walsh,1214,fuzzy,100.0,,1
Blair Walsh,K,2013,Blair Walsh,1214,fuzzy,100.0,,1
Blake Bortles,QB,2016,Blake Bortles,1979,fuzzy,100.0,,1
Blount,RB,2015,LeGarrette Blount,730,fuzzy,100.0,,7
Blunt,RB,2014,LeGarrette Blount,730,fuzzy,90.9090909090909,,1
Boston Scott,RB,2020,Boston Scott,5122,fuzzy,100.0,,1
Boswell,K,2018,Chris Boswell,1945,fuzzy,100.0,,1
Brady,QB,2018,Tom Brady,167,fuzzy,100.0,,13
Brady,QB,2015,Tom Brady,167,fuzzy,100.0,,7
Brandin Cooks,WR,2020,Brandin Cooks,2197,fuzzy,100.0,,4
Brandin Cooks,WR,2019,Brandin Cooks,2197,fuzzy,100.0,,30
Brandin Cooks,WR,2017,Brandin Cooks,2197,fuzzy,100.0,,38
Brandin Cooks,WR,2016,Brandin Cooks,2197,fuzzy,100.0,,31
Brandin Cooks,WR,2014,Brandin Cooks,2197,fuzzy,100.0,,3
Brandon Aiyuk,WR,2020,Brandon Aiyuk,6803,fuzzy,100.0,,1
Brandon Jacobs,RB,2012,Brandon Jacobs,82,fuzzy,100.0,,1
Brandon Lloyd,WR,2012,Brandon Lloyd,386,fuzzy,100.0,,9
Brandon Marshall,WR,2017,Brandon Marshall,648,fuzzy,100.0,,5
Brandon Marshall,WR,2013,Brandon Marshall,648,fuzzy,100.0,,36
Brandon Marshall,WR,2012,Brandon Marshall,648,fuzzy,100.0,,24
Brandon Pettigrew,TE,2012,Brandon Pettigrew,465,fuzzy,100.0,,2
Brees,QB,2018,Drew Brees,289,fuzzy,100.0,,2
Brees,QB,2014,Drew Brees,289,fuzzy,100.0,,35
Breshad Perriman,WR,2020,Breshad Perriman,2331,fuzzy,100.0,,1
Brian Hartline,WR,2013,Brian Hartline,339,fuzzy,100.0,,1
Brian Quick,WR,2015,Brian Quick,1208,fuzzy,100.0,,1
Bryce Brown,RB,2013,Bryce Brown,1026,fuzzy,100.0,,1
Burkhead,RB,2018,Rex Burkhead,1387,fuzzy,100.0,,1
C Artist-Payne,RB,2016,Cameron Artis-Payne,2477,fuzzy,93.66666666666666,,1
C Hogan,WR,2016,Chris Hogan,1329,fuzzy,97.0,,1
C West,RB,2016,Charcandrick West,2024,fuzzy,97.0,,1
C.J. Spiller,RB,2012,C.J. Spiller,507,fuzzy,100.0,,7
CJ Anderson,RB,2017,C.J. Anderson,1451,fuzzy,100.0,,8
CJ Anderson,RB,2016,C.J. Anderson,1451,fuzzy,100.0,,21
CJ Anderson,RB,2015,C.J. Anderson,1451,fuzzy,100.0,,47
CJ Anderson,RB,2014,C.J. Anderson,1451,fuzzy,100.0,,1
CJ Prosise,RB,2017,C.J. Prosise,3204,fuzzy,100.0,,1
CJ Spiller,RB,2015,C.J. Spiller,507,fuzzy,100.0,,4
CJ Spiller,RB,2014,C.J. Spiller,507,fuzzy,100.0,,19
CJ Spiller,RB,2013,C.J. Spiller,507,fuzzy,100.0,,56
Caleb Sturgis,K,2017,Caleb Sturgis,1358,fuzzy,100.0,,1
Calvin Johnson,WR,2015,Calvin Johnson,240,fuzzy,100.0,,45
Calvin Johnson,WR,2012,Calvin Johnson,240,fuzzy,100.0,,47
Calvin Johnson Jr.,WR,2013,Calvin Johnson,240,fuzzy,100.0,,56
Calvin Ridley,WR,2020,Calvin Ridley,4981,fuzzy,100.0,,13
Calvin Ridley,WR,2019,Calvin Ridley,4981,fuzzy,100.0,,2
Cam Akers,RB,2020,Cam Akers,6938,fuzzy,100.0,,12
Cam Newton,QB,2020,Cam Newton,954,fuzzy,100.0,,2
Cam Newton,QB,2019,Cam Newton,954,fuzzy,100.0,,2
Cam Newton,QB,2018,Cam Newton,954,fuzzy,100.0,,8
Cam Newton,QB,2017,Cam Newton,954,fuzzy,100.0,,7
Cam Newton,QB,2016,Cam Newton,954,fuzzy,100.0,,24
Cam Newton,QB,2014,Cam Newton,954,fuzzy,100.0,,14
Cam Newton,QB,2013,Cam Newton,954,fuzzy,100.0,,26
Cam Newton,QB,2012,Cam Newton,954,fuzzy,100.0,,28
Cameron Meredith,WR,2018,Cameron Meredith,2699,fuzzy,100.0,,1
Carlos Hyde,RB,2020,Carlos Hyde,2257,fuzzy,100.0,,1
Carlos Hyde,RB,2018,Carlos Hyde,2257,fuzzy,100.0,,6
Carlos Hyde,RB,2017,Carlos Hyde,2257,fuzzy,100.0,,30
Carlos Hyde,RB,2016,Carlos Hyde,2257,fuzzy,100.0,,21
Carlos Hyde,RB,2014,Carlos Hyde,2257,fuzzy,100.0,,4
Carr,QB,2016,Derek Carr,2028,fuzzy,100.0,,1
Carson Palmer,QB,2016,Carson Palmer,91,fuzzy,100.0,,2
Carson Palmer,QB,2013,Carson Palmer,91,fuzzy,100.0,,2
Carson Wentz,QB,2020,Carson Wentz,3161,fuzzy,100.0,,1
Carson Wentz,QB,2019,Carson Wentz,3161,fuzzy,100.0,,7
Carson Wentz,QB,2018,Carson Wentz,3161,fuzzy,100.0,,4
Cecil Shorts,WR,2014,Cecil Shorts,866,fuzzy,100.0,,1
Cecil Shorts,WR,2013,Cecil Shorts,866,fuzzy,100.0,,9
CeeDee Lamb,WR,2020,CeeDee Lamb,6786,fuzzy,100.0,,1
Charcandrick West,RB,2017,Charcandrick West,2024,fuzzy,100.0,,1
Charles Johnson,RB,2015,Chris Johnson,272,fuzzy,85.71428571428572,,3
Charles Simms,RB,2015,Charles Sims,2223,fuzzy,96.0,,1
Charles Sims,RB,2017,Charles Sims,2223,fuzzy,100.0,,1
Charles Sims,RB,2016,Charles Sims,2223,fuzzy,100.0,,3
Chase Edmonds,RB,2020,Chase Edmonds,5000,fuzzy,100.0,,1
Chris Carson,RB,2020,Chris Carson,4273,fuzzy,100.0,,30
Chris Carson,RB,2019,Chris Carson,4273,fuzzy,100.0,,10
Chris Carson,RB,2018,Chris Carson,4273,fuzzy,100.0,,7
Chris Givens,WR,2013,Chris Givens,1201,fuzzy,100.0,,1
Chris Godfwin,WR,2019,Chris Godwin,4037,fuzzy,96.0,,11
Chris Godwin,WR,2020,Chris Godwin,4037,fuzzy,100.0,,33
Chris Godwin,WR,2018,Chris Godwin,4037,fuzzy,100.0,,1
Chris Herndon,TE,2020,Chris Herndon,5009,fuzzy,100.0,,1
Chris Hogan,WR,2017,Chris Hogan,1329,fuzzy,100.0,,1
Chris Ivory,RB,2013,Chris Ivory,717,fuzzy,100.0,,9
Chris Johnson,RB,2013,Chris Johnson,272,fuzzy,100.0,,32
Chris Johnson,RB,2012,Chris Johnson,272,fuzzy,100.0,,48
Chris Thompson,RB,2018,Chris Thompson,1502,fuzzy,100.0,,1
Chris Thompson,RB,2017,Chris Thompson,1502,fuzzy,100.0,,1
Christian Kirk,WR,2020,Christian Kirk,4950,fuzzy,100.0,,1
Christian Kirk,WR,2019,Christian Kirk,4950,fuzzy,100.0,,1
Christian McCaffrey,RB,2020,Christian McCaffrey,4034,fuzzy,100.0,,71
Christian McCaffrey,RB,2017,Christian McCaffrey,4034,fuzzy,100.0,,16
Christina Michelle,RB,2015,Christine Michael,1596,fuzzy,85.71428571428572,,1
Christine Michael,RB,2014,Christine Michael,1596,fuzzy,100.0,,1
Cj Anderson,RB,2018,C.J. Anderson,1451,fuzzy,100.0,,1
Clyde Edwards-Helaire,RB,2020,Clyde Edwards-Helaire,6820,fuzzy,100.0,,47
Coby Fleener,TE,2012,Coby Fleener,1107,fuzzy,100.0,,1
Colin Kaepernick,QB,2013,Colin Kaepernick,980,fuzzy,100.0,,13
Colston,WR,2014,Marques Colston,201,fuzzy,100.0,,1
Cooks,WR,2015,Brandin Cooks,2197,fuzzy,100.0,,21
Cooper Kupp,WR,2020,Cooper Kupp,4039,fuzzy,100.0,,20
Cooper Kupp,WR,2019,Cooper Kupp,4039,fuzzy,100.0,,19
Cooper Kupp,WR,2018,Cooper Kupp,4039,fuzzy,100.0,,1
Corey Coleman,WR,2017,Corey Coleman,3177,fuzzy,100.0,,1
Corey Davis,WR,2019,Corey Davis,4036,fuzzy,100.0,,1
Corey Davis,WR,2018,Corey Davis,4036,fuzzy,100.0,,1
Corey Davis,WR,2017,Corey Davis,4036,fuzzy,100.0,,1
Courtland Sutton,WR,2020,Courtland Sutton,5045,fuzzy,100.0,,17
Courtland Sutton,WR,2019,Courtland Sutton,5045,fuzzy,100.0,,1
Cousins,QB,2018,Kirk Cousins,1166,fuzzy,100.0,,2
Crabtree,WR,2018,Michael Crabtree,455,fuzzy,100.0,,4
Crabtree,WR,2014,Michael Crabtree,455,fuzzy,100.0,,10
Crosby,K,2015,Mason Crosby,59,fuzzy,100.0,,1
Crowell,RB,2015,Isaiah Crowell,1901,fuzzy,100.0,,12
Curtis Samuel,WR,2019,Curtis Samuel,4082,fuzzy,100.0,,1
D Booker,RB,2016,Devontae Booker,3209,fuzzy,97.0,,1
D Henry,RB,2016,Derrick Henry,3198,fuzzy,97.0,,3
D Jackson,WR,2016,DeSean Jackson,147,fuzzy,97.0,,7
D'Andre Swift,RB,2020,D'Andre Swift,6790,fuzzy,100.0,,7
D. Adams,WR,2015,Davante Adams,2133,fuzzy,97.0,,15
D. Allen,WR,2015,Devon Allen,8411,fuzzy,97.0,,2
D. Baldwin,WR,2015,Doug Baldwin,988,fuzzy,97.0,,1
D. Bryant,WR,2015,Dez Bryant,574,fuzzy,97.0,,46
D. Freeman,RB,2015,Devonta Freeman,2168,fuzzy,97.0,,2
D. Sproles,RB,2015,Darren Sproles,246,fuzzy,97.0,,1
D. Watson,QB,2018,Deshaun Watson,4017,fuzzy,97.0,,13
DJ Chark Jr.,WR,2020,DJ Chark,4951,fuzzy,100.0,,5
DJ Moore,WR,2020,DJ Moore,4983,fuzzy,100.0,,20
DJ Moore,WR,2019,DJ Moore,4983,fuzzy,100.0,,3
DK Metcalf,WR,2020,DK Metcalf,5846,fuzzy,100.0,,15
DK Metcalf,WR,2019,DK Metcalf,5846,fuzzy,100.0,,1
Dak Prescott,QB,2020,Dak Prescott,3294,fuzzy,100.0,,9
Dak Prescott,QB,2019,Dak Prescott,3294,fuzzy,100.0,,1
Dak Prescott,QB,2017,Dak Prescott,3294,fuzzy,100.0,,5
Dalvin Cook,RB,2020,Dalvin Cook,4029,fuzzy,100.0,,65
Dalvin Cook,RB,2019,Dalvin Cook,4029,fuzzy,100.0,,57
Dalvin Cook,RB,2017,Dalvin Cook,4029,fuzzy,100.0,,27
Damien Harris,RB,2020,Damien Harris,5890,fuzzy,100.0,,1
Damien Williams,RB,2019,Damien Williams,1833,fuzzy,100.0,,25
Dan Bailey,K,2017,Dan Bailey,899,fuzzy,100.0,,2
Dan Bailey,K,2016,Dan Bailey,899,fuzzy,100.0,,2
Dan Bailey,K,2015,Dan Bailey,899,fuzzy,100.0,,1
Dan Bailey,K,2014,Dan Bailey,899,fuzzy,100.0,,1
Dan Bailey,K,2013,Dan Bailey,899,fuzzy,100.0,,1
Dan Bailey,K,2012,Dan Bailey,899,fuzzy,100.0,,1
Danny Amendola,WR,2017,Danny Amendola,491,fuzzy,100.0,,1
Danny Amendola,WR,2013,Danny Amendola,491,fuzzy,100.0,,24
Danny Woodhead,RB,2017,Danny Woodhead,735,fuzzy,100.0,,6
Danny Woodhead,RB,2015,Danny Woodhead,735,fuzzy,100.0,,1
Danny Woodhead,RB,2013,Danny Woodhead,735,fuzzy,100.0,,2
Dante Pettis,WR,2019,Dante Pettis,4992,fuzzy,100.0,,1
Darius Hayward Bey,WR,2012,Darrius Heyward-Bey,394,fuzzy,88.88888888888889,,3
Darius Heyward-Bey,WR,2013,Darrius Heyward-Bey,394,fuzzy,97.6923076923077,,1
Darius Slayton,WR,2020,Darius Slayton,6149,fuzzy,100.0,,1
Darrell Henderson,RB,2019,Darrell Henderson,5916,fuzzy,100.0,,11
Darrell Henderson Jr.,RB,2020,Darrell Henderson,5916,fuzzy,100.0,,1
Darren McFadden,RB,2017,Darren McFadden,326,fuzzy,100.0,,8
Darren McFadden,RB,2013,Darren McFadden,326,fuzzy,100.0,,21
Darren Mcfadden,RB,2012,Darren McFadden,326,fuzzy,100.0,,37
Darren Sproles,RB,2016,Darren Sproles,246,fuzzy,100.0,,1
Darren Sproles,RB,2014,Darren Sproles,246,fuzzy,100.0,,2
Darren Sproles,RB,2013,Darren Sproles,246,fuzzy,100.0,,26
Darren Sproles,RB,2012,Darren Sproles,246,fuzzy,100.0,,21
Darren Waller,TE,2020,Darren Waller,2505,fuzzy,100.0,,9
Darwin Thompson,RB,2019,Darwin Thompson,6178,fuzzy,100.0,,3
Daryl Richardson,RB,2013,Daryl Richardson,1265,fuzzy,100.0,,9
Davante Adams,WR,2020,Davante Adams,2133,fuzzy,100.0,,44
Davante Adams,WR,2019,Davante Adams,2133,fuzzy,100.0,,50
Davante Adams,WR,2017,Davante Adams,2133,fuzzy,100.0,,15
David Montgomery,RB,2020,David Montgomery,5892,fuzzy,100.0,,15
David Montgomery,RB,2019,David Montgomery,5892,fuzzy,100.0,,31
David Njoku,TE,2019,David Njoku,4033,fuzzy,100.0,,1
DeAndre Hopkins,WR,2020,DeAndre Hopkins,1426,fuzzy,100.0,,36
DeAndre Hopkins,WR,2017,DeAndre Hopkins,1426,fuzzy,100.0,,28
DeAngelo Williams,RB,2016,DeAngelo Williams,306,fuzzy,100.0,,12
DeAngelo Williams,RB,2013,DeAngelo Williams,306,fuzzy,100.0,,5
DeMarco Murray,RB,2016,DeMarco Murray,904,fuzzy,100.0,,17
DeMarco Murray,RB,2014,DeMarco Murray,904,fuzzy,100.0,,42
DeMarco Murray,RB,2013,DeMarco Murray,904,fuzzy,100.0,,14
DeSean Jackson,WR,2020,DeSean Jackson,147,fuzzy,100.0,,1
DeSean Jackson,WR,2017,DeSean Jackson,147,fuzzy,100.0,,3
DeSean Jackson,WR,2013,DeSean Jackson,147,fuzzy,100.0,,5
DeVante Parker,WR,2020,DeVante Parker,2319,fuzzy,100.0,,6
DeVante Parker,WR,2017,DeVante Parker,2319,fuzzy,100.0,,2
Deandre Hopkins,WR,2016,DeAndre Hopkins,1426,fuzzy,100.0,,58
Deandre Hopkins,WR,2015,DeAndre Hopkins,1426,fuzzy,100.0,,30
Deandre Hopkins,WR,2014,DeAndre Hopkins,1426,fuzzy,100.0,,1
Deandre Hopkins,WR,2013,DeAndre Hopkins,1426,fuzzy,100.0,,1
Deandre Washington,RB,2017,DeAndre Washington,3300,fuzzy,100.0,,1
Deangelo Williams,RB,2012,DeAngelo Williams,306,fuzzy,100.0,,9
Decker,WR,2016,Eric Decker,558,fuzzy,100.0,,8
Dede Westbrook,WR,2019,Dede Westbrook,4146,fuzzy,100.0,,3
Deebo Samuel,WR,2020,Deebo Samuel,5872,fuzzy,100.0,,1
Deker,WR,2015,Eric Decker,558,fuzzy,90.9090909090909,,3
Delaine Walker,TE,2018,Delanie Walker,284,fuzzy,95.71428571428572,,1
Delanie Walker,TE,2019,Delanie Walker,284,fuzzy,100.0,,1
Delanie Walker,TE,2017,Delanie Walker,284,fuzzy,100.0,,8
Demarco Murray,RB,2017,DeMarco Murray,904,fuzzy,100.0,,45
Demarco Murray,RB,2012,DeMarco Murray,904,fuzzy,100.0,,32
Demarius Thomas,WR,2018,Demaryius Thomas,560,fuzzy,98.23529411764706,,6
Demariyus Thomas,WR,2012,Demaryius Thomas,560,fuzzy,96.66666666666666,,10
Demaryius Thomas,WR,2017,Demaryius Thomas,560,fuzzy,100.0,,15
Demaryius Thomas,WR,2013,Demaryius Thomas,560,fuzzy,100.0,,24
Denarious Moore,WR,2012,Denarius Moore,887,fuzzy,98.23529411764706,,2
Denarius Moore,WR,2013,Denarius Moore,887,fuzzy,100.0,,1
Dennis Pitta,TE,2014,Dennis Pitta,527,fuzzy,100.0,,1
Derek Carr,QB,2017,Derek Carr,2028,fuzzy,100.0,,6
Derick Henry,RB,2018,Derrick Henry,3198,fuzzy,97.6923076923077,,14
Derius Guice,RB,2019,Derrius Guice,4949,fuzzy,97.6923076923077,,9
Derrick Henry,RB,2020,Derrick Henry,3198,fuzzy,100.0,,49
Derrick Henry,RB,2019,Derrick Henry,3198,fuzzy,100.0,,10
Derrick Henry,RB,2017,Derrick Henry,3198,fuzzy,100.0,,2
Desean Jackson,WR,2018,DeSean Jackson,147,fuzzy,100.0,,1
Desean Jackson,WR,2012,DeSean Jackson,147,fuzzy,100.0,,6
Deshaun Watson,QB,2020,Deshaun Watson,4017,fuzzy,100.0,,6
Deshaun Watson,QB,2019,Deshaun Watson,4017,fuzzy,100.0,,16
Devante Adams,WR,2018,Davante Adams,2133,fuzzy,95.71428571428572,,46
Devin Singletary,RB,2020,Devin Singletary,6130,fuzzy,100.0,,8
Devin Singletary,RB,2019,Devin Singletary,6130,fuzzy,100.0,,1
Devonta Freeman,RB,2019,Devonta Freeman,2168,fuzzy,100.0,,29
Devonta Freeman,RB,2018,Devonta Freeman,2168,fuzzy,100.0,,47
Devonta Freeman,RB,2017,Devonta Freeman,2168,fuzzy,100.0,,68
Devonta Freeman,RB,2016,Devonta Freeman,2168,fuzzy,100.0,,41
Devonta Freeman,RB,2014,Devonta Freeman,2168,fuzzy,100.0,,1
Dez Bryant,WR,2017,Dez Bryant,574,fuzzy,100.0,,31
Dez Bryant,WR,2016,Dez Bryant,574,fuzzy,100.0,,38
Dez Bryant,WR,2013,Dez Bryant,574,fuzzy,100.0,,45
Dez Bryant,WR,2012,Dez Bryant,574,fuzzy,100.0,,26
Dion Lewis,RB,2019,Dion Lewis,788,fuzzy,100.0,,1
Dion Lewis,RB,2018,Dion Lewis,788,fuzzy,100.0,,5
Dion Lewis,RB,2017,Dion Lewis,788,fuzzy,100.0,,1
Diontae Johnson,WR,2020,Diontae Johnson,5937,fuzzy,100.0,,2
Donald Brown,RB,2014,Donald Brown,377,fuzzy,100.0,,1
Donald Brown,RB,2012,Donald Brown,377,fuzzy,100.0,,7
Donnell,TE,2015,Larry Donnell,1759,fuzzy,100.0,,1
Donte Moncrief,WR,2019,Donte Moncrief,1971,fuzzy,100.0,,1
Donte Moncrief,WR,2018,Donte Moncrief,1971,fuzzy,100.0,,1
Donte Moncrief,WR,2017,Donte Moncrief,1971,fuzzy,100.0,,1
Doug Baldwin,WR,2018,Doug Baldwin,988,fuzzy,100.0,,11
Doug Baldwin,WR,2017,Doug Baldwin,988,fuzzy,100.0,,20
Doug Martin,RB,2018,Doug Martin,1195,fuzzy,100.0,,1
Doug Martin,RB,2017,Doug Martin,1195,fuzzy,100.0,,4
Doug Martin,RB,2016,Doug Martin,1195,fuzzy,100.0,,31
Doug Martin,RB,2015,Doug Martin,1195,fuzzy,100.0,,6
Doug Martin,RB,2014,Doug Martin,1195,fuzzy,100.0,,48
Doug Martin,RB,2013,Doug Martin,1195,fuzzy,100.0,,54
Doug Martin,RB,2012,Doug Martin,1195,fuzzy,100.0,,2
Drew Brees,QB,2020,Drew Brees,289,fuzzy,100.0,,2
Drew Brees,QB,2019,Drew Brees,289,fuzzy,100.0,,1
Drew Brees,QB,2017,Drew Brees,289,fuzzy,100.0,,17
Drew Brees,QB,2016,Drew Brees,289,fuzzy,100.0,,9
Drew Brees,QB,2015,Drew Brees,289,fuzzy,100.0,,16
Drew Brees,QB,2013,Drew Brees,289,fuzzy,100.0,,41
Drew Brees,QB,2012,Drew Brees,289,fuzzy,100.0,,52
Duke Johnson,RB,2020,Duke Johnson,2382,fuzzy,100.0,,1
Duke Johnson,RB,2018,Duke Johnson,2382,fuzzy,100.0,,1
Duke Johnson,RB,2016,Duke Johnson,2382,fuzzy,100.0,,5
Duke Johnson,RB,2015,Duke Johnson,2382,fuzzy,100.0,,1
Duke Johnson Jr,RB,2019,Duke Johnson,2382,fuzzy,100.0,,7
Duke Johnson Jr.,RB,2017,Duke Johnson,2382,fuzzy,100.0,,1
Dwayne Bowe,WR,2014,Dwayne Bowe,286,fuzzy,100.0,,2
Dwayne Bowe,WR,2013,Dwayne Bowe,286,fuzzy,100.0,,11
Dwayne Bowe,WR,2012,Dwayne Bowe,286,fuzzy,100.0,,13
E Sanders,WR,2016,Emmanuel Sanders,538,fuzzy,97.0,,8
E. Manning,QB,2015,Eli Manning,188,fuzzy,97.0,,1
E. Royal,WR,2015,Eddie Royal,297,fuzzy,97.0,,1
EJ Manuel,QB,2013,E.J. Manuel,1349,fuzzy,100.0,,1
Eddie Lacy,RB,2017,Eddie Lacy,1527,fuzzy,100.0,,8
Eddie Lacy,RB,2014,Eddie Lacy,1527,fuzzy,100.0,,56
Eddie Lacy,RB,2013,Eddie Lacy,1527,fuzzy,100.0,,11
Edelman,WR,2018,Julian Edelman,344,fuzzy,100.0,,3
Edelman,WR,2016,Julian Edelman,344,fuzzy,100.0,,19
Eiffert,TE,2016,Tyler Eifert,1388,fuzzy,92.3076923076923,,2
Ekeler,RB,2018,Austin Ekeler,4663,fuzzy,100.0,,1
Eli Manning,QB,2017,Eli Manning,188,fuzzy,100.0,,1
Eli Manning,QB,2016,Eli Manning,188,fuzzy,100.0,,1
Eli Manning,QB,2013,Eli Manning,188,fuzzy,100.0,,1
Eli Manning,QB,2012,Eli Manning,188,fuzzy,100.0,,25
Elliot,RB,2016,Ezekiel Elliott,3164,fuzzy,92.3076923076923,,46
Emanuel Sanders,WR,2014,Emmanuel Sanders,538,fuzzy,98.0,,6
Emmanuel Sanders,WR,2020,Emmanuel Sanders,538,fuzzy,100.0,,2
Emmanuel Sanders,WR,2019,Emmanuel Sanders,538,fuzzy,100.0,,2
Emmanuel Sanders,WR,2017,Emmanuel Sanders,538,fuzzy,100.0,,3
Eric Decker,WR,2017,Eric Decker,558,fuzzy,100.0,,1
Eric Decker,WR,2014,Eric Decker,558,fuzzy,100.0,,5
Eric Decker,WR,2013,Eric Decker,558,fuzzy,100.0,,7
Eric Deker,WR,2012,Eric Decker,558,fuzzy,95.23809523809523,,6
Ertz,TE,2018,Zach Ertz,1339,fuzzy,100.0,,16
Ertz,TE,2015,Zach Ertz,1339,fuzzy,100.0,,3
Evan Engram,TE,2020,Evan Engram,4066,fuzzy,100.0,,4
Evan Engram,TE,2019,Evan Engram,4066,fuzzy,100.0,,10
Evan Engram,TE,2018,Evan Engram,4066,fuzzy,100.0,,4
Ezekiel Elliott,RB,2020,Ezekiel Elliott,3164,fuzzy,100.0,,71
Ezekiel Elliott,RB,2017,Ezekiel Elliott,3164,fuzzy,100.0,,54
Fitzgerald,WR,2016,Larry Fitzgerald,223,fuzzy,100.0,,3
Fleener,TE,2016,Coby Fleener,1107,fuzzy,100.0,,2
Forsett,RB,2016,Justin Forsett,458,fuzzy,100.0,,3
Fournette,RB,2019,Leonard Fournette,3969,fuzzy,100.0,,31
Fournette,RB,2018,Leonard Fournette,3969,fuzzy,100.0,,67
Frank Gore,RB,2017,Frank Gore,232,fuzzy,100.0,,5
Frank Gore,RB,2016,Frank Gore,232,fuzzy,100.0,,7
Frank Gore,RB,2015,Frank Gore,232,fuzzy,100.0,,22
Frank Gore,RB,2014,Frank Gore,232,fuzzy,100.0,,21
Frank Gore,RB,2013,Frank Gore,232,fuzzy,100.0,,31
Frank Gore,RB,2012,Frank Gore,232,fuzzy,100.0,,19
Fred Davis,TE,2012,Fred Davis,98,fuzzy,100.0,,1
Fred Jackson,RB,2014,Fred Jackson,228,fuzzy,100.0,,2
Fred Jackson,RB,2013,Fred Jackson,228,fuzzy,100.0,,2
Fred Jackson,RB,2012,Fred Jackson,228,fuzzy,100.0,,21
Gano,K,2016,Graham Gano,503,fuzzy,100.0,,1
Garcon,WR,2014,Pierre Garcon,269,fuzzy,100.0,,14
Garret Hartdley,K,2012,Garrett Hartley,11,fuzzy,93.83333333333333,,1
Garret Hartley,K,2013,Garrett Hartley,11,fuzzy,98.5,,1
Gates,TE,2016,Antonio Gates,322,fuzzy,100.0,,1
George Kittle,TE,2020,George Kittle,4217,fuzzy,100.0,,31
George Kittle,TE,2019,George Kittle,4217,fuzzy,100.0,,30
Ghostkowski,K,2013,Stephen Gostkowski,110,fuzzy,95.23809523809523,,1
Gio Bernard,RB,2016,Giovani Bernard,1386,fuzzy,98.5,,3
Gio Bernard,RB,2015,Giovani Bernard,1386,fuzzy,98.5,,5
Giovani Bernard,RB,2013,Giovani Bernard,1386,fuzzy,100.0,,18
Giovanni Bernard,RB,2017,Giovani Bernard,1386,fuzzy,98.0,,1
Golden Tate,WR,2020,Golden Tate,642,fuzzy,100.0,,1
Golden Tate,WR,2019,Golden Tate,642,fuzzy,100.0,,1
Golden Tate,WR,2018,Golden Tate,642,fuzzy,100.0,,1
Golden Tate,WR,2017,Golden Tate,642,fuzzy,100.0,,1
Golden Tate,WR,2016,Golden Tate,642,fuzzy,100.0,,11
Golden Tate,WR,2015,Golden Tate,642,fuzzy,100.0,,13
Golden Tate,WR,2014,Golden Tate,642,fuzzy,100.0,,3
Golden Tate,WR,2013,Golden Tate,642,fuzzy,100.0,,2
Golladay,WR,2019,Kenny Golladay,4131,fuzzy,100.0,,6
Gostkowski,K,2017,Stephen Gostkowski,110,fuzzy,100.0,,3
Gostkowski,K,2016,Stephen Gostkowski,110,fuzzy,100.0,,4
Gostkowski,K,2014,Stephen Gostkowski,110,fuzzy,100.0,,2
Gostowski,K,2018,Stephen Gostkowski,110,fuzzy,94.73684210526316,,3
Graham Gano,K,2018,Graham Gano,503,fuzzy,100.0,,1
Green-Beckham,WR,2016,Dorial Green-Beckham,2345,fuzzy,100.0,,1
Greg Jennings,WR,2014,Greg Jennings,264,fuzzy,100.0,,1
Greg Jennings,WR,2013,Greg Jennings,264,fuzzy,100.0,,5
Greg Jennings,WR,2012,Greg Jennings,264,fuzzy,100.0,,37
Greg Little,WR,2012,Greg Little,835,fuzzy,100.0,,1
Greg Olsen,TE,2020,Greg Olsen,58,fuzzy,100.0,,1
Greg Olsen,TE,2019,Greg Olsen,58,fuzzy,100.0,,1
Greg Olsen,TE,2017,Greg Olsen,58,fuzzy,100.0,,13
Greg Olsen,TE,2016,Greg Olsen,58,fuzzy,100.0,,14
Greg Olsen,TE,2015,Greg Olsen,58,fuzzy,100.0,,9
Greg Olsen,TE,2014,Greg Olsen,58,fuzzy,100.0,,1
Greg Olsen,TE,2013,Greg Olsen,58,fuzzy,100.0,,1
Greg Zuerlein,K,2020,Greg Zuerlein,1266,fuzzy,100.0,,2
Greg Zuerlein,K,2019,Greg Zuerlein,1266,fuzzy,100.0,,2
Gurley,RB,2018,Todd Gurley,2315,fuzzy,100.0,,78
Gurley,RB,2016,Todd Gurley,2315,fuzzy,100.0,,64
Hakeem Nicks,WR,2014,Hakeem Nicks,474,fuzzy,100.0,,1
Hakeem Nicks,WR,2013,Hakeem Nicks,474,fuzzy,100.0,,5
Hakeem Nicks,WR,2012,Hakeem Nicks,474,fuzzy,100.0,,29
Harrison Butker,K,2020,Harrison Butker,4227,fuzzy,100.0,,3
Harrison Butker,K,2019,Harrison Butker,4227,fuzzy,100.0,,2
Hauschka,K,2014,Stephen Hauschka,775,fuzzy,100.0,,1
Haushka,K,2016,Stephen Hauschka,775,fuzzy,93.33333333333333,,2
Haushka,K,2015,Stephen Hauschka,775,fuzzy,93.33333333333333,,2
Hayden Hurst,TE,2020,Hayden Hurst,4973,fuzzy,100.0,,1
Henry Ruggs III,WR,2020,Henry Ruggs,6789,fuzzy,100.0,,1
Hilton,WR,2016,T.Y. Hilton,1110,fuzzy,100.0,,17
Hopkins,WR,2018,DeAndre Hopkins,1426,fuzzy,100.0,,61
Hunter Henry,TE,2020,Hunter Henry,3214,fuzzy,100.0,,3
Hunter Henry,TE,2019,Hunter Henry,3214,fuzzy,100.0,,3
Hunter Henry,TE,2017,Hunter Henry,3214,fuzzy,100.0,,1
Hyde,RB,2015,Carlos Hyde,2257,fuzzy,100.0,,25
I. Crowell,RB,2016,Isaiah Crowell,1901,fuzzy,97.0,,1
Iasah Pead,RB,2013,Isaiah Pead,1206,fuzzy,85.71428571428572,,2
Isaiah Crowell,RB,2017,Isaiah Crowell,1901,fuzzy,100.0,,39
Ito Smith,RB,2019,Ito Smith,5004,fuzzy,100.0,,1
Ivory,RB,2016,Chris Ivory,717,fuzzy,100.0,,1
Ivory,RB,2015,Chris Ivory,717,fuzzy,100.0,,11
J Charles,RB,2016,Jamaal Charles,323,fuzzy,97.0,,38
J Crowder,WR,2019,Jamison Crowder,2410,fuzzy,97.0,,1
J. Edelman,WR,2015,Julian Edelman,344,fuzzy,97.0,,17
J. Maclin,WR,2015,Jeremy Maclin,411,fuzzy,97.0,,9
J.K. Dobbins,RB,2020,J.K. Dobbins,6806,fuzzy,100.0,,11
Jack Doyle,TE,2018,Jack Doyle,1706,fuzzy,100.0,,1
Jacob Tamme,TE,2012,Jacob Tamme,32,fuzzy,100.0,,5
Jacoby Jones,WR,2013,Jacoby Jones,203,fuzzy,100.0,,1
Jahvid Best,RB,2012,Jahvid Best,592,fuzzy,100.0,,6
Jake Eliot,K,2018,Jake Elliott,4195,fuzzy,90.9090909090909,,2
Jake Elliott,K,2020,Jake Elliott,4195,fuzzy,100.0,,1
Jake Elliott,K,2019,Jake Elliott,4195,fuzzy,100.0,,1
Jalen Reagor,WR,2020,Jalen Reagor,6798,fuzzy,100.0,,1
Jamaal Charles,RB,2017,Jamaal Charles,323,fuzzy,100.0,,1
Jamaal Charles,RB,2013,Jamaal Charles,323,fuzzy,100.0,,54
Jamaal Williams,RB,2018,Jamaal Williams,4149,fuzzy,100.0,,2
Jamaal Williams,RB,2017,Jamaal Williams,4149,fuzzy,100.0,,3
Jamal Charles,RB,2012,Jamaal Charles,323,fuzzy,97.27272727272727,,25
Jameis Winston,QB,2019,Jameis Winston,2306,fuzzy,100.0,,1
Jameis Winston,QB,2017,Jameis Winston,2306,fuzzy,100.0,,2
James Conner,RB,2020,James Conner,4137,fuzzy,100.0,,22
James Conner,RB,2019,James Conner,4137,fuzzy,100.0,,55
James Jones,WR,2014,James Jones,253,fuzzy,100.0,,1
James Jones,WR,2013,James Jones,253,fuzzy,100.0,,4
James Jones,WR,2012,James Jones,253,fuzzy,100.0,,1
James Stark,RB,2014,James Starks,762,fuzzy,95.65217391304348,,1
James Starks,RB,2016,James Starks,762,fuzzy,100.0,,2
James Starks,RB,2012,James Starks,762,fuzzy,100.0,,2
James White,RB,2020,James White,1848,fuzzy,100.0,,3
James White,RB,2019,James White,1848,fuzzy,100.0,,6
James White,RB,2018,James White,1848,fuzzy,100.0,,1
James White,RB,2017,James White,1848,fuzzy,100.0,,1
Jamison Crowder,WR,2020,Jamison Crowder,2410,fuzzy,100.0,,2
Jamison Crowder,WR,2018,Jamison Crowder,2410,fuzzy,100.0,,1
Jamison Crowder,WR,2017,Jamison Crowder,2410,fuzzy,100.0,,2
Jaquizz Rogers,RB,2017,Jacquizz Rodgers,949,fuzzy,93.33333333333333,,2
Jared Cook,TE,2020,Jared Cook,367,fuzzy,100.0,,1
Jared Cook,TE,2019,Jared Cook,367,fuzzy,100.0,,1
Jared Cook,TE,2016,Jared Cook,367,fuzzy,100.0,,1
Jared Cook,TE,2013,Jared Cook,367,fuzzy,100.0,,1
Jared Cook,TE,2012,Jared Cook,367,fuzzy,100.0,,1
Jarvis Landry,WR,2020,Jarvis Landry,1825,fuzzy,100.0,,8
Jarvis Landry,WR,2019,Jarvis Landry,1825,fuzzy,100.0,,2
Jarvis Landry,WR,2018,Jarvis Landry,1825,fuzzy,100.0,,9
Jarvis Landry,WR,2017,Jarvis Landry,1825,fuzzy,100.0,,4
Jarvis Landry,WR,2016,Jarvis Landry,1825,fuzzy,100.0,,14
Jason Witten,TE,2014,Jason Witten,23,fuzzy,100.0,,4
Jason Witten,TE,2013,Jason Witten,23,fuzzy,100.0,,7
Jason Witten,TE,2012,Jason Witten,23,fuzzy,100.0,,7
Jay Ajayi,RB,2018,Jay Ajayi,2452,fuzzy,100.0,,13
Jay Ajayi,RB,2017,Jay Ajayi,2452,fuzzy,100.0,,46
Jay Cutler,QB,2014,Jay Cutler,416,fuzzy,100.0,,1
Jay Cutler,QB,2013,Jay Cutler,416,fuzzy,100.0,,1
Jay Cutler,QB,2012,Jay Cutler,416,fuzzy,100.0,,1
Jaylen Samuels,RB,2019,Jaylen Samuels,5107,fuzzy,100.0,,3
Jeff Janis,WR,2015,Jeff Janis,2140,fuzzy,100.0,,3
Jefferey,WR,2015,Alshon Jeffery,1149,fuzzy,93.33333333333333,,38
Jeffery,WR,2016,Alshon Jeffery,1149,fuzzy,100.0,,31
Jeremy Hill,RB,2018,Jeremy Hill,1892,fuzzy,100.0,,1
Jeremy Hill,RB,2017,Jeremy Hill,1892,fuzzy,100.0,,1
Jeremy Hill,RB,2016,Jeremy Hill,1892,fuzzy,100.0,,14
Jeremy Hill,RB,2015,Jeremy Hill,1892,fuzzy,100.0,,47
Jeremy Hill,RB,2014,Jeremy Hill,1892,fuzzy,100.0,,3
Jeremy Maclin,WR,2017,Jeremy Maclin,411,fuzzy,100.0,,1
Jeremy Maclin,WR,2014,Jeremy Maclin,411,fuzzy,100.0,,4
Jeremy Maclin,WR,2012,Jeremy Maclin,411,fuzzy,100.0,,13
Jermaine Kearse,WR,2017,Jermaine Kearse,1290,fuzzy,100.0,,1
Jerome Simpson,WR,2012,Jerome Simpson,321,fuzzy,100.0,,1
Jerry Jeudy,WR,2020,Jerry Jeudy,6783,fuzzy,100.0,,1
Jimmy Graham,TE,2017,Jimmy Graham,616,fuzzy,100.0,,11
Jimmy Graham,TE,2015,Jimmy Graham,616,fuzzy,100.0,,22
Jimmy Graham,TE,2014,Jimmy Graham,616,fuzzy,100.0,,49
Jimmy Graham,TE,2013,Jimmy Graham,616,fuzzy,100.0,,34
Jimmy Graham,TE,2012,Jimmy Graham,616,fuzzy,100.0,,39
Jizz Rodgers,RB,2013,Jacquizz Rodgers,949,fuzzy,85.71428571428572,,2
Joe Burrow,QB,2020,Joe Burrow,6770,fuzzy,100.0,,1
Joe Mixon,RB,2020,Joe Mixon,4018,fuzzy,100.0,,41
Joe Mixon,RB,2019,Joe Mixon,4018,fuzzy,100.0,,33
Joe Mixon,RB,2017,Joe Mixon,4018,fuzzy,100.0,,13
John Brown,WR,2020,John Brown,2238,fuzzy,100.0,,1
John Brown,WR,2017,John Brown,2238,fuzzy,100.0,,1
John Brown,WR,2016,John Brown,2238,fuzzy,100.0,,5
John Brown,WR,2015,John Brown,2238,fuzzy,100.0,,5
John Ross,WR,2018,John Ross,4038,fuzzy,100.0,,1
Joique Bell,RB,2015,Joique Bell,736,fuzzy,100.0,,11
Joique Bell,RB,2014,Joique Bell,736,fuzzy,100.0,,13
Jonas Grey,RB,2015,Jonas Gray,1698,fuzzy,90.0,,1
Jonathan Stewart,RB,2017,Jonathan Stewart,218,fuzzy,100.0,,2
Jonathan Stewart,RB,2012,Jonathan Stewart,218,fuzzy,100.0,,3
Jonathan Taylor,RB,2020,Jonathan Taylor,6813,fuzzy,100.0,,33
Jordan Cameron,TE,2015,Jordan Cameron,833,fuzzy,100.0,,1
Jordan Cameron,TE,2014,Jordan Cameron,833,fuzzy,100.0,,4
Jordan Cameron,TE,2013,Jordan Cameron,833,fuzzy,100.0,,3
Jordan Howard,RB,2019,Jordan Howard,3306,fuzzy,100.0,,3
Jordan Howard,RB,2018,Jordan Howard,3306,fuzzy,100.0,,35
Jordan Howard,RB,2017,Jordan Howard,3306,fuzzy,100.0,,60
Jordan Reed,TE,2016,Jordan Reed,1500,fuzzy,100.0,,24
Jordan Reed,TE,2014,Jordan Reed,1500,fuzzy,100.0,,7
Jordan Wilkins,RB,2018,Jordan Wilkins,5100,fuzzy,100.0,,1
Jordy Nelson,WR,2017,Jordy Nelson,175,fuzzy,100.0,,48
Jordy Nelson,WR,2016,Jordy Nelson,175,fuzzy,100.0,,46
Jordy Nelson,WR,2013,Jordy Nelson,175,fuzzy,100.0,,3
Jordy Nelson,WR,2012,Jordy Nelson,175,fuzzy,100.0,,13
Joseph Randle,RB,2015,Joseph Randle,1487,fuzzy,100.0,,18
Josh Allen,QB,2020,Josh Allen,4984,fuzzy,100.0,,2
Josh Doctson,WR,2018,Josh Doctson,3178,fuzzy,100.0,,1
Josh Gordon,WR,2019,Josh Gordon,1244,fuzzy,100.0,,16
Josh Gordon,WR,2018,Josh Gordon,1244,fuzzy,100.0,,24
Josh Gordon,WR,2016,Josh Gordon,1244,fuzzy,100.0,,17
Josh Gordon,WR,2013,Josh Gordon,1244,fuzzy,100.0,,1
Josh Jacobs,RB,2020,Josh Jacobs,5850,fuzzy,100.0,,43
Josh Jacobs,RB,2019,Josh Jacobs,5850,fuzzy,100.0,,18
JuJu Smith-Schuster,WR,2020,JuJu Smith-Schuster,4040,fuzzy,100.0,,24
Julian Edelman,WR,2020,Julian Edelman,344,fuzzy,100.0,,5
Julian Edelman,WR,2019,Julian Edelman,344,fuzzy,100.0,,11
Julian Edelman,WR,2013,Julian Edelman,344,fuzzy,100.0,,1
Julio Jones,WR,2020,Julio Jones,947,fuzzy,100.0,,41
Julio Jones,WR,2019,Julio Jones,947,fuzzy,100.0,,46
Julio Jones,WR,2018,Julio Jones,947,fuzzy,100.0,,50
Julio Jones,WR,2017,Julio Jones,947,fuzzy,100.0,,60
Julio Jones,WR,2016,Julio Jones,947,fuzzy,100.0,,58
Julio Jones,WR,2015,Julio Jones,947,fuzzy,100.0,,52
Julio Jones,WR,2014,Julio Jones,947,fuzzy,100.0,,39
Julio Jones,WR,2013,Julio Jones,947,fuzzy,100.0,,27
Julio Jones,WR,2012,Julio Jones,947,fuzzy,100.0,,15
Julius Thomas,TE,2014,Julius Thomas,874,fuzzy,100.0,,25
Justice Hill,RB,2019,Justice Hill,5995,fuzzy,100.0,,1
Justin Blackmon,WR,2013,Justin Blackmon,1114,fuzzy,100.0,,2
Justin Blackmon,WR,2012,Justin Blackmon,1114,fuzzy,100.0,,5
Justin Hunter,WR,2014,Justin Hunter,1418,fuzzy,100.0,,1
Justin Jackson,RB,2020,Justin Jackson,5131,fuzzy,100.0,,1
Justin Jackson,RB,2019,Justin Jackson,5131,fuzzy,100.0,,3
Justin Jefferson,WR,2020,Justin Jefferson,6794,fuzzy,100.0,,1
Justin Tucker,K,2020,Justin Tucker,1264,fuzzy,100.0,,3
Justin Tucker,K,2019,Justin Tucker,1264,fuzzy,100.0,,3
Justin Tucker,K,2018,Justin Tucker,1264,fuzzy,100.0,,2
Justin Tucker,K,2017,Justin Tucker,1264,fuzzy,100.0,,2
Justin Tucker,K,2015,Justin Tucker,1264,fuzzy,100.0,,2
Justin Tucker,K,2014,Justin Tucker,1264,fuzzy,100.0,,2
Justin Tucker,K,2013,Justin Tucker,1264,fuzzy,100.0,,1
Kai'mi Fairbairn,K,2019,Ka'imi Fairbairn,3451,fuzzy,100.0,,1
Kalen Ballage,RB,2019,Kalen Ballage,4994,fuzzy,100.0,,1
Kamara,RB,2018,Alvin Kamara,4035,fuzzy,100.0,,61
Kareem Hunt,RB,2019,Kareem Hunt,4098,fuzzy,100.0,,2
Kareem Hunt,RB,2018,Kareem Hunt,4098,fuzzy,100.0,,66
Kareem Hunt,RB,2017,Kareem Hunt,4098,fuzzy,100.0,,30
Ke'Shawn Vaughn,RB,2020,Ke'Shawn Vaughn,6885,fuzzy,100.0,,1
Keelan Cole,WR,2018,Keelan Cole,4622,fuzzy,100.0,,1
Keenan Allen,WR,2020,Keenan Allen,1479,fuzzy,100.0,,12
Keenan Allen,WR,2019,Keenan Allen,1479,fuzzy,100.0,,31
Keenan Allen,WR,2018,Keenan Allen,1479,fuzzy,100.0,,48
Keenan Allen,WR,2017,Keenan Allen,1479,fuzzy,100.0,,7
Keenan Allen,WR,2016,Keenan Allen,1479,fuzzy,100.0,,28
Keenan Allen,WR,2015,Keenan Allen,1479,fuzzy,100.0,,10
Keenan Allen,WR,2014,Keenan Allen,1479,fuzzy,100.0,,18
Kelce,TE,2018,Travis Kelce,1466,fuzzy,100.0,,22
Kelce,TE,2016,Travis Kelce,1466,fuzzy,100.0,,6
Kelvin Benjamin,WR,2018,Kelvin Benjamin,2182,fuzzy,100.0,,1
Kelvin Benjamin,WR,2017,Kelvin Benjamin,2182,fuzzy,100.0,,18
Kelvin Benjamin,WR,2016,Kelvin Benjamin,2182,fuzzy,100.0,,6
Kenbrell Thompkins,WR,2014,Kenbrell Thompkins,1655,fuzzy,100.0,,1
Kenbrell Thompkins,WR,2013,Kenbrell Thompkins,1655,fuzzy,100.0,,1
Kendal Wright,WR,2015,Kendall Wright,1097,fuzzy,98.5,,2
Kendall Wright,WR,2014,Kendall Wright,1097,fuzzy,100.0,,1
Kenny Britt,WR,2017,Kenny Britt,366,fuzzy,100.0,,1
Kenny Britt,WR,2016,Kenny Britt,366,fuzzy,100.0,,1
Kenny Britt,WR,2015,Kenny Britt,366,fuzzy,100.0,,1
Kenny Britt,WR,2013,Kenny Britt,366,fuzzy,100.0,,3
Kenny Britt,WR,2012,Kenny Britt,366,fuzzy,100.0,,12
Kenny Golladay,WR,2020,Kenny Golladay,4131,fuzzy,100.0,,32
Kenny Golladay,WR,2018,Kenny Golladay,4131,fuzzy,100.0,,1
Kenny Stills,WR,2018,Kenny Stills,1555,fuzzy,100.0,,3
Kenyan Drake,RB,2020,Kenyan Drake,3242,fuzzy,100.0,,46
Kenyan Drake,RB,2019,Kenyan Drake,3242,fuzzy,100.0,,4
Kenyan Drake,RB,2018,Kenyan Drake,3242,fuzzy,100.0,,20
Kerryon Johnson,RB,2020,Kerryon Johnson,5068,fuzzy,100.0,,1
Kerryon Johnson,RB,2019,Kerryon Johnson,5068,fuzzy,100.0,,36
Kerryon Johnson,RB,2018,Kerryon Johnson,5068,fuzzy,100.0,,4
Kerwynn Williams,RB,2017,Kerwynn Williams,1441,fuzzy,100.0,,1
Kevin White,WR,2017,Kevin White,2312,fuzzy,100.0,,1
Kevin White,WR,2016,Kevin White,2312,fuzzy,100.0,,3
Khyri Robinson,RB,2014,Khiry Robinson,1720,fuzzy,85.71428571428572,,1
Kirk Cousins,QB,2017,Kirk Cousins,1166,fuzzy,100.0,,3
Kirk Cousins,QB,2016,Kirk Cousins,1166,fuzzy,100.0,,2
Knile Davis,RB,2015,Knile Davis,1463,fuzzy,100.0,,2
Knile Davis,RB,2014,Knile Davis,1463,fuzzy,100.0,,1
Knowshon Moreno,RB,2014,Knowshon Moreno,387,fuzzy,100.0,,1
Kyle Rudolph,TE,2019,Kyle Rudolph,943,fuzzy,100.0,,1
Kyle Rudolph,TE,2017,Kyle Rudolph,943,fuzzy,100.0,,1
Kyle Rudolph,TE,2013,Kyle Rudolph,943,fuzzy,100.0,,3
Kyler Murray,QB,2020,Kyler Murray,5849,fuzzy,100.0,,6
Kyler Murray,QB,2019,Kyler Murray,5849,fuzzy,100.0,,4
L Blount,RB,2016,LeGarrette Blount,730,fuzzy,97.0,,1
LaFell,WR,2015,Brandon LaFell,613,fuzzy,100.0,,2
Lacy,RB,2016,Eddie Lacy,1527,fuzzy,100.0,,37
Lacy,RB,2015,Eddie Lacy,1527,fuzzy,100.0,,60
Lamar Jackson,QB,2020,Lamar Jackson,4881,fuzzy,100.0,,25
Lamar Jackson,QB,2019,Lamar Jackson,4881,fuzzy,100.0,,2
Lamar Miller,RB,2020,Lamar Miller,1048,fuzzy,100.0,,1
Lamar Miller,RB,2018,Lamar Miller,1048,fuzzy,100.0,,19
Lamar Miller,RB,2017,Lamar Miller,1048,fuzzy,100.0,,32
Lamar Miller,RB,2016,Lamar Miller,1048,fuzzy,100.0,,55
Lamar Miller,RB,2015,Lamar Miller,1048,fuzzy,100.0,,34
Lamar Miller,RB,2014,Lamar Miller,1048,fuzzy,100.0,,5
Lamar Miller,RB,2013,Lamar Miller,1048,fuzzy,100.0,,14
Lance Moore,WR,2013,Lance Moore,270,fuzzy,100.0,,2
Lance Moore,WR,2012,Lance Moore,270,fuzzy,100.0,,1
Landry,WR,2015,Jarvis Landry,1825,fuzzy,100.0,,11
Langford,RB,2016,Jeremy Langford,2411,fuzzy,100.0,,22
Larry FItzgerald,WR,2013,Larry Fitzgerald,223,fuzzy,100.0,,27
Larry Fitzgerald,WR,2018,Larry Fitzgerald,223,fuzzy,100.0,,17
Larry Fitzgerald,WR,2017,Larry Fitzgerald,223,fuzzy,100.0,,5
Larry Fitzgerald,WR,2012,Larry Fitzgerald,223,fuzzy,100.0,,46
Latavias Murray,RB,2016,Latavius Murray,1476,fuzzy,96.25,,18
Latavius Murray,RB,2020,Latavius Murray,1476,fuzzy,100.0,,2
Latavius Murray,RB,2018,Latavius Murray,1476,fuzzy,100.0,,1
Latavius Murray,RB,2017,Latavius Murray,1476,fuzzy,100.0,,1
Le'Veon Bell,RB,2020,Le'Veon Bell,1408,fuzzy,100.0,,15
Le'Veon Bell,RB,2019,Le'Veon Bell,1408,fuzzy,100.0,,53
Le'Veon Bell,RB,2016,Le'Veon Bell,1408,fuzzy,100.0,,65
Le'Veon Bell,RB,2014,Le'Veon Bell,1408,fuzzy,100.0,,41
Le'Veon Bell,RB,2013,Le'Veon Bell,1408,fuzzy,100.0,,10
LeGarette Blount,RB,2017,LeGarrette Blount,730,fuzzy,98.42105263157895,,2
LeSean McCoy,RB,2016,LeSean McCoy,676,fuzzy,100.0,,44
LeVeon Bell,RB,2017,Le'Veon Bell,1408,fuzzy,100.0,,71
Ledarius Greene,TE,2014,Ladarius Green,1139,fuzzy,89.88636363636363,,1
Legarrette Blount,RB,2018,LeGarrette Blount,730,fuzzy,100.0,,1
Leonard Fournette,RB,2020,Leonard Fournette,3969,fuzzy,100.0,,23
Leonard Fournette,RB,2017,Leonard Fournette,3969,fuzzy,100.0,,44
Lesean McCoy,RB,2013,LeSean McCoy,676,fuzzy,100.0,,48
Lesean Mccoy,RB,2012,LeSean McCoy,676,fuzzy,100.0,,56
Leveon Bell,RB,2018,Le'Veon Bell,1408,fuzzy,100.0,,69
Luck,QB,2018,Andrew Luck,1111,fuzzy,100.0,,5
Luck,QB,2016,Andrew Luck,1111,fuzzy,100.0,,9
Luck,QB,2015,Andrew Luck,1111,fuzzy,100.0,,27
Lynch,RB,2015,Marshawn Lynch,745,fuzzy,100.0,,62
M Crabtree,WR,2016,Michael Crabtree,455,fuzzy,97.0,,3
M. Bennett,TE,2016,Martellus Bennett,40,fuzzy,97.0,,1
M. Bennett,TE,2015,Martellus Bennett,40,fuzzy,97.0,,2
M. Bryant,WR,2015,Martavis Bryant,1916,fuzzy,97.0,,5
M. Sanu,WR,2015,Mohamed Sanu,1071,fuzzy,97.0,,1
M. Wheaton,WR,2015,Markus Wheaton,1413,fuzzy,97.0,,1
Maclin,WR,2016,Jeremy Maclin,411,fuzzy,100.0,,7
Mahomes,QB,2018,Patrick Mahomes,4046,fuzzy,100.0,,1
Malcolm Brown,RB,2019,Malcolm Brown,2588,fuzzy,100.0,,1
Malcolm Floyd,WR,2013,Malcom Floyd,316,fuzzy,97.6923076923077,,1
Malcolm Floyd,WR,2012,Malcom Floyd,316,fuzzy,97.6923076923077,,1
Marcus Mariota,QB,2017,Marcus Mariota,2307,fuzzy,100.0,,1
Marguise Goodwin,WR,2018,Marquise Goodwin,1346,fuzzy,96.25,,6
Mario Manningham,WR,2012,Mario Manningham,68,fuzzy,100.0,,1
Mariotta,QB,2015,Marcus Mariota,2307,fuzzy,93.33333333333333,,1
Mark Andrews,TE,2020,Mark Andrews,5012,fuzzy,100.0,,10
Mark Ingram,RB,2019,Mark Ingram,956,fuzzy,100.0,,15
Mark Ingram,RB,2018,Mark Ingram,956,fuzzy,100.0,,11
Mark Ingram,RB,2017,Mark Ingram,956,fuzzy,100.0,,21
Mark Ingram,RB,2016,Mark Ingram,956,fuzzy,100.0,,36
Mark Ingram,RB,2015,Mark Ingram,956,fuzzy,100.0,,30
Mark Ingram,RB,2014,Mark Ingram,956,fuzzy,100.0,,1
Mark Ingram,RB,2013,Mark Ingram,956,fuzzy,100.0,,1
Mark Ingram,RB,2012,Mark Ingram,956,fuzzy,100.0,,1
Mark Ingram II,RB,2020,Mark Ingram,956,fuzzy,100.0,,12
Markus Wheaton,WR,2014,Markus Wheaton,1413,fuzzy,100.0,,1
Marlon Mack,RB,2020,Marlon Mack,4152,fuzzy,100.0,,2
Marlon Mack,RB,2018,Marlon Mack,4152,fuzzy,100.0,,1
Marques Colston,WR,2013,Marques Colston,201,fuzzy,100.0,,12
Marques Colston,WR,2012,Marques Colston,201,fuzzy,100.0,,8
Marquise Brown,WR,2020,Marquise Brown,5848,fuzzy,100.0,,5
Marshawn Lynch,RB,2018,Marshawn Lynch,745,fuzzy,100.0,,6
Marshawn Lynch,RB,2017,Marshawn Lynch,745,fuzzy,100.0,,31
Marshawn Lynch,RB,2014,Marshawn Lynch,745,fuzzy,100.0,,55
Marshawn Lynch,RB,2013,Marshawn Lynch,745,fuzzy,100.0,,58
Marshawn Lynch,RB,2012,Marshawn Lynch,745,fuzzy,100.0,,32
Martavis Bryant,WR,2017,Martavis Bryant,1916,fuzzy,100.0,,7
Martellus Bennett,TE,2014,Martellus Bennett,40,fuzzy,100.0,,1
Martellus Bennett,TE,2013,Martellus Bennett,40,fuzzy,100.0,,1
Marvin Jones,WR,2019,Marvin Jones,1067,fuzzy,100.0,,1
Marvin Jones,WR,2018,Marvin Jones,1067,fuzzy,100.0,,5
Marvin Jones,WR,2017,Marvin Jones,1067,fuzzy,100.0,,3
Marvin Jones,WR,2016,Marvin Jones,1067,fuzzy,100.0,,6
Marvin Jones Jr.,WR,2020,Marvin Jones,1067,fuzzy,100.0,,4
Mason Crosby,K,2019,Mason Crosby,59,fuzzy,100.0,,1
Mason Crosby,K,2016,Mason Crosby,59,fuzzy,100.0,,2
Mason Crosby,K,2014,Mason Crosby,59,fuzzy,100.0,,1
Mason Crosby,K,2012,Mason Crosby,59,fuzzy,100.0,,1
Matt Breida,RB,2020,Matt Breida,4455,fuzzy,100.0,,1
Matt Breida,RB,2019,Matt Breida,4455,fuzzy,100.0,,3
Matt Bryant,K,2018,Matt Bryant,127,fuzzy,100.0,,1
Matt Bryant,K,2017,Matt Bryant,127,fuzzy,100.0,,2
Matt Bryant,K,2015,Matt Bryant,127,fuzzy,100.0,,1
Matt Bryant,K,2013,Matt Bryant,127,fuzzy,100.0,,1
Matt Flynn,QB,2012,Matt Flynn,144,fuzzy,100.0,,3
Matt Forte,RB,2017,Matt Forte,103,fuzzy,100.0,,1
Matt Forte,RB,2016,Matt Forte,103,fuzzy,100.0,,26
Matt Forte,RB,2015,Matt Forte,103,fuzzy,100.0,,52
Matt Forte,RB,2014,Matt Forte,103,fuzzy,100.0,,57
Matt Forte,RB,2013,Matt Forte,103,fuzzy,100.0,,40
Matt Forte,RB,2012,Matt Forte,103,fuzzy,100.0,,40
Matt Gay,K,2020,Matt Gay,6083,fuzzy,100.0,,2
Matt Jones,RB,2016,Matt Jones,2400,fuzzy,100.0,,7
Matt Prater,K,2020,Matt Prater,17,fuzzy,100.0,,1
Matt Prater,K,2019,Matt Prater,17,fuzzy,100.0,,1
Matt Prater,K,2018,Matt Prater,17,fuzzy,100.0,,1
Matt Prater,K,2017,Matt Prater,17,fuzzy,100.0,,1
Matt Prater,K,2015,Matt Prater,17,fuzzy,100.0,,1
Matt Prater,K,2013,Matt Prater,17,fuzzy,100.0,,1
Matt Prater,K,2012,Matt Prater,17,fuzzy,100.0,,12
Matt Ryan,QB,2020,Matt Ryan,24,fuzzy,100.0,,2
Matt Ryan,QB,2019,Matt Ryan,24,fuzzy,100.0,,9
Matt Ryan,QB,2018,Matt Ryan,24,fuzzy,100.0,,1
Matt Ryan,QB,2017,Matt Ryan,24,fuzzy,100.0,,9
Matt Ryan,QB,2015,Matt Ryan,24,fuzzy,100.0,,2
Matt Ryan,QB,2014,Matt Ryan,24,fuzzy,100.0,,2
Matt Ryan,QB,2013,Matt Ryan,24,fuzzy,100.0,,6
Matt Ryan,QB,2012,Matt Ryan,24,fuzzy,100.0,,3
Matt Stafford,QB,2013,Matthew Stafford,421,fuzzy,98.5,,2
Matt Stafford,QB,2012,Matthew Stafford,421,fuzzy,98.5,,48
Matthew Stafford,QB,2020,Matthew Stafford,421,fuzzy,100.0,,1
Maurice Jones-Drew,RB,2013,Maurice Jones-Drew,293,fuzzy,100.0,,34
McKinnon,RB,2016,Jerick McKinnon,2161,fuzzy,100.0,,2
McKinnon,RB,2015,Jerick McKinnon,2161,fuzzy,100.0,,1
Mccafrey,RB,2018,Christian McCaffrey,4034,fuzzy,94.11764705882352,,46
Mccoy,RB,2018,LeSean McCoy,676,fuzzy,100.0,,25
Mckinnon,RB,2018,Jerick McKinnon,2161,fuzzy,100.0,,19
Mecole Hardman,WR,2020,Mecole Hardman,5917,fuzzy,100.0,,1
Melvin Gordon,RB,2019,Melvin Gordon,2320,fuzzy,100.0,,25
Melvin Gordon,RB,2018,Melvin Gordon,2320,fuzzy,100.0,,59
Melvin Gordon,RB,2017,Melvin Gordon,2320,fuzzy,100.0,,69
Melvin Gordon,RB,2016,Melvin Gordon,2320,fuzzy,100.0,,5
Melvin Gordon,RB,2015,Melvin Gordon,2320,fuzzy,100.0,,20
Melvin Gordon III,RB,2020,Melvin Gordon,2320,fuzzy,100.0,,23
Michael Crabtree,WR,2017,Michael Crabtree,455,fuzzy,100.0,,9
Michael Crabtree,WR,2012,Michael Crabtree,455,fuzzy,100.0,,3
Michael Floyd,WR,2014,Michael Floyd,1219,fuzzy,100.0,,7
Michael Gallup,WR,2020,Michael Gallup,5038,fuzzy,100.0,,5
Michael Gallup,WR,2019,Michael Gallup,5038,fuzzy,100.0,,1
Michael Thomas,WR,2020,Michael Thomas,3199,fuzzy,100.0,,46
Michael Thomas,WR,2019,Michael Thomas,3199,fuzzy,100.0,,55
Michael Thomas,WR,2018,Michael Thomas,3199,fuzzy,100.0,,50
Michael Thomas,WR,2017,Michael Thomas,3199,fuzzy,100.0,,40
Michael Vick,QB,2013,Michael Vick,461,fuzzy,100.0,,6
Michael Vick,QB,2012,Michael Vick,461,fuzzy,100.0,,31
Mike Davis,RB,2019,Mike Davis,2431,fuzzy,100.0,,1
Mike Evans,WR,2020,Mike Evans,2216,fuzzy,100.0,,29
Mike Evans,WR,2019,Mike Evans,2216,fuzzy,100.0,,41
Mike Evans,WR,2018,Mike Evans,2216,fuzzy,100.0,,28
Mike Evans,WR,2017,Mike Evans,2216,fuzzy,100.0,,57
Mike Evans,WR,2016,Mike Evans,2216,fuzzy,100.0,,30
Mike Evans,WR,2015,Mike Evans,2216,fuzzy,100.0,,30
Mike Evans,WR,2014,Mike Evans,2216,fuzzy,100.0,,1
Mike Gesicki,TE,2020,Mike Gesicki,4993,fuzzy,100.0,,1
Mike Gillislee,RB,2017,Mike Gillislee,1353,fuzzy,100.0,,10
Mike Wallace,WR,2017,Mike Wallace,365,fuzzy,100.0,,1
Mike Wallace,WR,2016,Mike Wallace,365,fuzzy,100.0,,1
Mike Wallace,WR,2015,Mike Wallace,365,fuzzy,100.0,,4
Mike Wallace,WR,2014,Mike Wallace,365,fuzzy,100.0,,2
Mike Wallace,WR,2013,Mike Wallace,365,fuzzy,100.0,,12
Mike Wallace,WR,2012,Mike Wallace,365,fuzzy,100.0,,20
Mike Williams,WR,2013,Mike Williams,748,fuzzy,100.0,,1
Mike Williams,WR,2012,Mike Williams,748,fuzzy,100.0,,1
Miles Austin,WR,2013,Miles Austin,122,fuzzy,100.0,,3
Miles Austin,WR,2012,Miles Austin,122,fuzzy,100.0,,18
Miles Sanders,RB,2020,Miles Sanders,6151,fuzzy,100.0,,45
Miles Sanders,RB,2019,Miles Sanders,6151,fuzzy,100.0,,5
Mitch Trubisky,QB,2019,Mitchell Trubisky,3976,fuzzy,98.5,,1
Mitch Trubisky,QB,2018,Mitchell Trubisky,3976,fuzzy,98.5,,1
Mixon,RB,2018,Joe Mixon,4018,fuzzy,100.0,,20
Mohammed Sanu,WR,2016,Mohamed Sanu,1071,fuzzy,98.0,,1
Moncrief,WR,2016,Donte Moncrief,1971,fuzzy,100.0,,9
Moncrief,WR,2015,Donte Moncrief,1971,fuzzy,100.0,,1
Montee Ball,RB,2014,Montee Ball,1454,fuzzy,100.0,,34
Montee Ball,RB,2013,Montee Ball,1454,fuzzy,100.0,,20
Nate Washington,WR,2012,Nate Washington,370,fuzzy,100.0,,1
Nelson Agholor,WR,2018,Nelson Agholor,2325,fuzzy,100.0,,1
Nick Chubb,RB,2020,Nick Chubb,4988,fuzzy,100.0,,48
Nick Chubb,RB,2019,Nick Chubb,4988,fuzzy,100.0,,51
Nick Chubb,RB,2018,Nick Chubb,4988,fuzzy,100.0,,1
Nick Foles,QB,2014,Nick Foles,1029,fuzzy,100.0,,6
Nick Folk,K,2014,Nick Folk,650,fuzzy,100.0,,1
Nick Novak,K,2014,Nick Novak,168,fuzzy,100.0,,1
Njoku,TE,2018,David Njoku,4033,fuzzy,100.0,,2
Noah Fant,TE,2020,Noah Fant,5857,fuzzy,100.0,,1
Odell Beckham,WR,2018,Odell Beckham,2078,fuzzy,100.0,,52
Odell Beckham Jr.,WR,2020,Odell Beckham,2078,fuzzy,100.0,,21
P Perkins,RB,2016,Paul Perkins,3211,fuzzy,97.0,,1
P. Harvin,WR,2015,Percy Harvin,429,fuzzy,97.0,,2
Parris Campbell,WR,2020,Parris Campbell,5880,fuzzy,100.0,,1
Pat Mahomes,QB,2019,Patrick Mahomes,4046,fuzzy,98.5,,36
Patrick Mahomes,QB,2020,Patrick Mahomes,4046,fuzzy,100.0,,24
Paul Perkins,RB,2017,Paul Perkins,3211,fuzzy,100.0,,2
Percy Harvin,WR,2014,Percy Harvin,429,fuzzy,100.0,,19
Percy Harvin,WR,2013,Percy Harvin,429,fuzzy,100.0,,1
Percy Harvin,WR,2012,Percy Harvin,429,fuzzy,100.0,,7
Peyton Barber,RB,2019,Peyton Barber,3594,fuzzy,100.0,,2
Peyton Barber,RB,2018,Peyton Barber,3594,fuzzy,100.0,,2
Peyton Hillis,RB,2012,Peyton Hillis,660,fuzzy,100.0,,1
Peyton Manning,QB,2015,Peyton Manning,294,fuzzy,100.0,,15
Peyton Manning,QB,2014,Peyton Manning,294,fuzzy,100.0,,46
Peyton Manning,QB,2013,Peyton Manning,294,fuzzy,100.0,,27
Peyton Manning,QB,2012,Peyton Manning,294,fuzzy,100.0,,14
Phil Dawson,K,2017,Phil Dawson,229,fuzzy,100.0,,1
Phil Dawson,K,2014,Phil Dawson,229,fuzzy,100.0,,1
Phil Dawson,K,2013,Phil Dawson,229,fuzzy,100.0,,1
Phil Rivers,QB,2017,Philip Rivers,331,fuzzy,98.5,,1
Phillip Lindsay,RB,2020,Phillip Lindsay,5170,fuzzy,100.0,,4
Phillip Lindsay,RB,2019,Phillip Lindsay,5170,fuzzy,100.0,,11
Phillip Rivers,QB,2016,Philip Rivers,331,fuzzy,97.6923076923077,,1
Phillip Rivers,QB,2014,Philip Rivers,331,fuzzy,97.6923076923077,,1
Phillip Rivers,QB,2012,Philip Rivers,331,fuzzy,97.6923076923077,,10
Pierre Garcon,WR,2018,Pierre Garcon,269,fuzzy,100.0,,3
Pierre Garcon,WR,2017,Pierre Garcon,269,fuzzy,100.0,,2
Pierre Garcon,WR,2013,Pierre Garcon,269,fuzzy,100.0,,4
Pierre Garcon,WR,2012,Pierre Garcon,269,fuzzy,100.0,,1
Preston Williams,WR,2020,Preston Williams,6148,fuzzy,100.0,,1
R. Hillman,RB,2015,Ronnie Hillman,1123,fuzzy,97.0,,1
R. Jennings,RB,2015,Rashad Jennings,380,fuzzy,97.0,,5
R. Matthews,RB,2015,Ryan Mathews,571,fuzzy,92.33333333333333,,2
R. White,WR,2015,Roddy White,4,fuzzy,97.0,,3
Raheem Mostert,RB,2020,Raheem Mostert,2749,fuzzy,100.0,,10
Randall Cobb,WR,2018,Randall Cobb,928,fuzzy,100.0,,1
Randall Cobb,WR,2017,Randall Cobb,928,fuzzy,100.0,,1
Randall Cobb,WR,2016,Randall Cobb,928,fuzzy,100.0,,19
Randall Cobb,WR,2014,Randall Cobb,928,fuzzy,100.0,,26
Randall Cobb,WR,2013,Randall Cobb,928,fuzzy,100.0,,25
Rashaad Penny,RB,2019,Rashaad Penny,4985,fuzzy,100.0,,1
Rashaad Penny,RB,2018,Rashaad Penny,4985,fuzzy,100.0,,1
Rashad Jennings,RB,2016,Rashad Jennings,380,fuzzy,100.0,,2
Rashad Jennings,RB,2014,Rashad Jennings,380,fuzzy,100.0,,6
Rashard Mendenhall,RB,2013,Rashard Mendenhall,145,fuzzy,100.0,,4
Rashard Mendenhall,RB,2012,Rashard Mendenhall,145,fuzzy,100.0,,2
Rawls,RB,2016,Thomas Rawls,2585,fuzzy,100.0,,28
Ray Rice,RB,2014,Ray Rice,16,fuzzy,100.0,,10
Ray Rice,RB,2013,Ray Rice,16,fuzzy,100.0,,54
Ray Rice,RB,2012,Ray Rice,16,fuzzy,100.0,,66
Reed,TE,2018,Jordan Reed,1500,fuzzy,100.0,,1
Reggie Bush,RB,2015,Reggie Bush,179,fuzzy,100.0,,2
Reggie Bush,RB,2013,Reggie Bush,179,fuzzy,100.0,,27
Reggie Bush,RB,2012,Reggie Bush,179,fuzzy,100.0,,14
Reggie Wayne,WR,2014,Reggie Wayne,194,fuzzy,100.0,,3
Reggie Wayne,WR,2013,Reggie Wayne,194,fuzzy,100.0,,8
Reggie Wayne,WR,2012,Reggie Wayne,194,fuzzy,100.0,,2
Rob Gronkowski,TE,2020,Rob Gronkowski,515,fuzzy,100.0,,2
Rob Gronkowski,TE,2012,Rob Gronkowski,515,fuzzy,100.0,,37
Rob Kelly,RB,2018,Rob Kelley,3657,fuzzy,94.73684210526316,,1
Robbie Gould,K,2020,Robbie Gould,49,fuzzy,100.0,,1
Robbie Gould,K,2019,Robbie Gould,49,fuzzy,100.0,,1
Robbie Gould,K,2012,Robbie Gould,49,fuzzy,100.0,,1
Robert Griffin III,QB,2013,Robert Griffin,1169,fuzzy,100.0,,23
Robert Meacham,WR,2012,Robert Meachem,230,fuzzy,92.85714285714286,,1
Robert Woods,WR,2020,Robert Woods,1352,fuzzy,100.0,,17
Robert Woods,WR,2019,Robert Woods,1352,fuzzy,100.0,,9
Robert Woods,WR,2018,Robert Woods,1352,fuzzy,100.0,,1
Roddy White,WR,2014,Roddy White,4,fuzzy,100.0,,13
Roddy White,WR,2013,Roddy White,4,fuzzy,100.0,,25
Roddy White,WR,2012,Roddy White,4,fuzzy,100.0,,38
Roethlisberger,QB,2018,Ben Roethlisberger,138,fuzzy,100.0,,1
Ronnie Hillman,RB,2014,Ronnie Hillman,1123,fuzzy,100.0,,1
Ronnie Hillman,RB,2013,Ronnie Hillman,1123,fuzzy,100.0,,5
Roy Helu,RB,2013,Roy Helu,915,fuzzy,100.0,,1
Roy Helu,RB,2012,Roy Helu,915,fuzzy,100.0,,9
Royce Freeman,RB,2019,Royce Freeman,5046,fuzzy,100.0,,2
Royce Freeman,RB,2018,Royce Freeman,5046,fuzzy,100.0,,21
Ruben Randel,WR,2012,Rueben Randle,1164,fuzzy,88.0,,1
Rudolph,TE,2018,Kyle Rudolph,943,fuzzy,100.0,,2
Rueben Randle,WR,2014,Rueben Randle,1164,fuzzy,100.0,,3
Rueben Randle,WR,2013,Rueben Randle,1164,fuzzy,100.0,,1
Russel Wilson,QB,2015,Russell Wilson,1234,fuzzy,98.5,,17
Russel Wilson,QB,2013,Russell Wilson,1234,fuzzy,98.5,,4
Russell Wilson,QB,2020,Russell Wilson,1234,fuzzy,100.0,,6
Russell Wilson,QB,2019,Russell Wilson,1234,fuzzy,100.0,,2
Russell Wilson,QB,2018,Russell Wilson,1234,fuzzy,100.0,,11
Russell Wilson,QB,2017,Russell Wilson,1234,fuzzy,100.0,,7
Russell Wilson,QB,2016,Russell Wilson,1234,fuzzy,100.0,,11
Russell Wilson,QB,2014,Russell Wilson,1234,fuzzy,100.0,,2
Ryan Broyles,WR,2013,Ryan Broyles,1154,fuzzy,100.0,,2
Ryan Mathews,RB,2014,Ryan Mathews,571,fuzzy,100.0,,14
Ryan Mathews,RB,2013,Ryan Mathews,571,fuzzy,100.0,,12
Ryan Mathews,RB,2012,Ryan Mathews,571,fuzzy,100.0,,47
Ryan Matthews,RB,2016,Ryan Mathews,571,fuzzy,96.0,,15
Ryan Tannehill,QB,2014,Ryan Tannehill,1049,fuzzy,100.0,,1
Ryan Williams,RB,2012,Ryan Williams,974,fuzzy,100.0,,3
S Diggs,WR,2016,Stefon Diggs,2449,fuzzy,97.0,,1
S Shepard,WR,2016,Sterling Shepard,3200,fuzzy,97.0,,2
S Smith,WR,2016,Steve Smith,169,fuzzy,97.0,,5
S Ware,RB,2016,Spencer Ware,1601,fuzzy,97.0,,1
Sam Bradford,QB,2015,Sam Bradford,621,fuzzy,100.0,,1
Samaje Perin,RB,2017,Samaje Perine,4147,fuzzy,96.0,,1
Sammy Watkins,WR,2020,Sammy Watkins,1817,fuzzy,100.0,,1
Sammy Watkins,WR,2019,Sammy Watkins,1817,fuzzy,100.0,,1
Sammy Watkins,WR,2018,Sammy Watkins,1817,fuzzy,100.0,,2
Sammy Watkins,WR,2017,Sammy Watkins,1817,fuzzy,100.0,,7
Sammy Watkins,WR,2015,Sammy Watkins,1817,fuzzy,100.0,,11
Sammy Watkins,WR,2014,Sammy Watkins,1817,fuzzy,100.0,,2
Santana Moss,WR,2012,Santana Moss,69,fuzzy,100.0,,1
Santonio Holmes,WR,2012,Santonio Holmes,651,fuzzy,100.0,,2
Saquon Barkley,RB,2020,Saquon Barkley,4866,fuzzy,100.0,,69
Saquon Barkley,RB,2019,Saquon Barkley,4866,fuzzy,100.0,,74
Shane Vereen,RB,2014,Shane Vereen,814,fuzzy,100.0,,16
Shane Vereen,RB,2013,Shane Vereen,814,fuzzy,100.0,,4
Shane Vereen,RB,2012,Shane Vereen,814,fuzzy,100.0,,1
Shanne Vereen,RB,2015,Shane Vereen,814,fuzzy,97.27272727272727,,3
Shonne Greene,RB,2014,Shonn Greene,348,fuzzy,98.5,,1
Shonne Greene,RB,2012,Shonn Greene,348,fuzzy,98.5,,9
Sidney Rice,WR,2013,Sidney Rice,14,fuzzy,100.0,,2
Sidney Rice,WR,2012,Sidney Rice,14,fuzzy,100.0,,1
Sony Michel,RB,2020,Sony Michel,4962,fuzzy,100.0,,1
Sony Michel,RB,2019,Sony Michel,4962,fuzzy,100.0,,16
Sony Michel,RB,2018,Sony Michel,4962,fuzzy,100.0,,1
Stafford,QB,2018,Matthew Stafford,421,fuzzy,100.0,,1
Stafford,QB,2015,Matthew Stafford,421,fuzzy,100.0,,4
Stafford,QB,2014,Matthew Stafford,421,fuzzy,100.0,,9
Stefon Diggs,WR,2020,Stefon Diggs,2449,fuzzy,100.0,,5
Stefon Diggs,WR,2019,Stefon Diggs,2449,fuzzy,100.0,,9
Stefon Diggs,WR,2017,Stefon Diggs,2449,fuzzy,100.0,,2
Stephen Gostkowski,K,2015,Stephen Gostkowski,110,fuzzy,100.0,,2
Sterling Shepard,WR,2020,Sterling Shepard,3200,fuzzy,100.0,,1
Sterling Shepard,WR,2019,Sterling Shepard,3200,fuzzy,100.0,,4
Sterling Shepard,WR,2018,Sterling Shepard,3200,fuzzy,100.0,,1
Sterling Shephard,WR,2017,Sterling Shepard,3200,fuzzy,96.96969696969697,,1
Stevan Ridley,RB,2014,Stevan Ridley,811,fuzzy,100.0,,3
Stevan Ridley,RB,2013,Stevan Ridley,811,fuzzy,100.0,,43
Steve Johnson,WR,2013,Steve Johnson,108,fuzzy,100.0,,1
Steve Smith,WR,2015,Steve Smith,169,fuzzy,100.0,,1
Steve Smith,WR,2014,Steve Smith,169,fuzzy,100.0,,1
Steve Smith,WR,2013,Steve Smith,169,fuzzy,100.0,,7
Steve Smith,WR,2012,Steve Smith,169,fuzzy,100.0,,15
Steven Jackson,RB,2013,Steven Jackson,57,fuzzy,100.0,,46
Steven Jackson,RB,2012,Steven Jackson,57,fuzzy,100.0,,32
Steven Ridley,RB,2012,Stevan Ridley,811,fuzzy,95.0,,2
Stevie Johnson,WR,2012,Steve Johnson,108,fuzzy,97.27272727272727,,5
T Austin,WR,2016,Tavon Austin,1567,fuzzy,97.0,,1
T Benjaimin,WR,2016,Travis Benjamin,1077,fuzzy,92.88235294117646,,2
T Lockett,WR,2016,Tyler Lockett,2374,fuzzy,97.0,,1
T Riddick,RB,2016,Theo Riddick,1517,fuzzy,97.0,,1
T Sharpe,WR,2016,Tajae Sharpe,3297,fuzzy,97.0,,1
T. Coleman,RB,2015,Tevin Coleman,2378,fuzzy,97.0,,4
T. Eiffert,TE,2015,Tyler Eifert,1388,fuzzy,91.61538461538461,,1
T.J. Hockenson,TE,2020,T.J. Hockenson,5844,fuzzy,100.0,,1
T.Y. Hilton,WR,2020,T.Y. Hilton,1110,fuzzy,100.0,,14
T.Y. Hilton,WR,2013,T.Y. Hilton,1110,fuzzy,100.0,,3
TJ Hockenson,TE,2019,T.J. Hockenson,5844,fuzzy,100.0,,1
TY Hilton,WR,2019,T.Y. Hilton,1110,fuzzy,100.0,,12
TY Hilton,WR,2017,T.Y. Hilton,1110,fuzzy,100.0,,25
TY Hilton,WR,2015,T.Y. Hilton,1110,fuzzy,100.0,,39
TY Hilton,WR,2014,T.Y. Hilton,1110,fuzzy,100.0,,6
Tarik Cohen,RB,2020,Tarik Cohen,4157,fuzzy,100.0,,1
Tarik Cohen,RB,2019,Tarik Cohen,4157,fuzzy,100.0,,2
Tarik Cohen,RB,2018,Tarik Cohen,4157,fuzzy,100.0,,7
Tavon Austin,WR,2013,Tavon Austin,1567,fuzzy,100.0,,7
Taylor Gabriel,WR,2017,Taylor Gabriel,1903,fuzzy,100.0,,1
Ted Ginn Jr.,WR,2017,Ted Ginn,695,fuzzy,100.0,,2
Terrance West,RB,2017,Terrance West,1912,fuzzy,100.0,,2
Terrelle Pryor Sr.,WR,2017,Terrelle Pryor,1020,fuzzy,100.0,,30
Terrence Williams,WR,2014,Terrance Williams,1490,fuzzy,96.25,,1
Terry McLaurin,WR,2020,Terry McLaurin,5927,fuzzy,100.0,,11
Tevin Coleman,RB,2020,Tevin Coleman,2378,fuzzy,100.0,,1
Tevin Coleman,RB,2019,Tevin Coleman,2378,fuzzy,100.0,,13
Tevin Coleman,RB,2018,Tevin Coleman,2378,fuzzy,100.0,,7
Tevin Coleman,RB,2017,Tevin Coleman,2378,fuzzy,100.0,,6
Theo Riddick,RB,2017,Theo Riddick,1517,fuzzy,100.0,,2
Thomas Rawls,RB,2017,Thomas Rawls,2585,fuzzy,100.0,,5
Toby Gerhart,RB,2014,Toby Gerhart,604,fuzzy,100.0,,13
Toby Gerhart,RB,2013,Toby Gerhart,604,fuzzy,100.0,,1
Toby Gerhart,RB,2012,Toby Gerhart,604,fuzzy,100.0,,3
Todd Gurley,RB,2019,Todd Gurley,2315,fuzzy,100.0,,54
Todd Gurley,RB,2017,Todd Gurley,2315,fuzzy,100.0,,44
Todd Gurley,RB,2015,Todd Gurley,2315,fuzzy,100.0,,14
Todd Gurley II,RB,2020,Todd Gurley,2315,fuzzy,100.0,,14
Tom Brady,QB,2020,Tom Brady,167,fuzzy,100.0,,5
Tom Brady,QB,2019,Tom Brady,167,fuzzy,100.0,,1
Tom Brady,QB,2017,Tom Brady,167,fuzzy,100.0,,16
Tom Brady,QB,2016,Tom Brady,167,fuzzy,100.0,,5
Tom Brady,QB,2014,Tom Brady,167,fuzzy,100.0,,5
Tom Brady,QB,2013,Tom Brady,167,fuzzy,100.0,,22
Tom Brady,QB,2012,Tom Brady,167,fuzzy,100.0,,55
Tony Pollard,RB,2020,Tony Pollard,5967,fuzzy,100.0,,3
Tony Pollard,RB,2019,Tony Pollard,5967,fuzzy,100.0,,7
Tony Romo,QB,2015,Tony Romo,142,fuzzy,100.0,,4
Tony Romo,QB,2014,Tony Romo,142,fuzzy,100.0,,11
Tony Romo,QB,2013,Tony Romo,142,fuzzy,100.0,,5
Tony Romo,QB,2012,Tony Romo,142,fuzzy,100.0,,25
Torrey Smith,WR,2016,Torrey Smith,826,fuzzy,100.0,,4
Torrey Smith,WR,2015,Torrey Smith,826,fuzzy,100.0,,3
Torrey Smith,WR,2014,Torrey Smith,826,fuzzy,100.0,,13
Torrey Smith,WR,2013,Torrey Smith,826,fuzzy,100.0,,4
Torrey Smith,WR,2012,Torrey Smith,826,fuzzy,100.0,,12
Travis Kelce,TE,2020,Travis Kelce,1466,fuzzy,100.0,,35
Travis Kelce,TE,2019,Travis Kelce,1466,fuzzy,100.0,,42
Travis Kelce,TE,2017,Travis Kelce,1466,fuzzy,100.0,,12
Travis Kelce,TE,2015,Travis Kelce,1466,fuzzy,100.0,,12
Trayvon Austin,WR,2014,Tavon Austin,1567,fuzzy,95.0,,1
Tre Mason,RB,2015,Tre Mason,2231,fuzzy,100.0,,2
Tre Mason,RB,2014,Tre Mason,2231,fuzzy,100.0,,1
Trent Richardson,RB,2013,Trent Richardson,1082,fuzzy,100.0,,50
Trent Richardson,RB,2012,Trent Richardson,1082,fuzzy,100.0,,23
Trey Burton,TE,2018,Trey Burton,1793,fuzzy,100.0,,1
Tua Tagovailoa,QB,2020,Tua Tagovailoa,6768,fuzzy,100.0,,1
Ty Hilton,WR,2018,T.Y. Hilton,1110,fuzzy,100.0,,21
Ty Montgomery,RB,2018,Ty Montgomery,2399,fuzzy,100.0,,4
Ty Montgomery,RB,2017,Ty Montgomery,2399,fuzzy,100.0,,9
Tyler Boyd,WR,2020,Tyler Boyd,3225,fuzzy,100.0,,4
Tyler Boyd,WR,2019,Tyler Boyd,3225,fuzzy,100.0,,4
Tyler Eifert,TE,2018,Tyler Eifert,1388,fuzzy,100.0,,1
Tyler Eifert,TE,2017,Tyler Eifert,1388,fuzzy,100.0,,5
Tyler Higbee,TE,2020,Tyler Higbee,3271,fuzzy,100.0,,2
Tyler Lockett,WR,2020,Tyler Lockett,2374,fuzzy,100.0,,14
Tyler Lockett,WR,2019,Tyler Lockett,2374,fuzzy,100.0,,4
Tyler Lockett,WR,2018,Tyler Lockett,2374,fuzzy,100.0,,1
Tyreek Hill,WR,2020,Tyreek Hill,3321,fuzzy,100.0,,53
Tyreek Hill,WR,2019,Tyreek Hill,3321,fuzzy,100.0,,51
Tyreek Hill,WR,2018,Tyreek Hill,3321,fuzzy,100.0,,21
Tyreek Hill,WR,2017,Tyreek Hill,3321,fuzzy,100.0,,6
Tyrell Williams,WR,2017,Tyrell Williams,2583,fuzzy,100.0,,1
Vance McDonald,TE,2019,Vance McDonald,1587,fuzzy,100.0,,2
Vernon Davis,TE,2013,Vernon Davis,200,fuzzy,100.0,,4
Vernon Davis,TE,2012,Vernon Davis,200,fuzzy,100.0,,15
Vick Ballard,RB,2013,Vick Ballard,1106,fuzzy,100.0,,4
Victor Cruz,WR,2014,Victor Cruz,719,fuzzy,100.0,,10
Victor Cruz,WR,2013,Victor Cruz,719,fuzzy,100.0,,24
Victor Cruz,WR,2012,Victor Cruz,719,fuzzy,100.0,,21
Vincent Brown,WR,2013,Vincent Brown,891,fuzzy,100.0,,1
Vincent Brown,WR,2012,Vincent Brown,891,fuzzy,100.0,,1
Vincent Jackson,WR,2013,Vincent Jackson,128,fuzzy,100.0,,25
Vincent Jackson,WR,2012,Vincent Jackson,128,fuzzy,100.0,,7
Walker,TE,2016,Delanie Walker,284,fuzzy,100.0,,7
Watkins,WR,2016,Sammy Watkins,1817,fuzzy,100.0,,39
Wayne Gallman,RB,2019,Wayne Gallman,4150,fuzzy,100.0,,1
Wes Welker,WR,2014,Wes Welker,177,fuzzy,100.0,,6
Wes Welker,WR,2013,Wes Welker,177,fuzzy,100.0,,24
Wes Welker,WR,2012,Wes Welker,177,fuzzy,100.0,,23
Wil Lutz,K,2020,Wil Lutz,3678,fuzzy,100.0,,2
Will Fuller V,WR,2020,William Fuller,3157,fuzzy,98.5,,6
Will Fuller V,WR,2019,William Fuller,3157,fuzzy,98.5,,3
Will Lutz,K,2019,Wil Lutz,3678,fuzzy,98.5,,2
Will Lutz,K,2017,Wil Lutz,3678,fuzzy,98.5,,1
Willie Snead,WR,2017,Willie Snead,1911,fuzzy,100.0,,1
Willis Mcgahaee,RB,2012,Willis McGahee,300,fuzzy,96.55172413793103,,15
Willy Snead,WR,2016,Willie Snead,1911,fuzzy,86.95652173913044,,1
Witten,TE,2015,Jason Witten,23,fuzzy,100.0,,4
Woodhead,RB,2016,Danny Woodhead,735,fuzzy,100.0,,6
Woodhead,RB,2014,Danny Woodhead,735,fuzzy,100.0,,1
Yeldon,RB,2016,T.J. Yeldon,2341,fuzzy,100.0,,3
Yeldon,RB,2015,T.J. Yeldon,2341,fuzzy,100.0,,11
Younghoe Koo,K,2020,Younghoe Koo,4666,fuzzy,100.0,,1
Younghoe Koo,K,2017,Younghoe Koo,4666,fuzzy,100.0,,1
Zac Stacy,RB,2014,Zac Stacy,1573,fuzzy,100.0,,36
Zach Ertz,TE,2020,Zach Ertz,1339,fuzzy,100.0,,6
Zach Ertz,TE,2019,Zach Ertz,1339,fuzzy,100.0,,22
Zach Ertz,TE,2014,Zach Ertz,1339,fuzzy,100.0,,5
Zach Sudfield,TE,2013,Zach Sudfeld,1654,fuzzy,96.0,,3
Zack Ertz,TE,2017,Zach Ertz,1339,fuzzy,88.88888888888889,,1
Zack Moss,RB,2020,Zack Moss,6845,fuzzy,100.0,,2
Zane Gonzalez,K,2020,Zane Gonzalez,4233,fuzzy,100.0,,1
Zay Jones,WR,2017,Zay Jones,4080,fuzzy,100.0,,1
C Johnson,WR,2016,Charles Johnson,1530,fuzzy+age,97.0,ambiguous: Charles Johnson (1989); Calvin Johnson (1985),1
David Johnson,RB,2020,David Johnson,2391,fuzzy+age,100.0,ambiguous: David Johnson (1991); David Johnson (1987),19
David Johnson,RB,2019,David Johnson,2391,fuzzy+age,100.0,ambiguous: David Johnson (1991); David Johnson (1987),62
David Johnson,RB,2018,David Johnson,2391,fuzzy+age,100.0,ambiguous: David Johnson (1991); David Johnson (1987),80
David Johnson,RB,2017,David Johnson,2391,fuzzy+age,100.0,ambiguous: David Johnson (1991); David Johnson (1987),83
David Johnson,RB,2016,David Johnson,2391,fuzzy+age,100.0,ambiguous: David Johnson (1991); David Johnson (1987),60
David Johnson,RB,2015,David Johnson,2391,fuzzy+age,100.0,ambiguous: David Johnson (1991); David Johnson (1987),1
Nelson,WR,2018,J.J. Nelson,2462,fuzzy+age,100.0,ambiguous: J.J. Nelson (1992); David Nelson (1986); Jordy Nelson (1985),1
M Floyd,WR,2016,Michael Floyd,1219,fuzzy+age,97.0,ambiguous: Michael Floyd (1989); Malcom Floyd (1981),2
M. Floyd,WR,2015,Michael Floyd,1219,fuzzy+age,97.0,ambiguous: Michael Floyd (1989); Malcom Floyd (1981),1
Mike Williams,WR,2020,Mike Williams,4068,fuzzy+age,100.0,ambiguous: Mike Williams (1994); Mike Williams (1987),1
Ronald Jones,RB,2019,Ronald Jones,5052,fuzzy+age,100.0,ambiguous: Ronald Jones (1997); Ronald Jones (1997),1
Ronald Jones II,RB,2020,Ronald Jones,5052,fuzzy+age,100.0,ambiguous: Ronald Jones (1997); Ronald Jones (1997),15
Ronald Jones Ii,RB,2018,Ronald Jones,5052,fuzzy+age,100.0,ambiguous: Ronald Jones (1997); Ronald Jones (1997),1
Brandon Myers,WR,2013,Brandon Myers,397,fuzzy+posmismatch,100.0,,1
Cordarelle Patterson,WR,2018,Cordarrelle Patterson,1535,fuzzy+posmismatch,98.57142857142857,,1
Cordarelle Patterson,WR,2013,Cordarrelle Patterson,1535,fuzzy+posmismatch,98.57142857142857,,1
D. Cobb,WR,2015,David Cobb,2441,fuzzy+posmismatch,97.0,,1
Daniel Thomas,WR,2012,Daniel Thomas,806,fuzzy+posmismatch,100.0,,2
Devin Funchess,WR,2018,Devin Funchess,2346,fuzzy+posmismatch,100.0,,2
Funchess,WR,2016,Devin Funchess,2346,fuzzy+posmismatch,100.0,,1
James Washington,RB,2019,James Washington,5024,fuzzy+posmismatch,100.0,,1
Jordan Howard,WR,2020,Jordan Howard,3306,fuzzy+posmismatch,100.0,,4
Jordan Matthews,WR,2017,Jordan Matthews,1800,fuzzy+posmismatch,100.0,,1
Jordan Matthews,WR,2016,Jordan Matthews,1800,fuzzy+posmismatch,100.0,,10
Kareem Hunt,TE,2020,Kareem Hunt,4098,fuzzy+posmismatch,100.0,,5
Kelvin Benjamin,RB,2014,Kelvin Benjamin,2182,fuzzy+posmismatch,100.0,,1
Kevin Smith,RB,2012,Kevin Smith,2295,fuzzy+posmismatch,100.0,,2
Marlon Mack,WR,2019,Marlon Mack,4152,fuzzy+posmismatch,100.0,,9
Pierre Thomas,WR,2014,Pierre Thomas,34,fuzzy+posmismatch,100.0,,4
Pierre Thomas,WR,2013,Pierre Thomas,34,fuzzy+posmismatch,100.0,,1
Pierre Thomas,WR,2012,Pierre Thomas,34,fuzzy+posmismatch,100.0,,3
Tim Tebow,QB,2012,Tim Tebow,559,fuzzy+posmismatch,100.0,,1
Tyler Ervin,WR,2016,Tyler Ervin,3280,fuzzy+posmismatch,100.0,,1
Tyler Gaffney,WR,2016,Tyler Gaffney,2189,fuzzy+posmismatch,100.0,,1
Abdullah,RB,2016,Ameer Abdullah,2359,fuzzy+rank,100.0,ambiguous: Ameer Abdullah; Khalid Abdullah,2
Cooks,WR,2018,Brandin Cooks,2197,fuzzy+rank,100.0,ambiguous: Brandin Cooks; Elijah Cooks,15
D Washington,RB,2016,DeAndre Washington,3300,fuzzy+rank,97.0,ambiguous: DeAndre Washington; Dwayne Washington,1
D Thomas,WR,2016,Demaryius Thomas,560,fuzzy+rank,97.0,ambiguous: Demaryius Thomas; De'Anthony Thomas,23
D. Thomas,WR,2015,Demaryius Thomas,560,fuzzy+rank,97.0,ambiguous: Demaryius Thomas; De'Anthony Thomas,41
J Graham,TE,2016,Jimmy Graham,616,fuzzy+rank,97.0,ambiguous: Jimmy Graham; Jaeden Graham,1
Mike Willams,WR,2019,Mike Williams,4068,fuzzy+rank,96.0,ambiguous: Mike Williams; Mike Williams,4
Rivers,QB,2015,Philip Rivers,331,fuzzy+rank,100.0,ambiguous: Philip Rivers; Roland Rivers,1
Fuller V,WR,2018,William Fuller,3157,fuzzy+rank,100.0,ambiguous: William Fuller; Aaron Fuller; Devin Fuller; Corey Fuller,5
AB,WR,2019,Antonio Brown,536,override,100.0,,35
AP,RB,2019,Adrian Peterson,184,override,100.0,,1
AP,RB,2016,Adrian Peterson,184,override,100.0,,68
ARob$,WR,2019,Allen Robinson,1992,override,100.0,,2
Abdullah,RB,2015,Ameer Abdullah,2359,override,100.0,,5
Alshon,WR,2018,Alshon Jeffery,1149,override,100.0,,3
Art is Pain,RB,2015,Cameron Artis-Payne,2477,override,100.0,,1
Awshawn Jeffery,WR,2012,Alshon Jeffery,1149,override,100.0,,1
Bell,RB,2015,Le'Veon Bell,1408,override,100.0,,55
Big Ben,QB,2019,Ben Roethlisberger,138,override,100.0,,1
Big Ben,QB,2016,Ben Roethlisberger,138,override,100.0,,11
Big Ben,QB,2015,Ben Roethlisberger,138,override,100.0,,7
C Santos,K,2016,Cairo Santos,2020,override,100.0,,1
CJ2K,RB,2014,Chris Johnson,272,override,100.0,,8
CMC,RB,2019,Christian McCaffrey,4034,override,100.0,,63
Christine,RB,2016,Christine Michael,1596,override,100.0,,4
Cook,RB,2018,Dalvin Cook,4029,override,100.0,,55
Cooper,WR,2016,Amari Cooper,2309,override,100.0,,30
D. Jax,WR,2015,DeSean Jackson,147,override,100.0,,7
D. Willy,RB,2015,DeAngelo Williams,306,override,100.0,,4
DJax,WR,2014,DeSean Jackson,147,override,100.0,,9
DMC,RB,2014,Darren McFadden,326,override,100.0,,1
Delanie Card,TE,2015,Delanie Walker,284,override,100.0,,2
Demariyus,WR,2014,Demaryius Thomas,560,override,100.0,,45
Dez,WR,2014,Dez Bryant,574,override,100.0,,50
Diggs,WR,2018,Stefon Diggs,2449,override,100.0,,20
Edelswag,WR,2014,Julian Edelman,344,override,100.0,,4
Erin Dobson,WR,2013,Aaron Dobson,1365,override,100.0,,1
F. Jax,RB,2015,Fred Jackson,228,override,100.0,,1
Fat Rob,RB,2017,Rob Kelley,3657,override,100.0,,4
Fitzy,WR,2014,Larry Fitzgerald,223,override,100.0,,25
Forest,RB,2015,Justin Forsett,458,override,100.0,,30
Gio,RB,2014,Giovani Bernard,1386,override,100.0,,36
Gost,K,2019,Stephen Gostkowski,110,override,100.0,,2
Graham,TE,2018,Jimmy Graham,616,override,100.0,,5
Green Julius,TE,2015,Julius Thomas,874,override,100.0,,5
Greg Zurloins,K,2018,Greg Zuerlein,1266,override,100.0,,3
Gronk,TE,2018,Rob Gronkowski,515,override,100.0,,35
Gronk,TE,2017,Rob Gronkowski,515,override,100.0,,34
Gronk,TE,2016,Rob Gronkowski,515,override,100.0,,39
Gronk,TE,2015,Rob Gronkowski,515,override,100.0,,43
Gronk,TE,2014,Rob Gronkowski,515,override,100.0,,30
Gronk,TE,2013,Rob Gronkowski,515,override,100.0,,26
Hard R,WR,2014,Riley Cooper,582,override,100.0,,2
Hogan,WR,2018,Chris Hogan,1329,override,100.0,,23
JOHNNY FOOTBALL,QB,2014,Johnny Manziel,1907,override,100.0,,1
Jimmy Charles,RB,2015,Jamaal Charles,323,override,100.0,,60
Jimmy Charles,RB,2014,Jamaal Charles,323,override,100.0,,65
Jimmy G,QB,2018,Jimmy Garoppolo,1837,override,100.0,,1
Jojen,TE,2017,Jordan Reed,1500,override,100.0,,12
Jordy,WR,2014,Jordy Nelson,175,override,100.0,,29
JuJu,WR,2019,JuJu Smith-Schuster,4040,override,100.0,,54
Juju,WR,2018,JuJu Smith-Schuster,4040,override,100.0,,4
Kaep,QB,2014,Colin Kaepernick,980,override,100.0,,6
Killa CAM,QB,2015,Cam Newton,954,override,100.0,,7
L. Fitz,WR,2015,Larry Fitzgerald,223,override,100.0,,2
Lactate Murray,RB,2015,Latavius Murray,1476,override,100.0,,21
Laguerette Blount,RB,2012,LeGarrette Blount,730,override,100.0,,2
Larry Fitz,WR,2019,Larry Fitzgerald,223,override,100.0,,1
Latavius,RB,2019,Latavius Murray,1476,override,100.0,,3
Law Firm,RB,2012,BenJarvus Green-Ellis,5820,override,100.0,,18
Lawfirm,RB,2013,BenJarvus Green-Ellis,5820,override,100.0,,4
Legatron,K,2013,Greg Zuerlein,1266,override,100.0,,1
Lutz,K,2018,Wil Lutz,3678,override,100.0,,1
MJD,RB,2014,Maurice Jones-Drew,293,override,100.0,,4
MJD,RB,2012,Maurice Jones-Drew,293,override,100.0,,46
MVS,WR,2019,Marquez Valdes-Scantling,5086,override,100.0,,1
Marteless Bennet,TE,2012,Martellus Bennett,40,override,100.0,,1
Mcmannus,K,2015,Brandon McManus,1433,override,100.0,,1
Megatron,WR,2014,Calvin Johnson,240,override,100.0,,54
Murray,RB,2015,DeMarco Murray,904,override,100.0,,40
Nuk Hopkins,WR,2019,DeAndre Hopkins,1426,override,100.0,,56
ODB,WR,2019,Odell Beckham,2078,override,100.0,,50
ODB,WR,2017,Odell Beckham,2078,override,100.0,,60
ODB,WR,2016,Odell Beckham,2078,override,100.0,,59
ODB,WR,2015,Odell Beckham,2078,override,100.0,,42
OJ,TE,2019,O.J. Howard,4055,override,100.0,,5
Olson,TE,2018,Greg Olsen,58,override,100.0,,7
P Dawson,K,2016,Phil Dawson,229,override,100.0,,1
Parker,WR,2016,DeVante Parker,2319,override,100.0,,3
Parkey,K,2015,Cody Parkey,1974,override,100.0,,1
Pats Kicker,K,2012,Stephen Gostkowski,110,override,100.0,,2
Quads Barkley,RB,2018,Saquon Barkley,4866,override,100.0,,62
RG 3,QB,2012,Robert Griffin,1169,override,100.0,,3
RG3,QB,2014,Robert Griffin,1169,override,100.0,,2
Randy Cobb,WR,2015,Randall Cobb,928,override,100.0,,39
Reggie,RB,2014,Reggie Bush,179,override,100.0,,34
Robby Anderson,WR,2020,Robbie Chosen,3423,override,100.0,,1
Robby Anderson,WR,2019,Robbie Chosen,3423,override,100.0,,2
Robby Anderson,WR,2018,Robbie Chosen,3423,override,100.0,,1
Run DMC,RB,2015,Darren McFadden,326,override,100.0,,8
SJax,RB,2014,Steven Jackson,57,override,100.0,,9
Sanders,WR,2018,Emmanuel Sanders,538,override,100.0,,7
Sanders,WR,2015,Emmanuel Sanders,538,override,100.0,,29
SeaBass,K,2012,Sebastian Janikowski,118,override,100.0,,2
Seabass,K,2013,Sebastian Janikowski,118,override,100.0,,1
Shaddy,RB,2015,LeSean McCoy,676,override,100.0,,43
Shady,RB,2017,LeSean McCoy,676,override,100.0,,64
Shady,RB,2014,LeSean McCoy,676,override,100.0,,67
Shady McCoy,RB,2019,LeSean McCoy,676,override,100.0,,2
Stew Beef,RB,2015,Jonathan Stewart,218,override,100.0,,10
Stewart,RB,2016,Jonathan Stewart,218,override,100.0,,23
T Colemen,RB,2016,Tevin Coleman,2378,override,100.0,,3
T-Rich,RB,2014,Trent Richardson,1082,override,100.0,,13
Theilen,WR,2018,Adam Thielen,1689,override,100.0,,19
Tucker,K,2016,Justin Tucker,1264,override,100.0,,1
Ty Mont,RB,2019,Ty Montgomery,2399,override,100.0,,1
TyGod,QB,2016,Tyrod Taylor,827,override,100.0,,3
V Jackson,WR,2016,Vincent Jackson,128,override,100.0,,4
V. Cruz,WR,2015,Victor Cruz,719,override,100.0,,4
V. Jax,WR,2015,Vincent Jackson,128,override,100.0,,8
VJax,WR,2014,Vincent Jackson,128,override,100.0,,25
Vernon,TE,2014,Vernon Davis,200,override,100.0,,11
Vinaterri,K,2015,Adam Vinatieri,120,override,100.0,,2
Vinatieri,K,2016,Adam Vinatieri,120,override,100.0,,1
Vinetari,K,2014,Adam Vinatieri,120,override,100.0,,1
Zeke,RB,2019,Ezekiel Elliott,3164,override,100.0,,59
Zeke,RB,2018,Ezekiel Elliott,3164,override,100.0,,71
Barnage,TE,2016,Kenjon Barner,1546,override+posmismatch,100.0,,2
Cordarrelle,WR,2014,Cordarrelle Patterson,1535,override+posmismatch,100.0,,9
Crowmeidocre,WR,2018,Isaiah Crowell,1901,override+posmismatch,100.0,,5
FunJizz,WR,2015,Devin Funchess,2346,override+posmismatch,100.0,,2
Jordan Mathews,WR,2015,Jordan Matthews,1800,override+posmismatch,100.0,,30
Shankey,WR,2015,Bishop Sankey,1937,override+posmismatch,100.0,,3
DWilly,WR,2014,D. Williams,,override-unmatched,100,,1
Beanie Wells,RB,2012,Chris Wells,,override-unmatched,100,not in Sleeper's player database,11
Jermichael Finley,TE,2013,Jermichael Finley,,override-unmatched,100,not in Sleeper's player database,2
Jermichael Finley,TE,2012,Jermichael Finley,,override-unmatched,100,not in Sleeper's player database,7
Jonathan Dweyer,RB,2012,Jonathan Dwyer,,override-unmatched,100,not in Sleeper's player database,1
Plax,WR,2012,Plaxico Burress,,override-unmatched,100,not in Sleeper's player database,1
T.O.,WR,2012,Terrell Owens,,override-unmatched,100,not in Sleeper's player database,2
Tony Gonzalez,TE,2013,Tony Gonzalez,,override-unmatched,100,not in Sleeper's player database,7
Tony Gonzalez,TE,2012,Tony Gonzalez,,override-unmatched,100,not in Sleeper's player database,1
Vinater,K,2018,Adam Vinatieri,,override-unmatched,100,not in Sleeper's player database,1
Vinatieri,K,2017,Adam Vinatieri,,override-unmatched,100,not in Sleeper's player database,2
49ers D,DEF,2012,49ers,,team,,,3
49ers D/ST,DEF,2020,49ers,,team,,,2
49ers D/ST,DEF,2013,49ers,,team,,,1
9ers D/ST,DEF,2014,49ers,,team,,,4
Bears,DEF,2019,Bears,,team,,,5
Bears,DEF,2012,Bears,,team,,,1
Bears D/ST,DEF,2020,Bears,,team,,,1
Bears D/ST,DEF,2014,Bears,,team,,,1
Bears D/ST,DEF,2013,Bears,,team,,,1
Bengals,DEF,2016,Bengals,,team,,,2
Bengals D/ST,DEF,2020,Bengals,,team,,,1
Bengals D/ST,DEF,2014,Bengals,,team,,,2
Bengals D/ST,DEF,2013,Bengals,,team,,,1
Bills,DEF,2019,Bills,,team,,,2
Bills,DEF,2016,Bills,,team,,,1
Bills,DEF,2015,Bills,,team,,,3
Bills,DEF,2012,Bills,,team,,,1
Bills D/ST,DEF,2020,Bills,,team,,,3
Bills D/ST,DEF,2017,Bills,,team,,,1
Broncos,DEF,2019,Broncos,,team,,,1
Broncos,DEF,2018,Broncos,,team,,,2
Broncos,DEF,2016,Broncos,,team,,,3
Broncos,DEF,2015,Broncos,,team,,,1
Broncos D/ST,DEF,2017,Broncos,,team,,,3
Broncos D/ST,DEF,2014,Broncos,,team,,,1
Broncos D/ST,DEF,2013,Broncos,,team,,,1
Browns,DEF,2019,Browns,,team,,,1
Bucs D/ST,DEF,2013,Buccaneers,,team,,,1
Cardinals,DEF,2018,Cardinals,,team,,,1
Cardinals D,DEF,2016,Cardinals,,team,,,1
Cardinals D/ST,DEF,2014,Cardinals,,team,,,1
Cardinals D/ST,DEF,2013,Cardinals,,team,,,1
Cards D,DEF,2017,Cardinals,,team,,,1
Chargers,DEF,2019,Chargers,,team,,,1
Chargers,DEF,2018,Chargers,,team,,,1
Chargers D/ST,DEF,2020,Chargers,,team,,,1
Chiefs,DEF,2016,Chiefs,,team,,,1
Chiefs D/ST,DEF,2014,Chiefs,,team,,,1
Colts D,DEF,2017,Colts,,team,,,1
Colts D/ST,DEF,2020,Colts,,team,,,2
Cowboys,DEF,2019,Cowboys,,team,,,1
Dolphins,DEF,2015,Dolphins,,team,,,1
Eagles,DEF,2019,Eagles,,team,,,1
Eagles,DEF,2018,Eagles,,team,,,3
Eagles,DEF,2012,Eagles,,team,,,1
Falcons D,DEF,2017,Falcons,,team,,,1
Falcons D/ST,DEF,2013,Falcons,,team,,,1
Jags,DEF,2019,Jaguars,,team,,,1
Jags,DEF,2018,Jaguars,,team,,,3
Jets,DEF,2019,Jets,,team,,,1
Jets,DEF,2015,Jets,,team,,,1
Jets,DEF,2012,Jets,,team,,,1
Lions,DEF,2015,Lions,,team,,,1
Lions,DEF,2012,Lions,,team,,,1
Packers,DEF,2016,Packers,,team,,,1
Panthers,DEF,2016,Panthers,,team,,,2
Panthers,DEF,2015,Panthers,,team,,,1
Panthers D,DEF,2017,Panthers,,team,,,2
Panthers D/ST,DEF,2014,Panthers,,team,,,3
Patriots D/ST,DEF,2020,Patriots,,team,,,2
Pats,DEF,2016,Patriots,,team,,,1
Rams,DEF,2019,Rams,,team,,,2
Rams,DEF,2018,Rams,,team,,,2
Rams,DEF,2015,Rams,,team,,,1
Rams D/ST,DEF,2014,Rams,,team,,,1
Ravens,DEF,2019,Ravens,,team,,,1
Ravens,DEF,2018,Ravens,,team,,,1
Ravens,DEF,2012,Ravens,,team,,,1
Ravens D,DEF,2017,Ravens,,team,,,1
Ravens D/ST,DEF,2020,Ravens,,team,,,2
Ravens D/ST,DEF,2014,Ravens,,team,,,1
Saints,DEF,2018,Saints,,team,,,1
Saints D/ST,DEF,2020,Saints,,team,,,1
SeaHawks,DEF,2012,Seahawks,,team,,,1
Seahawks,DEF,2016,Seahawks,,team,,,4
Seahawks,DEF,2015,Seahawks,,team,,,3
Seahawks D,DEF,2017,Seahawks,,team,,,2
Seahawks D,DEF,2014,Seahawks,,team,,,7
Seahawks D/ST,DEF,2013,Seahawks,,team,,,3
Steelers D,DEF,2012,Steelers,,team,,,1
Steelers D/ST,DEF,2020,Steelers,,team,,,3
Steelers D/ST,DEF,2017,Steelers,,team,,,1
Steelers D/ST,DEF,2013,Steelers,,team,,,1
Texans,DEF,2018,Texans,,team,,,2
Texans,DEF,2015,Texans,,team,,,2
Texans,DEF,2012,Texans,,team,,,2
Texans D,DEF,2017,Texans,,team,,,2
Texans D,DEF,2016,Texans,,team,,,2
Texans D/ST,DEF,2013,Texans,,team,,,1
Titans,DEF,2018,Titans,,team,,,1
Titans,DEF,2015,Titans,,team,,,1
VIkings,DEF,2019,Vikings,,team,,,1
Vikings,DEF,2018,Vikings,,team,,,3
Vikings,DEF,2016,Vikings,,team,,,1
Vikings D,DEF,2017,Vikings,,team,,,2
Alex Henery,K,2012,Alex Henery,,unresolved,,,2
Andre Brown,WR,2013,Andre Brown,,unresolved,,,3
Bernard Scott,RB,2012,Bernard Scott,,unresolved,,,1
Chad Johnson,WR,2012,Chad Johnson,,unresolved,,,1
David Akers,K,2012,David Akers,,unresolved,,,2
David Wilson,RB,2013,David Wilson,,unresolved,,,30
David Wilson,RB,2012,David Wilson,,unresolved,,,2
Isaac Redman,RB,2013,Isaac Redman,,unresolved,,,1
Isaac Redman,RB,2012,Isaac Redman,,unresolved,,,2
Jonathan Baldwin,WR,2012,Jonathan Baldwin,,unresolved,,,1
L. Taliefero,RB,2015,L. Taliefero,,unresolved,,,2
Laurent Robinson,WR,2012,Laurent Robinson,,unresolved,,,2
Marcel Reece,RB,2014,Marcel Reece,,unresolved,,,1
Michael Bush,RB,2012,Michael Bush,,unresolved,,,5
Michael Turner,RB,2013,Michael Turner,,unresolved,,,1
Michael Turner,RB,2012,Michael Turner,,unresolved,,,29
Nate Burleson,WR,2012,Nate Burleson,,unresolved,,,1
Nyheim Hines,RB,2020,Nyheim Hines,,unresolved,,,1
Nyheim Hines,RB,2019,Nyheim Hines,,unresolved,,,1
Randy Moss,WR,2012,Randy Moss,,unresolved,,,3
Rob Bironas,K,2012,Rob Bironas,,unresolved,,,39
Titus Young,WR,2012,Titus Young,,unresolved,,,2
