season,manager,player,player_id,player_key,position,price,pick_no,row_order,name_raw,source
2020,Aidan,Saints,,def:Saints,DEF,1,,0,Saints D/ST,sheet
2020,Aidan,Matt Prater,17,id:17,K,1,,1,Matt Prater,sheet
2020,Aidan,Dak Prescott,3294,id:3294,QB,9,,2,Dak Prescott,sheet
2020,Aidan,Saquon Barkley,4866,id:4866,RB,69,,3,Saquon Barkley,sheet
2020,Aidan,Chris Carson,4273,id:4273,RB,30,,4,Chris Carson,sheet
2020,Aidan,David Johnson,2391,id:2391,RB,19,,5,David Johnson,sheet
2020,Aidan,Tevin Coleman,2378,id:2378,RB,1,,6,Tevin Coleman,sheet
2020,Aidan,Tarik Cohen,4157,id:4157,RB,1,,7,Tarik Cohen,sheet
2020,Aidan,Carlos Hyde,2257,id:2257,RB,1,,8,Carlos Hyde,sheet
2020,Aidan,Darren Waller,2505,id:2505,TE,9,,9,Darren Waller,sheet
2020,Aidan,Mike Gesicki,4993,id:4993,TE,1,,10,Mike Gesicki,sheet
2020,Aidan,Julio Jones,947,id:947,WR,41,,11,Julio Jones,sheet
2020,Aidan,Keenan Allen,1479,id:1479,WR,12,,12,Keenan Allen,sheet
2020,Aidan,Diontae Johnson,5937,id:5937,WR,2,,13,Diontae Johnson,sheet
2020,Aidan,Jalen Reagor,6798,id:6798,WR,1,,14,Jalen Reagor,sheet
2020,Aidan,Brandon Aiyuk,6803,id:6803,WR,1,,15,Brandon Aiyuk,sheet
2020,Aidan,John Brown,2238,id:2238,WR,1,,16,John Brown,sheet
2020,Ankit,Patriots,,def:Patriots,DEF,2,,17,Patriots D/ST,sheet
2020,Ankit,Younghoe Koo,4666,id:4666,K,1,,18,Younghoe Koo,sheet
2020,Ankit,Kyler Murray,5849,id:5849,QB,6,,19,Kyler Murray,sheet
2020,Ankit,James Conner,4137,id:4137,RB,22,,20,James Conner,sheet
2020,Ankit,Ronald Jones,5052,id:5052,RB,15,,21,Ronald Jones II,sheet
2020,Ankit,Mark Ingram,956,id:956,RB,12,,22,Mark Ingram II,sheet
2020,Ankit,Cam Akers,6938,id:6938,RB,12,,23,Cam Akers,sheet
2020,Ankit,J.K. Dobbins,6806,id:6806,RB,11,,24,J.K. Dobbins,sheet
2020,Ankit,D'Andre Swift,6790,id:6790,RB,7,,25,D'Andre Swift,sheet
2020,Ankit,Phillip Lindsay,5170,id:5170,RB,4,,26,Phillip Lindsay,sheet
2020,Ankit,Ke'Shawn Vaughn,6885,id:6885,RB,1,,27,Ke'Shawn Vaughn,sheet
2020,Ankit,George Kittle,4217,id:4217,TE,31,,28,George Kittle,sheet
2020,Ankit,Davante Adams,2133,id:2133,WR,44,,29,Davante Adams,sheet
2020,Ankit,Cooper Kupp,4039,id:4039,WR,20,,30,Cooper Kupp,sheet
2020,Ankit,DeVante Parker,2319,id:2319,WR,6,,31,DeVante Parker,sheet
2020,Ankit,DJ Chark,4951,id:4951,WR,5,,32,DJ Chark Jr.,sheet
2020,Ankit,DeSean Jackson,147,id:147,WR,1,,33,DeSean Jackson,sheet
2020,Ben,Bengals,,def:Bengals,DEF,1,,34,Bengals D/ST,sheet
2020,Ben,Justin Tucker,1264,id:1264,K,3,,35,Justin Tucker,sheet
2020,Ben,Patrick Mahomes,4046,id:4046,QB,24,,36,Patrick Mahomes,sheet
2020,Ben,Tua Tagovailoa,6768,id:6768,QB,1,,37,Tua Tagovailoa,sheet
2020,Ben,Nick Chubb,4988,id:4988,RB,48,,38,Nick Chubb,sheet
2020,Ben,David Montgomery,5892,id:5892,RB,15,,39,David Montgomery,sheet
2020,Ben,Devin Singletary,6130,id:6130,RB,8,,40,Devin Singletary,sheet
2020,Ben,Alexander Mattison,5987,id:5987,RB,3,,41,Alexander Mattison,sheet
2020,Ben,Latavius Murray,1476,id:1476,RB,2,,42,Latavius Murray,sheet
2020,Ben,AJ Dillon,6828,id:6828,RB,1,,43,AJ Dillon,sheet
2020,Ben,Travis Kelce,1466,id:1466,TE,35,,44,Travis Kelce,sheet
2020,Ben,Chris Herndon,5009,id:5009,TE,1,,45,Chris Herndon,sheet
2020,Ben,DeAndre Hopkins,1426,id:1426,WR,36,,46,DeAndre Hopkins,sheet
2020,Ben,Tyler Lockett,2374,id:2374,WR,14,,47,Tyler Lockett,sheet
2020,Ben,Stefon Diggs,2449,id:2449,WR,5,,48,Stefon Diggs,sheet
2020,Ben,Jamison Crowder,2410,id:2410,WR,2,,49,Jamison Crowder,sheet
2020,Ben,Darius Slayton,6149,id:6149,WR,1,,50,Darius Slayton,sheet
2020,Rohaan,Ravens,,def:Ravens,DEF,2,,51,Ravens D/ST,sheet
2020,Rohaan,Wil Lutz,3678,id:3678,K,2,,52,Wil Lutz,sheet
2020,Rohaan,Tom Brady,167,id:167,QB,5,,53,Tom Brady,sheet
2020,Rohaan,Joe Burrow,6770,id:6770,QB,1,,54,Joe Burrow,sheet
2020,Rohaan,Dalvin Cook,4029,id:4029,RB,65,,55,Dalvin Cook,sheet
2020,Rohaan,Miles Sanders,6151,id:6151,RB,45,,56,Miles Sanders,sheet
2020,Rohaan,Raheem Mostert,2749,id:2749,RB,10,,57,Raheem Mostert,sheet
2020,Rohaan,Adrian Peterson,184,id:184,RB,1,,58,Adrian Peterson,sheet
2020,Rohaan,Boston Scott,5122,id:5122,RB,1,,59,Boston Scott,sheet
2020,Rohaan,Tyler Higbee,3271,id:3271,TE,2,,60,Tyler Higbee,sheet
2020,Rohaan,Kenny Golladay,4131,id:4131,WR,32,,61,Kenny Golladay,sheet
2020,Rohaan,Mike Evans,2216,id:2216,WR,29,,62,Mike Evans,sheet
2020,Rohaan,Sterling Shepard,3200,id:3200,WR,1,,63,Sterling Shepard,sheet
2020,Rohaan,Jerry Jeudy,6783,id:6783,WR,1,,64,Jerry Jeudy,sheet
2020,Rohaan,Justin Jefferson,6794,id:6794,WR,1,,65,Justin Jefferson,sheet
2020,Rohaan,Preston Williams,6148,id:6148,WR,1,,66,Preston Williams,sheet
2020,Rohaan,Mike Williams,4068,id:4068,WR,1,,67,Mike Williams,sheet
2020,Jake,Colts,,def:Colts,DEF,2,,68,Colts D/ST,sheet
2020,Jake,Jake Elliott,4195,id:4195,K,1,,69,Jake Elliott,sheet
2020,Jake,Matthew Stafford,421,id:421,QB,1,,70,Matthew Stafford,sheet
2020,Jake,Carson Wentz,3161,id:3161,QB,1,,71,Carson Wentz,sheet
2020,Jake,Joe Mixon,4018,id:4018,RB,41,,72,Joe Mixon,sheet
2020,Jake,Jonathan Taylor,6813,id:6813,RB,33,,73,Jonathan Taylor,sheet
2020,Jake,Melvin Gordon,2320,id:2320,RB,23,,74,Melvin Gordon III,sheet
2020,Jake,Nyheim Hines,,name:nyheim hines|RB,RB,1,,75,Nyheim Hines,sheet
2020,Jake,Mark Andrews,5012,id:5012,TE,10,,76,Mark Andrews,sheet
2020,Jake,JuJu Smith-Schuster,4040,id:4040,WR,24,,77,JuJu Smith-Schuster,sheet
2020,Jake,Allen Robinson,1992,id:1992,WR,22,,78,Allen Robinson II,sheet
2020,Jake,A.J. Brown,5859,id:5859,WR,21,,79,A.J. Brown,sheet
2020,Jake,Calvin Ridley,4981,id:4981,WR,13,,80,Calvin Ridley,sheet
2020,Jake,Marvin Jones,1067,id:1067,WR,4,,81,Marvin Jones Jr.,sheet
2020,Jake,Christian Kirk,4950,id:4950,WR,1,,82,Christian Kirk,sheet
2020,Jake,Mecole Hardman,5917,id:5917,WR,1,,83,Mecole Hardman,sheet
2020,Jake,Breshad Perriman,2331,id:2331,WR,1,,84,Breshad Perriman,sheet
2020,Joe,Chargers,,def:Chargers,DEF,1,,85,Chargers D/ST,sheet
2020,Joe,Harrison Butker,4227,id:4227,K,3,,86,Harrison Butker,sheet
2020,Joe,Matt Ryan,24,id:24,QB,2,,87,Matt Ryan,sheet
2020,Joe,Ezekiel Elliott,3164,id:3164,RB,71,,88,Ezekiel Elliott,sheet
2020,Joe,Clyde Edwards-Helaire,6820,id:6820,RB,47,,89,Clyde Edwards-Helaire,sheet
2020,Joe,Tony Pollard,5967,id:5967,RB,3,,90,Tony Pollard,sheet
2020,Joe,Lamar Miller,1048,id:1048,RB,1,,91,Lamar Miller,sheet
2020,Joe,Sony Michel,4962,id:4962,RB,1,,92,Sony Michel,sheet
2020,Joe,Damien Harris,5890,id:5890,RB,1,,93,Damien Harris,sheet
2020,Joe,Chase Edmonds,5000,id:5000,RB,1,,94,Chase Edmonds,sheet
2020,Joe,T.J. Hockenson,5844,id:5844,TE,1,,95,T.J. Hockenson,sheet
2020,Joe,Hayden Hurst,4973,id:4973,TE,1,,96,Hayden Hurst,sheet
2020,Joe,Michael Thomas,3199,id:3199,WR,46,,97,Michael Thomas,sheet
2020,Joe,T.Y. Hilton,1110,id:1110,WR,14,,98,T.Y. Hilton,sheet
2020,Joe,Julian Edelman,344,id:344,WR,5,,99,Julian Edelman,sheet
2020,Joe,Sammy Watkins,1817,id:1817,WR,1,,100,Sammy Watkins,sheet
2020,Joe,Golden Tate,642,id:642,WR,1,,101,Golden Tate,sheet
2020,Oleg,Steelers,,def:Steelers,DEF,3,,102,Steelers D/ST,sheet
2020,Oleg,Greg Zuerlein,1266,id:1266,K,2,,103,Greg Zuerlein,sheet
2020,Oleg,Deshaun Watson,4017,id:4017,QB,6,,104,Deshaun Watson,sheet
2020,Oleg,Josh Allen,4984,id:4984,QB,2,,105,Josh Allen,sheet
2020,Oleg,Christian McCaffrey,4034,id:4034,RB,71,,106,Christian McCaffrey,sheet
2020,Oleg,Austin Ekeler,4663,id:4663,RB,45,,107,Austin Ekeler,sheet
2020,Oleg,James White,1848,id:1848,RB,3,,108,James White,sheet
2020,Oleg,Zack Moss,6845,id:6845,RB,2,,109,Zack Moss,sheet
2020,Oleg,Antonio Gibson,6945,id:6945,RB,2,,110,Antonio Gibson,sheet
2020,Oleg,Greg Olsen,58,id:58,TE,1,,111,Greg Olsen,sheet
2020,Oleg,Hunter Henry,3214,id:3214,TE,3,,112,Hunter Henry,sheet
2020,Oleg,Amari Cooper,2309,id:2309,WR,30,,113,Amari Cooper,sheet
2020,Oleg,DK Metcalf,5846,id:5846,WR,15,,114,DK Metcalf,sheet
2020,Oleg,Jarvis Landry,1825,id:1825,WR,8,,115,Jarvis Landry,sheet
2020,Oleg,Jordan Howard,3306,id:3306,WR,4,,116,Jordan Howard,sheet
2020,Oleg,Henry Ruggs,6789,id:6789,WR,1,,117,Henry Ruggs III,sheet
2020,Oleg,Emmanuel Sanders,538,id:538,WR,2,,118,Emmanuel Sanders,sheet
2020,Ryan,Bears,,def:Bears,DEF,1,,119,Bears D/ST,sheet
2020,Ryan,Zane Gonzalez,4233,id:4233,K,1,,120,Zane Gonzalez,sheet
2020,Ryan,Aaron Rodgers,96,id:96,QB,2,,121,Aaron Rodgers,sheet
2020,Ryan,Drew Brees,289,id:289,QB,2,,122,Drew Brees,sheet
2020,Ryan,Alvin Kamara,4035,id:4035,RB,61,,123,Alvin Kamara,sheet
2020,Ryan,Derrick Henry,3198,id:3198,RB,49,,124,Derrick Henry,sheet
2020,Ryan,Matt Breida,4455,id:4455,RB,1,,125,Matt Breida,sheet
2020,Ryan,Justin Jackson,5131,id:5131,RB,1,,126,Justin Jackson,sheet
2020,Ryan,Evan Engram,4066,id:4066,TE,4,,127,Evan Engram,sheet
2020,Ryan,Jared Cook,367,id:367,TE,1,,128,Jared Cook,sheet
2020,Ryan,Chris Godwin,4037,id:4037,WR,33,,129,Chris Godwin,sheet
2020,Ryan,DJ Moore,4983,id:4983,WR,20,,130,DJ Moore,sheet
2020,Ryan,Courtland Sutton,5045,id:5045,WR,17,,131,Courtland Sutton,sheet
2020,Ryan,Tyler Boyd,3225,id:3225,WR,4,,132,Tyler Boyd,sheet
2020,Ryan,CeeDee Lamb,6786,id:6786,WR,1,,133,CeeDee Lamb,sheet
2020,Ryan,Parris Campbell,5880,id:5880,WR,1,,134,Parris Campbell,sheet
2020,Ryan,Anthony Miller,5013,id:5013,WR,1,,135,Anthony Miller,sheet
2020,Steven,49ers,,def:49ers,DEF,2,,136,49ers D/ST,sheet
2020,Steven,Matt Gay,6083,id:6083,K,2,,137,Matt Gay,sheet
2020,Steven,Lamar Jackson,4881,id:4881,QB,25,,138,Lamar Jackson,sheet
2020,Steven,Kenyan Drake,3242,id:3242,RB,46,,139,Kenyan Drake,sheet
2020,Steven,Aaron Jones,4199,id:4199,RB,44,,140,Aaron Jones,sheet
2020,Steven,Le'Veon Bell,1408,id:1408,RB,15,,141,Le'Veon Bell,sheet
2020,Steven,Todd Gurley,2315,id:2315,RB,14,,142,Todd Gurley II,sheet
2020,Steven,Marlon Mack,4152,id:4152,RB,2,,143,Marlon Mack,sheet
2020,Steven,Zach Ertz,1339,id:1339,TE,6,,144,Zach Ertz,sheet
2020,Steven,Rob Gronkowski,515,id:515,TE,2,,145,Rob Gronkowski,sheet
2020,Steven,Odell Beckham,2078,id:2078,WR,21,,146,Odell Beckham Jr.,sheet
2020,Steven,Terry McLaurin,5927,id:5927,WR,11,,147,Terry McLaurin,sheet
2020,Steven,Brandin Cooks,2197,id:2197,WR,4,,148,Brandin Cooks,sheet
2020,Steven,A.J. Green,830,id:830,WR,3,,149,A.J. Green,sheet
2020,Steven,Robbie Chosen,3423,id:3423,WR,1,,150,Robby Anderson,sheet
2020,Steven,Deebo Samuel,5872,id:5872,WR,1,,151,Deebo Samuel,sheet
2020,Steven,Antonio Brown,536,id:536,WR,1,,152,Antonio Brown,sheet
2020,Tommy,Bills,,def:Bills,DEF,3,,153,Bills D/ST,sheet
2020,Tommy,Robbie Gould,49,id:49,K,1,,154,Robbie Gould,sheet
2020,Tommy,Russell Wilson,1234,id:1234,QB,6,,155,Russell Wilson,sheet
2020,Tommy,Cam Newton,954,id:954,QB,2,,156,Cam Newton,sheet
2020,Tommy,Josh Jacobs,5850,id:5850,RB,43,,157,Josh Jacobs,sheet
2020,Tommy,Leonard Fournette,3969,id:3969,RB,23,,158,Leonard Fournette,sheet
2020,Tommy,Kerryon Johnson,5068,id:5068,RB,1,,159,Kerryon Johnson,sheet
2020,Tommy,Darrell Henderson,5916,id:5916,RB,1,,160,Darrell Henderson Jr.,sheet
2020,Tommy,Duke Johnson,2382,id:2382,RB,1,,161,Duke Johnson,sheet
2020,Tommy,Kareem Hunt,4098,id:4098,TE,5,,162,Kareem Hunt,sheet
2020,Tommy,Noah Fant,5857,id:5857,TE,1,,163,Noah Fant,sheet
2020,Tommy,Tyreek Hill,3321,id:3321,WR,53,,164,Tyreek Hill,sheet
2020,Tommy,Adam Thielen,1689,id:1689,WR,27,,165,Adam Thielen,sheet
2020,Tommy,Robert Woods,1352,id:1352,WR,17,,166,Robert Woods,sheet
2020,Tommy,William Fuller,3157,id:3157,WR,6,,167,Will Fuller V,sheet
2020,Tommy,Michael Gallup,5038,id:5038,WR,5,,168,Michael Gallup,sheet
2020,Tommy,Marquise Brown,5848,id:5848,WR,5,,169,Marquise Brown,sheet
2019,Aidan,Broncos,,def:Broncos,DEF,1,,170,Broncos,sheet
2019,Aidan,Ka'imi Fairbairn,3451,id:3451,K,1,,171,Kai'mi Fairbairn,sheet
2019,Aidan,Carson Wentz,3161,id:3161,QB,7,,172,Carson Wentz,sheet
2019,Aidan,Jameis Winston,2306,id:2306,QB,1,,173,Jameis Winston,sheet
2019,Aidan,Alvin Kamara,4035,id:4035,RB,70,,174,Alvin Kamara,sheet
2019,Aidan,David Montgomery,5892,id:5892,RB,31,,175,David Montgomery,sheet
2019,Aidan,Chris Carson,4273,id:4273,RB,10,,176,Chris Carson,sheet
2019,Aidan,Tarik Cohen,4157,id:4157,RB,2,,177,Tarik Cohen,sheet
2019,Aidan,Ito Smith,5004,id:5004,RB,1,,178,Ito Smith,sheet
2019,Aidan,James Washington,5024,id:5024,RB,1,,179,James Washington,sheet
2019,Aidan,Mike Davis,2431,id:2431,RB,1,,180,Mike Davis,sheet
2019,Aidan,Vance McDonald,1587,id:1587,TE,2,,181,Vance McDonald,sheet
2019,Aidan,Mike Evans,2216,id:2216,WR,41,,182,Mike Evans,sheet
2019,Aidan,Adam Thielen,1689,id:1689,WR,26,,183,Adam Thielen,sheet
2019,Aidan,Tyler Boyd,3225,id:3225,WR,4,,184,Tyler Boyd,sheet
2019,Aidan,Curtis Samuel,4082,id:4082,WR,1,,185,Curtis Samuel,sheet
2019,Ankit,Cowboys,,def:Cowboys,DEF,1,,186,Cowboys,sheet
2019,Ankit,Mason Crosby,59,id:59,K,1,,187,Mason Crosby,sheet
2019,Ankit,Kyler Murray,5849,id:5849,QB,4,,188,Kyler Murray,sheet
2019,Ankit,Aaron Jones,4199,id:4199,RB,35,,189,Aaron Jones,sheet
2019,Ankit,Josh Jacobs,5850,id:5850,RB,18,,190,Josh Jacobs,sheet
2019,Ankit,Sony Michel,4962,id:4962,RB,16,,191,Sony Michel,sheet
2019,Ankit,Tevin Coleman,2378,id:2378,RB,13,,192,Tevin Coleman,sheet
2019,Ankit,Tony Pollard,5967,id:5967,RB,7,,193,Tony Pollard,sheet
2019,Ankit,Miles Sanders,6151,id:6151,RB,5,,194,Miles Sanders,sheet
2019,Ankit,Austin Ekeler,4663,id:4663,RB,3,,195,Austin Ekeler,sheet
2019,Ankit,Jordan Howard,3306,id:3306,RB,3,,196,Jordan Howard,sheet
2019,Ankit,Evan Engram,4066,id:4066,TE,10,,197,Evan Engram,sheet
2019,Ankit,Julio Jones,947,id:947,WR,46,,198,Julio Jones,sheet
2019,Ankit,Keenan Allen,1479,id:1479,WR,31,,199,Keenan Allen,sheet
2019,Ankit,Tyler Lockett,2374,id:2374,WR,4,,200,Tyler Lockett,sheet
2019,Ankit,William Fuller,3157,id:3157,WR,3,,201,Will Fuller V,sheet
2019,Ben,Eagles,,def:Eagles,DEF,1,,202,Eagles,sheet
2019,Ben,Harrison Butker,4227,id:4227,K,2,,203,Harrison Butker,sheet
2019,Ben,Ben Roethlisberger,138,id:138,QB,1,,204,Big Ben,sheet
2019,Ben,Ezekiel Elliott,3164,id:3164,RB,59,,205,Zeke,sheet
2019,Ben,Leonard Fournette,3969,id:3969,RB,31,,206,Fournette,sheet
2019,Ben,Duke Johnson,2382,id:2382,RB,7,,207,Duke Johnson Jr,sheet
2019,Ben,Jaylen Samuels,5107,id:5107,RB,3,,208,Jaylen Samuels,sheet
2019,Ben,Devin Singletary,6130,id:6130,RB,1,,209,Devin Singletary,sheet
2019,Ben,Rashaad Penny,4985,id:4985,RB,1,,210,Rashaad Penny,sheet
2019,Ben,Wayne Gallman,4150,id:4150,RB,1,,211,Wayne Gallman,sheet
2019,Ben,George Kittle,4217,id:4217,TE,30,,212,George Kittle,sheet
2019,Ben,Davante Adams,2133,id:2133,WR,50,,213,Davante Adams,sheet
2019,Ben,Stefon Diggs,2449,id:2449,WR,9,,214,Stefon Diggs,sheet
2019,Ben,Allen Robinson,1992,id:1992,WR,2,,215,ARob$,sheet
2019,Ben,Marquez Valdes-Scantling,5086,id:5086,WR,1,,216,MVS,sheet
2019,Ben,Courtland Sutton,5045,id:5045,WR,1,,217,Courtland Sutton,sheet
2019,Rohaan,Bills,,def:Bills,DEF,2,,218,Bills,sheet
2019,Rohaan,Justin Tucker,1264,id:1264,K,3,,219,Justin Tucker,sheet
2019,Rohaan,Matt Ryan,24,id:24,QB,9,,220,Matt Ryan,sheet
2019,Rohaan,Mitchell Trubisky,3976,id:3976,QB,1,,221,Mitch Trubisky,sheet
2019,Rohaan,Dalvin Cook,4029,id:4029,RB,57,,222,Dalvin Cook,sheet
2019,Rohaan,James Conner,4137,id:4137,RB,55,,223,James Conner,sheet
2019,Rohaan,Derrius Guice,4949,id:4949,RB,9,,224,Derius Guice,sheet
2019,Rohaan,Kyle Rudolph,943,id:943,TE,1,,225,Kyle Rudolph,sheet
2019,Rohaan,Jared Cook,367,id:367,TE,1,,226,Jared Cook,sheet
2019,Rohaan,DeAndre Hopkins,1426,id:1426,WR,56,,227,Nuk Hopkins,sheet
2019,Rohaan,Donte Moncrief,1971,id:1971,WR,1,,228,Donte Moncrief,sheet
2019,Rohaan,Jamison Crowder,2410,id:2410,WR,1,,229,J Crowder,sheet
2019,Rohaan,Larry Fitzgerald,223,id:223,WR,1,,230,Larry Fitz,sheet
2019,Rohaan,Marvin Jones,1067,id:1067,WR,1,,231,Marvin Jones,sheet
2019,Rohaan,Christian Kirk,4950,id:4950,WR,1,,232,Christian Kirk,sheet
2019,Rohaan,Dante Pettis,4992,id:4992,WR,1,,233,Dante Pettis,sheet
2019,Jake,Ravens,,def:Ravens,DEF,1,,234,Ravens,sheet
2019,Jake,Robbie Gould,49,id:49,K,1,,235,Robbie Gould,sheet
2019,Jake,Cam Newton,954,id:954,QB,2,,236,Cam Newton,sheet
2019,Jake,Christian McCaffrey,4034,id:4034,RB,63,,237,CMC,sheet
2019,Jake,Nick Chubb,4988,id:4988,RB,51,,238,Nick Chubb,sheet
2019,Jake,Justice Hill,5995,id:5995,RB,1,,239,Justice Hill,sheet
2019,Jake,Ty Montgomery,2399,id:2399,RB,1,,240,Ty Mont,sheet
2019,Jake,Hunter Henry,3214,id:3214,TE,3,,241,Hunter Henry,sheet
2019,Jake,David Njoku,4033,id:4033,TE,1,,242,David Njoku,sheet
2019,Jake,Odell Beckham,2078,id:2078,WR,50,,243,ODB,sheet
2019,Jake,Marlon Mack,4152,id:4152,WR,9,,244,Marlon Mack,sheet
2019,Jake,Robert Woods,1352,id:1352,WR,9,,245,Robert Woods,sheet
2019,Jake,Mike Williams,4068,id:4068,WR,4,,246,Mike Willams,sheet
2019,Jake,Robbie Chosen,3423,id:3423,WR,2,,247,Robby Anderson,sheet
2019,Jake,Sammy Watkins,1817,id:1817,WR,1,,248,Sammy Watkins,sheet
2019,Jake,Michael Gallup,5038,id:5038,WR,1,,249,Michael Gallup,sheet
2019,Joe,Browns,,def:Browns,DEF,1,,250,Browns,sheet
2019,Joe,Matt Prater,17,id:17,K,1,,251,Matt Prater,sheet
2019,Joe,Aaron Rodgers,96,id:96,QB,15,,252,Aaron Rodgers,sheet
2019,Joe,Lamar Jackson,4881,id:4881,QB,2,,253,Lamar Jackson,sheet
2019,Joe,Todd Gurley,2315,id:2315,RB,54,,254,Todd Gurley,sheet
2019,Joe,Devonta Freeman,2168,id:2168,RB,29,,255,Devonta Freeman,sheet
2019,Joe,Damien Williams,1833,id:1833,RB,25,,256,Damien Williams,sheet
2019,Joe,Mark Ingram,956,id:956,RB,15,,257,Mark Ingram,sheet
2019,Joe,Malcolm Brown,2588,id:2588,RB,1,,258,Malcolm Brown,sheet
2019,Joe,Darwin Thompson,6178,id:6178,RB,3,,259,Darwin Thompson,sheet
2019,Joe,Greg Olsen,58,id:58,TE,1,,260,Greg Olsen,sheet
2019,Joe,Delanie Walker,284,id:284,TE,1,,261,Delanie Walker,sheet
2019,Joe,Brandin Cooks,2197,id:2197,WR,30,,262,Brandin Cooks,sheet
2019,Joe,Josh Gordon,1244,id:1244,WR,16,,263,Josh Gordon,sheet
2019,Joe,Alshon Jeffery,1149,id:1149,WR,4,,264,Alshon Jeffery,sheet
2019,Joe,Emmanuel Sanders,538,id:538,WR,2,,265,Emmanuel Sanders,sheet
2019,Oleg,Bears,,def:Bears,DEF,5,,266,Bears,sheet
2019,Oleg,Rams,,def:Rams,DEF,2,,267,Rams,sheet
2019,Oleg,Stephen Gostkowski,110,id:110,K,2,,268,Gost,sheet
2019,Oleg,Baker Mayfield,4892,id:4892,QB,8,,269,Baker Mayfield,sheet
2019,Oleg,Russell Wilson,1234,id:1234,QB,2,,270,Russell Wilson,sheet
2019,Oleg,Kerryon Johnson,5068,id:5068,RB,36,,271,Kerryon Johnson,sheet
2019,Oleg,Melvin Gordon,2320,id:2320,RB,25,,272,Melvin Gordon,sheet
2019,Oleg,Phillip Lindsay,5170,id:5170,RB,11,,273,Phillip Lindsay,sheet
2019,Oleg,Alexander Mattison,5987,id:5987,RB,2,,274,Alex Mattison,sheet
2019,Oleg,Latavius Murray,1476,id:1476,RB,3,,275,Latavius,sheet
2019,Oleg,Kalen Ballage,4994,id:4994,RB,1,,276,Kalen Ballage,sheet
2019,Oleg,Zach Ertz,1339,id:1339,TE,22,,277,Zach Ertz,sheet
2019,Oleg,JuJu Smith-Schuster,4040,id:4040,WR,54,,278,JuJu,sheet
2019,Oleg,Amari Cooper,2309,id:2309,WR,23,,279,Amari Cooper,sheet
2019,Oleg,Dede Westbrook,4146,id:4146,WR,3,,280,Dede Westbrook,sheet
2019,Oleg,DK Metcalf,5846,id:5846,WR,1,,281,DK Metcalf,sheet
2019,Ryan,Vikings,,def:Vikings,DEF,1,,282,VIkings,sheet
2019,Ryan,Jake Elliott,4195,id:4195,K,1,,283,Jake Elliott,sheet
2019,Ryan,Drew Brees,289,id:289,QB,1,,284,Drew Brees,sheet
2019,Ryan,Dak Prescott,3294,id:3294,QB,1,,285,Dak Prescott,sheet
2019,Ryan,Tom Brady,167,id:167,QB,1,,286,Tom Brady,sheet
2019,Ryan,David Johnson,2391,id:2391,RB,62,,287,David Johnson,sheet
2019,Ryan,Le'Veon Bell,1408,id:1408,RB,53,,288,Le'Veon Bell,sheet
2019,Ryan,Kenyan Drake,3242,id:3242,RB,4,,289,Kenyan Drake,sheet
2019,Ryan,Ronald Jones,5052,id:5052,RB,1,,290,Ronald Jones,sheet
2019,Ryan,Nyheim Hines,,name:nyheim hines|RB,RB,1,,291,Nyheim Hines,sheet
2019,Ryan,Travis Kelce,1466,id:1466,TE,42,,292,Travis Kelce,sheet
2019,Ryan,Julian Edelman,344,id:344,WR,11,,293,Julian Edelman,sheet
2019,Ryan,Chris Godwin,4037,id:4037,WR,11,,294,Chris Godfwin,sheet
2019,Ryan,Kenny Golladay,4131,id:4131,WR,6,,295,Golladay,sheet
2019,Ryan,Calvin Ridley,4981,id:4981,WR,2,,296,Calvin Ridley,sheet
2019,Ryan,Jarvis Landry,1825,id:1825,WR,2,,297,Jarvis Landry,sheet
2019,Steven,Jaguars,,def:Jaguars,DEF,1,,298,Jags,sheet
2019,Steven,Jets,,def:Jets,DEF,1,,299,Jets,sheet
2019,Steven,Wil Lutz,3678,id:3678,K,2,,300,Will Lutz,sheet
2019,Steven,Deshaun Watson,4017,id:4017,QB,16,,301,Deshaun Watson,sheet
2019,Steven,Saquon Barkley,4866,id:4866,RB,74,,302,Saquon Barkley,sheet
2019,Steven,Joe Mixon,4018,id:4018,RB,33,,303,Joe Mixon,sheet
2019,Steven,James White,1848,id:1848,RB,6,,304,James White,sheet
2019,Steven,Royce Freeman,5046,id:5046,RB,2,,305,Royce Freeman,sheet
2019,Steven,Peyton Barber,3594,id:3594,RB,2,,306,Peyton Barber,sheet
2019,Steven,Adrian Peterson,184,id:184,RB,1,,307,AP,sheet
2019,Steven,LeSean McCoy,676,id:676,RB,2,,308,Shady McCoy,sheet
2019,Steven,O.J. Howard,4055,id:4055,TE,5,,309,OJ,sheet
2019,Steven,Antonio Brown,536,id:536,WR,35,,310,AB,sheet
2019,Steven,T.Y. Hilton,1110,id:1110,WR,12,,311,TY Hilton,sheet
2019,Steven,A.J. Green,830,id:830,WR,4,,312,AJ Green,sheet
2019,Steven,Sterling Shepard,3200,id:3200,WR,4,,313,Sterling Shepard,sheet
2019,Tommy,Chargers,,def:Chargers,DEF,1,,314,Chargers,sheet
2019,Tommy,Greg Zuerlein,1266,id:1266,K,2,,315,Greg Zuerlein,sheet
2019,Tommy,Patrick Mahomes,4046,id:4046,QB,36,,316,Pat Mahomes,sheet
2019,Tommy,Darrell Henderson,5916,id:5916,RB,11,,317,Darrell Henderson,sheet
2019,Tommy,Derrick Henry,3198,id:3198,RB,10,,318,Derrick Henry,sheet
2019,Tommy,Justin Jackson,5131,id:5131,RB,3,,319,Justin Jackson,sheet
2019,Tommy,Matt Breida,4455,id:4455,RB,3,,320,Matt Breida,sheet
2019,Tommy,Kareem Hunt,4098,id:4098,RB,2,,321,Kareem Hunt,sheet
2019,Tommy,Dion Lewis,788,id:788,RB,1,,322,Dion Lewis,sheet
2019,Tommy,T.J. Hockenson,5844,id:5844,TE,1,,323,TJ Hockenson,sheet
2019,Tommy,Michael Thomas,3199,id:3199,WR,55,,324,Michael Thomas,sheet
2019,Tommy,Tyreek Hill,3321,id:3321,WR,51,,325,Tyreek Hill,sheet
2019,Tommy,Cooper Kupp,4039,id:4039,WR,19,,326,Cooper Kupp,sheet
2019,Tommy,DJ Moore,4983,id:4983,WR,3,,327,DJ Moore,sheet
2019,Tommy,Golden Tate,642,id:642,WR,1,,328,Golden Tate,sheet
2019,Tommy,Corey Davis,4036,id:4036,WR,1,,329,Corey Davis,sheet
2018,Aidan,Texans,,def:Texans,DEF,2,,330,Texans,sheet
2018,Aidan,Graham Gano,503,id:503,K,1,,331,Graham Gano,sheet
2018,Aidan,Russell Wilson,1234,id:1234,QB,11,,332,Russell Wilson,sheet
2018,Aidan,Jimmy Garoppolo,1837,id:1837,QB,1,,333,Jimmy G,sheet
2018,Aidan,Melvin Gordon,2320,id:2320,RB,59,,334,Melvin Gordon,sheet
2018,Aidan,Royce Freeman,5046,id:5046,RB,21,,335,Royce Freeman,sheet
2018,Aidan,Austin Ekeler,4663,id:4663,RB,1,,336,Ekeler,sheet
2018,Aidan,Rex Burkhead,1387,id:1387,RB,1,,337,Burkhead,sheet
2018,Aidan,Ronald Jones,5052,id:5052,RB,1,,338,Ronald Jones Ii,sheet
2018,Aidan,Kyle Rudolph,943,id:943,TE,2,,339,Rudolph,sheet
2018,Aidan,Julio Jones,947,id:947,WR,50,,340,Julio Jones,sheet
2018,Aidan,Chris Hogan,1329,id:1329,WR,23,,341,Hogan,sheet
2018,Aidan,Larry Fitzgerald,223,id:223,WR,17,,342,Larry Fitzgerald,sheet
2018,Aidan,Michael Crabtree,455,id:455,WR,4,,343,Crabtree,sheet
2018,Aidan,JuJu Smith-Schuster,4040,id:4040,WR,4,,344,Juju,sheet
2018,Aidan,Sammy Watkins,1817,id:1817,WR,2,,345,Sammy Watkins,sheet
2018,Ankit,Jaguars,,def:Jaguars,DEF,3,,346,Jags,sheet
2018,Ankit,Vikings,,def:Vikings,DEF,3,,347,Vikings,sheet
2018,Ankit,Stephen Gostkowski,110,id:110,K,3,,348,Gostowski,sheet
2018,Ankit,Aaron Rodgers,96,id:96,QB,22,,349,Aaron Rodgers,sheet
2018,Ankit,Deshaun Watson,4017,id:4017,QB,13,,350,D. Watson,sheet
2018,Ankit,LeSean McCoy,676,id:676,RB,25,,351,Mccoy,sheet
2018,Ankit,Joe Mixon,4018,id:4018,RB,20,,352,Mixon,sheet
2018,Ankit,Derrick Henry,3198,id:3198,RB,14,,353,Derick Henry,sheet
2018,Ankit,James White,1848,id:1848,RB,1,,354,James White,sheet
2018,Ankit,Nick Chubb,4988,id:4988,RB,1,,355,Nick Chubb,sheet
2018,Ankit,Sony Michel,4962,id:4962,RB,1,,356,Sony Michel,sheet
2018,Ankit,Rashaad Penny,4985,id:4985,RB,1,,357,Rashaad Penny,sheet
2018,Ankit,Rob Gronkowski,515,id:515,TE,35,,358,Gronk,sheet
2018,Ankit,Travis Kelce,1466,id:1466,TE,22,,359,Kelce,sheet
2018,Ankit,Adam Thielen,1689,id:1689,WR,19,,360,Theilen,sheet
2018,Ankit,Allen Robinson,1992,id:1992,WR,12,,361,Allen Robinson,sheet
2018,Ben,Cardinals,,def:Cardinals,DEF,1,,362,Cardinals,sheet
2018,Ben,Chris Boswell,1945,id:1945,K,1,,363,Boswell,sheet
2018,Ben,Kirk Cousins,1166,id:1166,QB,2,,364,Cousins,sheet
2018,Ben,Lamar Miller,1048,id:1048,RB,19,,365,Lamar Miller,sheet
2018,Ben,Chris Carson,4273,id:4273,RB,7,,366,Chris Carson,sheet
2018,Ben,Tarik Cohen,4157,id:4157,RB,7,,367,Tarik Cohen,sheet
2018,Ben,Peyton Barber,3594,id:3594,RB,2,,368,Peyton Barber,sheet
2018,Ben,Bilal Powell,818,id:818,RB,1,,369,Bilal Powell,sheet
2018,Ben,Chris Thompson,1502,id:1502,RB,1,,370,Chris Thompson,sheet
2018,Ben,C.J. Anderson,1451,id:1451,RB,1,,371,Cj Anderson,sheet
2018,Ben,Zach Ertz,1339,id:1339,TE,16,,372,Ertz,sheet
2018,Ben,Antonio Brown,536,id:536,WR,63,,373,Antonio Brown,sheet
2018,Ben,Odell Beckham,2078,id:2078,WR,52,,374,Odell Beckham,sheet
2018,Ben,Josh Gordon,1244,id:1244,WR,24,,375,Josh Gordon,sheet
2018,Ben,Devin Funchess,2346,id:2346,WR,2,,376,Devin Funchess,sheet
2018,Ben,Josh Doctson,3178,id:3178,WR,1,,377,Josh Doctson,sheet
2018,Rohaan,Eagles,,def:Eagles,DEF,3,,378,Eagles,sheet
2018,Rohaan,Vinater,,name:vinater|K,K,1,,379,Vinater,sheet
2018,Rohaan,Cam Newton,954,id:954,QB,8,,380,Cam Newton,sheet
2018,Rohaan,Mitchell Trubisky,3976,id:3976,QB,1,,381,Mitch Trubisky,sheet
2018,Rohaan,Alvin Kamara,4035,id:4035,RB,61,,382,Kamara,sheet
2018,Rohaan,Dalvin Cook,4029,id:4029,RB,55,,383,Cook,sheet
2018,Rohaan,Jerick McKinnon,2161,id:2161,RB,19,,384,Mckinnon,sheet
2018,Rohaan,Latavius Murray,1476,id:1476,RB,1,,385,Latavius Murray,sheet
2018,Rohaan,Doug Martin,1195,id:1195,RB,1,,386,Doug Martin,sheet
2018,Rohaan,Jeremy Hill,1892,id:1892,RB,1,,387,Jeremy Hill,sheet
2018,Rohaan,David Njoku,4033,id:4033,TE,2,,388,Njoku,sheet
2018,Rohaan,A.J. Green,830,id:830,WR,39,,389,Aj Green,sheet
2018,Rohaan,William Fuller,3157,id:3157,WR,5,,390,Fuller V,sheet
2018,Rohaan,Golden Tate,642,id:642,WR,1,,391,Golden Tate,sheet
2018,Rohaan,Cooper Kupp,4039,id:4039,WR,1,,392,Cooper Kupp,sheet
2018,Rohaan,Cameron Meredith,2699,id:2699,WR,1,,393,Cameron Meredith,sheet
2018,Jake,Chargers,,def:Chargers,DEF,1,,394,Chargers,sheet
2018,Jake,Matt Bryant,127,id:127,K,1,,395,Matt Bryant,sheet
2018,Jake,Drew Brees,289,id:289,QB,2,,396,Brees,sheet
2018,Jake,Devonta Freeman,2168,id:2168,RB,47,,397,Devonta Freeman,sheet
2018,Jake,Tevin Coleman,2378,id:2378,RB,7,,398,Tevin Coleman,sheet
2018,Jake,Marshawn Lynch,745,id:745,RB,6,,399,Marshawn Lynch,sheet
2018,Jake,Dion Lewis,788,id:788,RB,5,,400,Dion Lewis,sheet
2018,Jake,Adrian Peterson,184,id:184,RB,3,,401,Adrian Peterson,sheet
2018,Jake,Ty Montgomery,2399,id:2399,RB,4,,402,Ty Montgomery,sheet
2018,Jake,Greg Olsen,58,id:58,TE,7,,403,Olson,sheet
2018,Jake,Michael Thomas,3199,id:3199,WR,50,,404,Michael Thomas,sheet
2018,Jake,T.Y. Hilton,1110,id:1110,WR,21,,405,Ty Hilton,sheet
2018,Jake,Stefon Diggs,2449,id:2449,WR,20,,406,Diggs,sheet
2018,Jake,Amari Cooper,2309,id:2309,WR,15,,407,Aamari Cooper,sheet
2018,Jake,Marvin Jones,1067,id:1067,WR,5,,408,Marvin Jones,sheet
2018,Jake,Marquise Goodwin,1346,id:1346,WR,6,,409,Marguise Goodwin,sheet
2018,Joe,Ravens,,def:Ravens,DEF,1,,410,Ravens,sheet
2018,Joe,Justin Tucker,1264,id:1264,K,2,,411,Justin Tucker,sheet
2018,Joe,Tom Brady,167,id:167,QB,13,,412,Brady,sheet
2018,Joe,Matt Ryan,24,id:24,QB,1,,413,Matt Ryan,sheet
2018,Joe,Leonard Fournette,3969,id:3969,RB,67,,414,Fournette,sheet
2018,Joe,Kareem Hunt,4098,id:4098,RB,66,,415,Kareem Hunt,sheet
2018,Joe,Carlos Hyde,2257,id:2257,RB,6,,416,Carlos Hyde,sheet
2018,Joe,Jimmy Graham,616,id:616,TE,5,,417,Graham,sheet
2018,Joe,Jordan Reed,1500,id:1500,TE,1,,418,Reed,sheet
2018,Joe,Tyler Eifert,1388,id:1388,TE,1,,419,Tyler Eifert,sheet
2018,Joe,Mike Evans,2216,id:2216,WR,28,,420,Mike Evans,sheet
2018,Joe,Alshon Jeffery,1149,id:1149,WR,3,,421,Alshon,sheet
2018,Joe,Pierre Garcon,269,id:269,WR,3,,422,Pierre Garcon,sheet
2018,Joe,Cordarrelle Patterson,1535,id:1535,WR,1,,423,Cordarelle Patterson,sheet
2018,Joe,Donte Moncrief,1971,id:1971,WR,1,,424,Donte Moncrief,sheet
2018,Joe,Kenny Golladay,4131,id:4131,WR,1,,425,Kenny Golladay,sheet
2018,Oleg,Saints,,def:Saints,DEF,1,,426,Saints,sheet
2018,Oleg,Matt Prater,17,id:17,K,1,,427,Matt Prater,sheet
2018,Oleg,Andrew Luck,1111,id:1111,QB,5,,428,Luck,sheet
2018,Oleg,Saquon Barkley,4866,id:4866,RB,62,,429,Quads Barkley,sheet
2018,Oleg,Alex Collins,3327,id:3327,RB,19,,430,Alex Collins,sheet
2018,Oleg,Jay Ajayi,2452,id:2452,RB,13,,431,Jay Ajayi,sheet
2018,Oleg,Aaron Jones,4199,id:4199,RB,2,,432,Aaron Jones,sheet
2018,Oleg,Kerryon Johnson,5068,id:5068,RB,4,,433,Kerryon Johnson,sheet
2018,Oleg,Evan Engram,4066,id:4066,TE,4,,434,Evan Engram,sheet
2018,Oleg,DeAndre Hopkins,1426,id:1426,WR,61,,435,Hopkins,sheet
2018,Oleg,Doug Baldwin,988,id:988,WR,11,,436,Doug Baldwin,sheet
2018,Oleg,Jarvis Landry,1825,id:1825,WR,9,,437,Jarvis Landry,sheet
2018,Oleg,Julian Edelman,344,id:344,WR,3,,438,Edelman,sheet
2018,Oleg,Robbie Chosen,3423,id:3423,WR,1,,439,Robby Anderson,sheet
2018,Oleg,Kenny Stills,1555,id:1555,WR,3,,440,Kenny Stills,sheet
2018,Oleg,Sterling Shepard,3200,id:3200,WR,1,,441,Sterling Shepard,sheet
2018,Ryan,Titans,,def:Titans,DEF,1,,442,Titans,sheet
2018,Ryan,Wil Lutz,3678,id:3678,K,1,,443,Lutz,sheet
2018,Ryan,Carson Wentz,3161,id:3161,QB,4,,444,Carson Wentz,sheet
2018,Ryan,Alex Smith,268,id:268,QB,1,,445,Alex Smith,sheet
2018,Ryan,Le'Veon Bell,1408,id:1408,RB,69,,446,Leveon Bell,sheet
2018,Ryan,Christian McCaffrey,4034,id:4034,RB,46,,447,Mccafrey,sheet
2018,Ryan,Jordan Wilkins,5100,id:5100,RB,1,,448,Jordan Wilkins,sheet
2018,Ryan,Jamaal Williams,4149,id:4149,RB,2,,449,Jamaal Williams,sheet
2018,Ryan,Duke Johnson,2382,id:2382,RB,1,,450,Duke Johnson,sheet
2018,Ryan,Delanie Walker,284,id:284,TE,1,,451,Delaine Walker,sheet
2018,Ryan,Keenan Allen,1479,id:1479,WR,48,,452,Keenan Allen,sheet
2018,Ryan,Tyreek Hill,3321,id:3321,WR,21,,453,Tyreek Hill,sheet
2018,Ryan,Jamison Crowder,2410,id:2410,WR,1,,454,Jamison Crowder,sheet
2018,Ryan,Nelson Agholor,2325,id:2325,WR,1,,455,Nelson Agholor,sheet
2018,Ryan,Randall Cobb,928,id:928,WR,1,,456,Randall Cobb,sheet
2018,Ryan,Tyler Lockett,2374,id:2374,WR,1,,457,Tyler Lockett,sheet
2018,Steven,Broncos,,def:Broncos,DEF,2,,458,Broncos,sheet
2018,Steven,Jake Elliott,4195,id:4195,K,2,,459,Jake Eliot,sheet
2018,Steven,Ben Roethlisberger,138,id:138,QB,1,,460,Roethlisberger,sheet
2018,Steven,David Johnson,2391,id:2391,RB,80,,461,David Johnson,sheet
2018,Steven,Ezekiel Elliott,3164,id:3164,RB,71,,462,Zeke,sheet
2018,Steven,Mark Ingram,956,id:956,RB,11,,463,Mark Ingram,sheet
2018,Steven,Marlon Mack,4152,id:4152,RB,1,,464,Marlon Mack,sheet
2018,Steven,Jack Doyle,1706,id:1706,TE,1,,465,Jack Doyle,sheet
2018,Steven,Brandin Cooks,2197,id:2197,WR,15,,466,Cooks,sheet
2018,Steven,Demaryius Thomas,560,id:560,WR,6,,467,Demarius Thomas,sheet
2018,Steven,Isaiah Crowell,1901,id:1901,WR,5,,468,Crowmeidocre,sheet
2018,Steven,J.J. Nelson,2462,id:2462,WR,1,,469,Nelson,sheet
2018,Steven,Kelvin Benjamin,2182,id:2182,WR,1,,470,Kelvin Benjamin,sheet
2018,Steven,Allen Hurns,1984,id:1984,WR,1,,471,Allen Hurns,sheet
2018,Steven,Keelan Cole,4622,id:4622,WR,1,,472,Keelan Cole,sheet
2018,Steven,DeSean Jackson,147,id:147,WR,1,,473,Desean Jackson,sheet
2018,Tommy,Rams,,def:Rams,DEF,2,,474,Rams,sheet
2018,Tommy,Greg Zuerlein,1266,id:1266,K,3,,475,Greg Zurloins,sheet
2018,Tommy,Patrick Mahomes,4046,id:4046,QB,1,,476,Mahomes,sheet
2018,Tommy,Matthew Stafford,421,id:421,QB,1,,477,Stafford,sheet
2018,Tommy,Todd Gurley,2315,id:2315,RB,78,,478,Gurley,sheet
2018,Tommy,Jordan Howard,3306,id:3306,RB,35,,479,Jordan Howard,sheet
2018,Tommy,Kenyan Drake,3242,id:3242,RB,20,,480,Kenyan Drake,sheet
2018,Tommy,LeGarrette Blount,730,id:730,RB,1,,481,Legarrette Blount,sheet
2018,Tommy,Rob Kelley,3657,id:3657,RB,1,,482,Rob Kelly,sheet
2018,Tommy,Trey Burton,1793,id:1793,TE,1,,483,Trey Burton,sheet
2018,Tommy,Davante Adams,2133,id:2133,WR,46,,484,Devante Adams,sheet
2018,Tommy,Emmanuel Sanders,538,id:538,WR,7,,485,Sanders,sheet
2018,Tommy,Robert Woods,1352,id:1352,WR,1,,486,Robert Woods,sheet
2018,Tommy,John Ross,4038,id:4038,WR,1,,487,John Ross,sheet
2018,Tommy,Corey Davis,4036,id:4036,WR,1,,488,Corey Davis,sheet
2018,Tommy,Chris Godwin,4037,id:4037,WR,1,,489,Chris Godwin,sheet
2017,Aidan,Cardinals,,def:Cardinals,DEF,1,,490,Cards D,sheet
2017,Aidan,Phil Dawson,229,id:229,K,1,,491,Phil Dawson,sheet
2017,Aidan,Derek Carr,2028,id:2028,QB,6,,492,Derek Carr,sheet
2017,Aidan,Ben Roethlisberger,138,id:138,QB,2,,493,Ben Roethlisberger,sheet
2017,Aidan,Jay Ajayi,2452,id:2452,RB,46,,494,Jay Ajayi,sheet
2017,Aidan,Marshawn Lynch,745,id:745,RB,31,,495,Marshawn Lynch,sheet
2017,Aidan,Danny Woodhead,735,id:735,RB,6,,496,Danny Woodhead,sheet
2017,Aidan,Theo Riddick,1517,id:1517,RB,2,,497,Theo Riddick,sheet
2017,Aidan,Duke Johnson,2382,id:2382,RB,1,,498,Duke Johnson Jr.,sheet
2017,Aidan,DeAndre Washington,3300,id:3300,RB,1,,499,Deandre Washington,sheet
2017,Aidan,Delanie Walker,284,id:284,TE,8,,500,Delanie Walker,sheet
2017,Aidan,Julio Jones,947,id:947,WR,60,,501,Julio Jones,sheet
2017,Aidan,DeAndre Hopkins,1426,id:1426,WR,28,,502,DeAndre Hopkins,sheet
2017,Aidan,Larry Fitzgerald,223,id:223,WR,5,,503,Larry Fitzgerald,sheet
2017,Aidan,Sterling Shepard,3200,id:3200,WR,1,,504,Sterling Shephard,sheet
2017,Aidan,Danny Amendola,491,id:491,WR,1,,505,Danny Amendola,sheet
2017,Ankit,Ravens,,def:Ravens,DEF,1,,506,Ravens D,sheet
2017,Ankit,Caleb Sturgis,1358,id:1358,K,1,,507,Caleb Sturgis,sheet
2017,Ankit,Eli Manning,188,id:188,QB,1,,508,Eli Manning,sheet
2017,Ankit,Philip Rivers,331,id:331,QB,1,,509,Phil Rivers,sheet
2017,Ankit,David Johnson,2391,id:2391,RB,83,,510,David Johnson,sheet
2017,Ankit,Le'Veon Bell,1408,id:1408,RB,71,,511,LeVeon Bell,sheet
2017,Ankit,Alfred Morris,1170,id:1170,RB,1,,512,Alfred Morris,sheet
2017,Ankit,C.J. Anderson,1451,id:1451,RB,8,,513,CJ Anderson,sheet
2017,Ankit,Terrance West,1912,id:1912,RB,2,,514,Terrance West,sheet
2017,Ankit,LeGarrette Blount,730,id:730,RB,2,,515,LeGarette Blount,sheet
2017,Ankit,Greg Olsen,58,id:58,TE,13,,516,Greg Olsen,sheet
2017,Ankit,Brandon Marshall,648,id:648,WR,5,,517,Brandon Marshall,sheet
2017,Ankit,Jeremy Maclin,411,id:411,WR,1,,518,Jeremy Maclin,sheet
2017,Ankit,Keenan Allen,1479,id:1479,WR,7,,519,Keenan Allen,sheet
2017,Ankit,Jordan Matthews,1800,id:1800,WR,1,,520,Jordan Matthews,sheet
2017,Ankit,Pierre Garcon,269,id:269,WR,2,,521,Pierre Garcon,sheet
2017,Ben,Bills,,def:Bills,DEF,1,,522,Bills D/ST,sheet
2017,Ben,Dan Bailey,899,id:899,K,2,,523,Dan Bailey,sheet
2017,Ben,Russell Wilson,1234,id:1234,QB,7,,524,Russell Wilson,sheet
2017,Ben,Carlos Hyde,2257,id:2257,RB,30,,525,Carlos Hyde,sheet
2017,Ben,Ty Montgomery,2399,id:2399,RB,9,,526,Ty Montgomery,sheet
2017,Ben,Darren McFadden,326,id:326,RB,8,,527,Darren McFadden,sheet
2017,Ben,Samaje Perine,4147,id:4147,RB,1,,528,Samaje Perin,sheet
2017,Ben,Jamaal Charles,323,id:323,RB,1,,529,Jamaal Charles,sheet
2017,Ben,Kerwynn Williams,1441,id:1441,RB,1,,530,Kerwynn Williams,sheet
2017,Ben,C.J. Prosise,3204,id:3204,RB,1,,531,CJ Prosise,sheet
2017,Ben,Rob Gronkowski,515,id:515,TE,34,,532,Gronk,sheet
2017,Ben,Antonio Brown,536,id:536,WR,67,,533,Antonio Brown,sheet
2017,Ben,Terrelle Pryor,1020,id:1020,WR,30,,534,Terrelle Pryor Sr.,sheet
2017,Ben,Emmanuel Sanders,538,id:538,WR,3,,535,Emmanuel Sanders,sheet
2017,Ben,DeVante Parker,2319,id:2319,WR,2,,536,DeVante Parker,sheet
2017,Ben,Kevin White,2312,id:2312,WR,1,,537,Kevin White,sheet
2017,Rohaan,Panthers,,def:Panthers,DEF,2,,538,Panthers D,sheet
2017,Rohaan,Justin Tucker,1264,id:1264,K,2,,539,Justin Tucker,sheet
2017,Rohaan,Drew Brees,289,id:289,QB,17,,540,Drew Brees,sheet
2017,Rohaan,Andrew Luck,1111,id:1111,QB,1,,541,Andrew Luck,sheet
2017,Rohaan,Melvin Gordon,2320,id:2320,RB,69,,542,Melvin Gordon,sheet
2017,Rohaan,Dalvin Cook,4029,id:4029,RB,27,,543,Dalvin Cook,sheet
2017,Rohaan,Mike Gillislee,1353,id:1353,RB,10,,544,Mike Gillislee,sheet
2017,Rohaan,Adrian Peterson,184,id:184,RB,7,,545,Adrian Peterson,sheet
2017,Rohaan,Latavius Murray,1476,id:1476,RB,1,,546,Latavius Murray,sheet
2017,Rohaan,Travis Kelce,1466,id:1466,TE,12,,547,Travis Kelce,sheet
2017,Rohaan,Brandin Cooks,2197,id:2197,WR,38,,548,Brandin Cooks,sheet
2017,Rohaan,Sammy Watkins,1817,id:1817,WR,7,,549,Sammy Watkins,sheet
2017,Rohaan,Jamison Crowder,2410,id:2410,WR,2,,550,Jamison Crowder,sheet
2017,Rohaan,DeSean Jackson,147,id:147,WR,3,,551,DeSean Jackson,sheet
2017,Rohaan,Eric Decker,558,id:558,WR,1,,552,Eric Decker,sheet
2017,Rohaan,Randall Cobb,928,id:928,WR,1,,553,Randall Cobb,sheet
2017,Jake,Steelers,,def:Steelers,DEF,1,,554,Steelers D/ST,sheet
2017,Jake,Younghoe Koo,4666,id:4666,K,1,,555,Younghoe Koo,sheet
2017,Jake,Cam Newton,954,id:954,QB,7,,556,Cam Newton,sheet
2017,Jake,Jordan Howard,3306,id:3306,RB,60,,557,Jordan Howard,sheet
2017,Jake,Lamar Miller,1048,id:1048,RB,32,,558,Lamar Miller,sheet
2017,Jake,Christian McCaffrey,4034,id:4034,RB,16,,559,Christian McCaffrey,sheet
2017,Jake,Bilal Powell,818,id:818,RB,7,,560,Bilal Powell,sheet
2017,Jake,Jacquizz Rodgers,949,id:949,RB,2,,561,Jaquizz Rogers,sheet
2017,Jake,Hunter Henry,3214,id:3214,TE,1,,562,Hunter Henry,sheet
2017,Jake,Mike Evans,2216,id:2216,WR,57,,563,Mike Evans,sheet
2017,Jake,Allen Robinson,1992,id:1992,WR,9,,564,Allen Robinson,sheet
2017,Jake,Willie Snead,1911,id:1911,WR,1,,565,Willie Snead,sheet
2017,Jake,Chris Hogan,1329,id:1329,WR,1,,566,Chris Hogan,sheet
2017,Jake,Tyrell Williams,2583,id:2583,WR,1,,567,Tyrell Williams,sheet
2017,Jake,Golden Tate,642,id:642,WR,1,,568,Golden Tate,sheet
2017,Jake,Ted Ginn,695,id:695,WR,2,,569,Ted Ginn Jr.,sheet
2017,Joe,Colts,,def:Colts,DEF,1,,570,Colts D,sheet
2017,Joe,Matt Bryant,127,id:127,K,2,,571,Matt Bryant,sheet
2017,Joe,Aaron Rodgers,96,id:96,QB,35,,572,Aaron Rodgers,sheet
2017,Joe,DeMarco Murray,904,id:904,RB,45,,573,Demarco Murray,sheet
2017,Joe,Rob Kelley,3657,id:3657,RB,4,,574,Fat Rob,sheet
2017,Joe,Derrick Henry,3198,id:3198,RB,2,,575,Derrick Henry,sheet
2017,Joe,Doug Martin,1195,id:1195,RB,4,,576,Doug Martin,sheet
2017,Joe,Ameer Abdullah,2359,id:2359,RB,4,,577,Ameer Abdullah,sheet
2017,Joe,Thomas Rawls,2585,id:2585,RB,5,,578,Thomas Rawls,sheet
2017,Joe,Jonathan Stewart,218,id:218,RB,2,,579,Jonathan Stewart,sheet
2017,Joe,Jimmy Graham,616,id:616,TE,11,,580,Jimmy Graham,sheet
2017,Joe,Dez Bryant,574,id:574,WR,31,,581,Dez Bryant,sheet
2017,Joe,Doug Baldwin,988,id:988,WR,20,,582,Doug Baldwin,sheet
2017,Joe,Demaryius Thomas,560,id:560,WR,15,,583,Demaryius Thomas,sheet
2017,Joe,Davante Adams,2133,id:2133,WR,15,,584,Davante Adams,sheet
2017,Joe,Jarvis Landry,1825,id:1825,WR,4,,585,Jarvis Landry,sheet
2017,Oleg,Broncos,,def:Broncos,DEF,3,,586,Broncos D/ST,sheet
2017,Oleg,Vikings,,def:Vikings,DEF,2,,587,Vikings D,sheet
2017,Oleg,Vinatieri,,name:vinatieri|K,K,2,,588,Vinatieri,sheet
2017,Oleg,Matt Ryan,24,id:24,QB,9,,589,Matt Ryan,sheet
2017,Oleg,Dak Prescott,3294,id:3294,QB,5,,590,Dak Prescott,sheet
2017,Oleg,Devonta Freeman,2168,id:2168,RB,68,,591,Devonta Freeman,sheet
2017,Oleg,Joe Mixon,4018,id:4018,RB,13,,592,Joe Mixon,sheet
2017,Oleg,Eddie Lacy,1527,id:1527,RB,8,,593,Eddie Lacy,sheet
2017,Oleg,Tevin Coleman,2378,id:2378,RB,6,,594,Tevin Coleman,sheet
2017,Oleg,Frank Gore,232,id:232,RB,5,,595,Frank Gore,sheet
2017,Oleg,Tyler Eifert,1388,id:1388,TE,5,,596,Tyler Eifert,sheet
2017,Oleg,T.Y. Hilton,1110,id:1110,WR,25,,597,TY Hilton,sheet
2017,Oleg,Kelvin Benjamin,2182,id:2182,WR,18,,598,Kelvin Benjamin,sheet
2017,Oleg,Alshon Jeffery,1149,id:1149,WR,15,,599,Alshon Jeffrey,sheet
2017,Oleg,Michael Crabtree,455,id:455,WR,9,,600,Michael Crabtree,sheet
2017,Oleg,Martavis Bryant,1916,id:1916,WR,7,,601,Martavis Bryant,sheet
2017,Ryan,Falcons,,def:Falcons,DEF,1,,602,Falcons D,sheet
2017,Ryan,Matt Prater,17,id:17,K,1,,603,Matt Prater,sheet
2017,Ryan,Tom Brady,167,id:167,QB,16,,604,Tom Brady,sheet
2017,Ryan,LeSean McCoy,676,id:676,RB,64,,605,Shady,sheet
2017,Ryan,Charles Sims,2223,id:2223,RB,1,,606,Charles Sims,sheet
2017,Ryan,Giovani Bernard,1386,id:1386,RB,1,,607,Giovanni Bernard,sheet
2017,Ryan,Dion Lewis,788,id:788,RB,1,,608,Dion Lewis,sheet
2017,Ryan,Chris Thompson,1502,id:1502,RB,1,,609,Chris Thompson,sheet
2017,Ryan,Zach Ertz,1339,id:1339,TE,1,,610,Zack Ertz,sheet
2017,Ryan,Odell Beckham,2078,id:2078,WR,60,,611,ODB,sheet
2017,Ryan,Jordy Nelson,175,id:175,WR,48,,612,Jordy Nelson,sheet
2017,Ryan,Jermaine Kearse,1290,id:1290,WR,1,,613,Jermaine Kearse,sheet
2017,Ryan,Donte Moncrief,1971,id:1971,WR,1,,614,Donte Moncrief,sheet
2017,Ryan,Adam Thielen,1689,id:1689,WR,1,,615,Adam Thielen,sheet
2017,Ryan,John Brown,2238,id:2238,WR,1,,616,John Brown,sheet
2017,Ryan,Corey Davis,4036,id:4036,WR,1,,617,Corey Davis,sheet
2017,Steven,Seahawks,,def:Seahawks,DEF,2,,618,Seahawks D,sheet
2017,Steven,Stephen Gostkowski,110,id:110,K,3,,619,Gostkowski,sheet
2017,Steven,Jameis Winston,2306,id:2306,QB,2,,620,Jameis Winston,sheet
2017,Steven,Kirk Cousins,1166,id:1166,QB,3,,621,Kirk Cousins,sheet
2017,Steven,Ezekiel Elliott,3164,id:3164,RB,54,,622,Ezekiel Elliott,sheet
2017,Steven,Leonard Fournette,3969,id:3969,RB,44,,623,Leonard Fournette,sheet
2017,Steven,Mark Ingram,956,id:956,RB,21,,624,Mark Ingram,sheet
2017,Steven,Paul Perkins,3211,id:3211,RB,2,,625,Paul Perkins,sheet
2017,Steven,Matt Forte,103,id:103,RB,1,,626,Matt Forte,sheet
2017,Steven,Jeremy Hill,1892,id:1892,RB,1,,627,Jeremy Hill,sheet
2017,Steven,Jordan Reed,1500,id:1500,TE,12,,628,Jojen,sheet
2017,Steven,A.J. Green,830,id:830,WR,48,,629,AJ Green,sheet
2017,Steven,Stefon Diggs,2449,id:2449,WR,2,,630,Stefon Diggs,sheet
2017,Steven,Kenny Britt,366,id:366,WR,1,,631,Kenny Britt,sheet
2017,Steven,Zay Jones,4080,id:4080,WR,1,,632,Zay Jones,sheet
2017,Steven,Marvin Jones,1067,id:1067,WR,3,,633,Marvin Jones,sheet
2017,Tommy,Texans,,def:Texans,DEF,2,,634,Texans D,sheet
2017,Tommy,Wil Lutz,3678,id:3678,K,1,,635,Will Lutz,sheet
2017,Tommy,Marcus Mariota,2307,id:2307,QB,1,,636,Marcus Mariota,sheet
2017,Tommy,Todd Gurley,2315,id:2315,RB,44,,637,Todd Gurley,sheet
2017,Tommy,Isaiah Crowell,1901,id:1901,RB,39,,638,Isaiah Crowell,sheet
2017,Tommy,Kareem Hunt,4098,id:4098,RB,30,,639,Kareem Hunt,sheet
2017,Tommy,Charcandrick West,2024,id:2024,RB,1,,640,Charcandrick West,sheet
2017,Tommy,Jamaal Williams,4149,id:4149,RB,3,,641,Jamaal Williams,sheet
2017,Tommy,James White,1848,id:1848,RB,1,,642,James White,sheet
2017,Tommy,Kyle Rudolph,943,id:943,TE,1,,643,Kyle Rudolph,sheet
2017,Tommy,Michael Thomas,3199,id:3199,WR,40,,644,Michael Thomas,sheet
2017,Tommy,Amari Cooper,2309,id:2309,WR,28,,645,Amari Cooper,sheet
2017,Tommy,Tyreek Hill,3321,id:3321,WR,6,,646,Tyreek Hill,sheet
2017,Tommy,Taylor Gabriel,1903,id:1903,WR,1,,647,Taylor Gabriel,sheet
2017,Tommy,Corey Coleman,3177,id:3177,WR,1,,648,Corey Coleman,sheet
2017,Tommy,Mike Wallace,365,id:365,WR,1,,649,Mike Wallace,sheet
2016,Aidan,Patriots,,def:Patriots,DEF,1,,650,Pats,sheet
2016,Aidan,Phil Dawson,229,id:229,K,1,,651,P Dawson,sheet
2016,Aidan,Russell Wilson,1234,id:1234,QB,11,,652,Russell Wilson,sheet
2016,Aidan,Matt Forte,103,id:103,RB,26,,653,Matt Forte,sheet
2016,Aidan,Doug Martin,1195,id:1195,RB,31,,654,Doug Martin,sheet
2016,Aidan,Carlos Hyde,2257,id:2257,RB,21,,655,Carlos Hyde,sheet
2016,Aidan,Danny Woodhead,735,id:735,RB,6,,656,Woodhead,sheet
2016,Aidan,Charles Sims,2223,id:2223,RB,3,,657,Charles Sims,sheet
2016,Aidan,Theo Riddick,1517,id:1517,RB,1,,658,T Riddick,sheet
2016,Aidan,Kenjon Barner,1546,id:1546,TE,2,,659,Barnage,sheet
2016,Aidan,Antonio Brown,536,id:536,WR,59,,660,Antonio Brown,sheet
2016,Aidan,Keenan Allen,1479,id:1479,WR,28,,661,Keenan Allen,sheet
2016,Aidan,John Brown,2238,id:2238,WR,5,,662,John Brown,sheet
2016,Aidan,Michael Crabtree,455,id:455,WR,3,,663,M Crabtree,sheet
2016,Aidan,Willie Snead,1911,id:1911,WR,1,,664,Willy Snead,sheet
2016,Aidan,Tavon Austin,1567,id:1567,WR,1,,665,T Austin,sheet
2016,Ankit,Bills,,def:Bills,DEF,1,,666,Bills,sheet
2016,Ankit,Adam Vinatieri,120,id:120,K,1,,667,Vinatieri,sheet
2016,Ankit,Tyrod Taylor,827,id:827,QB,3,,668,TyGod,sheet
2016,Ankit,Le'Veon Bell,1408,id:1408,RB,65,,669,Le'Veon Bell,sheet
2016,Ankit,DeAngelo Williams,306,id:306,RB,12,,670,DeAngelo Williams,sheet
2016,Ankit,Justin Forsett,458,id:458,RB,3,,671,Forsett,sheet
2016,Ankit,T.J. Yeldon,2341,id:2341,RB,3,,672,Yeldon,sheet
2016,Ankit,Chris Ivory,717,id:717,RB,1,,673,Ivory,sheet
2016,Ankit,Jordan Reed,1500,id:1500,TE,24,,674,Jordan Reed,sheet
2016,Ankit,Odell Beckham,2078,id:2078,WR,59,,675,ODB,sheet
2016,Ankit,Jordan Matthews,1800,id:1800,WR,10,,676,Jordan Matthews,sheet
2016,Ankit,Kelvin Benjamin,2182,id:2182,WR,6,,677,Kelvin Benjamin,sheet
2016,Ankit,Torrey Smith,826,id:826,WR,4,,678,Torrey Smith,sheet
2016,Ankit,DeVante Parker,2319,id:2319,WR,3,,679,Parker,sheet
2016,Ankit,Travis Benjamin,1077,id:1077,WR,2,,680,T Benjaimin,sheet
2016,Ankit,Kevin White,2312,id:2312,WR,3,,681,Kevin White,sheet
2016,Ben,Panthers,,def:Panthers,DEF,2,,682,Panthers,sheet
2016,Ben,Dan Bailey,899,id:899,K,2,,683,Dan Bailey,sheet
2016,Ben,Andrew Luck,1111,id:1111,QB,9,,684,Luck,sheet
2016,Ben,Ezekiel Elliott,3164,id:3164,RB,46,,685,Elliot,sheet
2016,Ben,Thomas Rawls,2585,id:2585,RB,28,,686,Rawls,sheet
2016,Ben,Jerick McKinnon,2161,id:2161,RB,2,,687,McKinnon,sheet
2016,Ben,Christine Michael,1596,id:1596,RB,4,,688,Christine,sheet
2016,Ben,DeAndre Washington,3300,id:3300,RB,1,,689,D Washington,sheet
2016,Ben,Cameron Artis-Payne,2477,id:2477,RB,1,,690,C Artist-Payne,sheet
2016,Ben,Rob Gronkowski,515,id:515,TE,39,,691,Gronk,sheet
2016,Ben,Alshon Jeffery,1149,id:1149,WR,31,,692,Jeffery,sheet
2016,Ben,Demaryius Thomas,560,id:560,WR,23,,693,D Thomas,sheet
2016,Ben,Eric Decker,558,id:558,WR,8,,694,Decker,sheet
2016,Ben,Sterling Shepard,3200,id:3200,WR,2,,695,S Shepard,sheet
2016,Ben,Chris Hogan,1329,id:1329,WR,1,,696,C Hogan,sheet
2016,Ben,Kamar Aiken,794,id:794,WR,1,,697,Aiken,sheet
2016,Rohaan,Bengals,,def:Bengals,DEF,2,,698,Bengals,sheet
2016,Rohaan,Stephen Hauschka,775,id:775,K,2,,699,Haushka,sheet
2016,Rohaan,Ben Roethlisberger,138,id:138,QB,11,,700,Big Ben,sheet
2016,Rohaan,Philip Rivers,331,id:331,QB,1,,701,Phillip Rivers,sheet
2016,Rohaan,Adrian Peterson,184,id:184,RB,68,,702,AP,sheet
2016,Rohaan,C.J. Anderson,1451,id:1451,RB,21,,703,CJ Anderson,sheet
2016,Rohaan,Duke Johnson,2382,id:2382,RB,5,,704,Duke Johnson,sheet
2016,Rohaan,Bilal Powell,818,id:818,RB,1,,705,B Powell,sheet
2016,Rohaan,Devontae Booker,3209,id:3209,RB,1,,706,D Booker,sheet
2016,Rohaan,Isaiah Crowell,1901,id:1901,RB,1,,707,I. Crowell,sheet
2016,Rohaan,Darren Sproles,246,id:246,RB,1,,708,Darren Sproles,sheet
2016,Rohaan,Greg Olsen,58,id:58,TE,14,,709,Greg Olsen,sheet
2016,Rohaan,Sammy Watkins,1817,id:1817,WR,39,,710,Watkins,sheet
2016,Rohaan,Brandin Cooks,2197,id:2197,WR,31,,711,Brandin Cooks,sheet
2016,Rohaan,Tyler Lockett,2374,id:2374,WR,1,,712,T Lockett,sheet
2016,Rohaan,Mohamed Sanu,1071,id:1071,WR,1,,713,Mohammed Sanu,sheet
2016,Jake,Vikings,,def:Vikings,DEF,1,,714,Vikings,sheet
2016,Jake,Cairo Santos,2020,id:2020,K,1,,715,C Santos,sheet
2016,Jake,Derek Carr,2028,id:2028,QB,1,,716,Carr,sheet
2016,Jake,Andy Dalton,829,id:829,QB,1,,717,Andy Dalton,sheet
2016,Jake,David Johnson,2391,id:2391,RB,60,,718,David Johnson,sheet
2016,Jake,Jeremy Hill,1892,id:1892,RB,14,,719,Jeremy Hill,sheet
2016,Jake,Melvin Gordon,2320,id:2320,RB,5,,720,Melvin Gordon,sheet
2016,Jake,Jared Cook,367,id:367,TE,1,,721,Jared Cook,sheet
2016,Jake,Julio Jones,947,id:947,WR,58,,722,Julio Jones,sheet
2016,Jake,Jordy Nelson,175,id:175,WR,46,,723,Jordy Nelson,sheet
2016,Jake,DeSean Jackson,147,id:147,WR,7,,724,D Jackson,sheet
2016,Jake,Dorial Green-Beckham,2345,id:2345,WR,1,,725,Green-Beckham,sheet
2016,Jake,Charles Johnson,1530,id:1530,WR,1,,726,C Johnson,sheet
2016,Jake,Devin Funchess,2346,id:2346,WR,1,,727,Funchess,sheet
2016,Jake,Mike Wallace,365,id:365,WR,1,,728,Mike Wallace,sheet
2016,Jake,Tyler Gaffney,2189,id:2189,WR,1,,729,Tyler Gaffney,sheet
2016,Joe,Texans,,def:Texans,DEF,2,,730,Texans D,sheet
2016,Joe,Stephen Gostkowski,110,id:110,K,4,,731,Gostkowski,sheet
2016,Joe,Aaron Rodgers,96,id:96,QB,18,,732,Aaron Rodgers,sheet
2016,Joe,LeSean McCoy,676,id:676,RB,44,,733,LeSean McCoy,sheet
2016,Joe,DeMarco Murray,904,id:904,RB,17,,734,DeMarco Murray,sheet
2016,Joe,Ryan Mathews,571,id:571,RB,15,,735,Ryan Matthews,sheet
2016,Joe,Ameer Abdullah,2359,id:2359,RB,2,,736,Abdullah,sheet
2016,Joe,Giovani Bernard,1386,id:1386,RB,3,,737,Gio Bernard,sheet
2016,Joe,Tyler Eifert,1388,id:1388,TE,2,,738,Eiffert,sheet
2016,Joe,Jimmy Graham,616,id:616,TE,1,,739,J Graham,sheet
2016,Joe,DeAndre Hopkins,1426,id:1426,WR,58,,740,Deandre Hopkins,sheet
2016,Joe,Josh Gordon,1244,id:1244,WR,17,,741,Josh Gordon,sheet
2016,Joe,Jeremy Maclin,411,id:411,WR,7,,742,Maclin,sheet
2016,Joe,Vincent Jackson,128,id:128,WR,4,,743,V Jackson,sheet
2016,Joe,Tajae Sharpe,3297,id:3297,WR,1,,744,T Sharpe,sheet
2016,Joe,Allen Hurns,1984,id:1984,WR,1,,745,A Hurns,sheet
2016,Oleg,Seahawks,,def:Seahawks,DEF,4,,746,Seahawks,sheet
2016,Oleg,Broncos,,def:Broncos,DEF,3,,747,Broncos,sheet
2016,Oleg,Blair Walsh,1214,id:1214,K,1,,748,Blair Walsh,sheet
2016,Oleg,Cam Newton,954,id:954,QB,24,,749,Cam Newton,sheet
2016,Oleg,Kirk Cousins,1166,id:1166,QB,2,,750,Kirk Cousins,sheet
2016,Oleg,Eddie Lacy,1527,id:1527,RB,37,,751,Lacy,sheet
2016,Oleg,Jeremy Langford,2411,id:2411,RB,22,,752,Langford,sheet
2016,Oleg,Matt Jones,2400,id:2400,RB,7,,753,Matt Jones,sheet
2016,Oleg,James Starks,762,id:762,RB,2,,754,James Starks,sheet
2016,Oleg,Coby Fleener,1107,id:1107,TE,2,,755,Fleener,sheet
2016,Oleg,Martellus Bennett,40,id:40,TE,1,,756,M. Bennett,sheet
2016,Oleg,Dez Bryant,574,id:574,WR,38,,757,Dez Bryant,sheet
2016,Oleg,Brandon Marshall,648,id:648,WR,30,,758,B Marshall,sheet
2016,Oleg,Julian Edelman,344,id:344,WR,19,,759,Edelman,sheet
2016,Oleg,Larry Fitzgerald,223,id:223,WR,3,,760,Fitzgerald,sheet
2016,Oleg,Steve Smith,169,id:169,WR,5,,761,S Smith,sheet
2016,Ryan,Cardinals,,def:Cardinals,DEF,1,,762,Cardinals D,sheet
2016,Ryan,Justin Tucker,1264,id:1264,K,1,,763,Tucker,sheet
2016,Ryan,Tom Brady,167,id:167,QB,5,,764,Tom Brady,sheet
2016,Ryan,Carson Palmer,91,id:91,QB,2,,765,Carson Palmer,sheet
2016,Ryan,Todd Gurley,2315,id:2315,RB,64,,766,Gurley,sheet
2016,Ryan,Jamaal Charles,323,id:323,RB,38,,767,J Charles,sheet
2016,Ryan,LeGarrette Blount,730,id:730,RB,1,,768,L Blount,sheet
2016,Ryan,Spencer Ware,1601,id:1601,RB,1,,769,S Ware,sheet
2016,Ryan,Paul Perkins,3211,id:3211,RB,1,,770,P Perkins,sheet
2016,Ryan,Charcandrick West,2024,id:2024,RB,1,,771,C West,sheet
2016,Ryan,Travis Kelce,1466,id:1466,TE,6,,772,Kelce,sheet
2016,Ryan,Mike Evans,2216,id:2216,WR,30,,773,Mike Evans,sheet
2016,Ryan,Amari Cooper,2309,id:2309,WR,30,,774,Cooper,sheet
2016,Ryan,T.Y. Hilton,1110,id:1110,WR,17,,775,Hilton,sheet
2016,Ryan,Stefon Diggs,2449,id:2449,WR,1,,776,S Diggs,sheet
2016,Ryan,Kenny Britt,366,id:366,WR,1,,777,Kenny Britt,sheet
2016,Steven,Chiefs,,def:Chiefs,DEF,1,,778,Chiefs,sheet
2016,Steven,Mason Crosby,59,id:59,K,2,,779,Mason Crosby,sheet
2016,Steven,Drew Brees,289,id:289,QB,9,,780,Drew Brees,sheet
2016,Steven,Devonta Freeman,2168,id:2168,RB,41,,781,Devonta Freeman,sheet
2016,Steven,Jonathan Stewart,218,id:218,RB,23,,782,Stewart,sheet
2016,Steven,Latavius Murray,1476,id:1476,RB,18,,783,Latavias Murray,sheet
2016,Steven,Arian Foster,669,id:669,RB,15,,784,Arian Foster,sheet
2016,Steven,Frank Gore,232,id:232,RB,7,,785,Frank Gore,sheet
2016,Steven,Jay Ajayi,2452,id:2452,RB,3,,786,Ajayi,sheet
2016,Steven,Tevin Coleman,2378,id:2378,RB,3,,787,T Colemen,sheet
2016,Steven,Rashad Jennings,380,id:380,RB,2,,788,Rashad Jennings,sheet
2016,Steven,Antonio Gates,322,id:322,TE,1,,789,Gates,sheet
2016,Steven,Allen Robinson,1992,id:1992,WR,40,,790,Allen Robinson,sheet
2016,Steven,Jarvis Landry,1825,id:1825,WR,14,,791,Jarvis Landry,sheet
2016,Steven,Golden Tate,642,id:642,WR,11,,792,Golden Tate,sheet
2016,Steven,Doug Baldwin,988,id:988,WR,10,,793,Baldwin,sheet
2016,Tommy,Packers,,def:Packers,DEF,1,,794,Packers,sheet
2016,Tommy,Graham Gano,503,id:503,K,1,,795,Gano,sheet
2016,Tommy,Blake Bortles,1979,id:1979,QB,1,,796,Blake Bortles,sheet
2016,Tommy,Eli Manning,188,id:188,QB,1,,797,Eli Manning,sheet
2016,Tommy,Lamar Miller,1048,id:1048,RB,55,,798,Lamar Miller,sheet
2016,Tommy,Mark Ingram,956,id:956,RB,36,,799,Mark Ingram,sheet
2016,Tommy,Derrick Henry,3198,id:3198,RB,3,,800,D Henry,sheet
2016,Tommy,Alfred Morris,1170,id:1170,RB,1,,801,Alfred Morris,sheet
2016,Tommy,Delanie Walker,284,id:284,TE,7,,802,Walker,sheet
2016,Tommy,A.J. Green,830,id:830,WR,49,,803,AJ Green,sheet
2016,Tommy,Randall Cobb,928,id:928,WR,19,,804,Randall Cobb,sheet
2016,Tommy,Donte Moncrief,1971,id:1971,WR,9,,805,Moncrief,sheet
2016,Tommy,Marvin Jones,1067,id:1067,WR,6,,806,Marvin Jones,sheet
2016,Tommy,Emmanuel Sanders,538,id:538,WR,8,,807,E Sanders,sheet
2016,Tommy,Tyler Ervin,3280,id:3280,WR,1,,808,Tyler Ervin,sheet
2016,Tommy,Michael Floyd,1219,id:1219,WR,2,,809,M Floyd,sheet
2015,Alex,Panthers,,def:Panthers,DEF,1,,810,Panthers,sheet
2015,Alex,Brandon McManus,1433,id:1433,K,1,,811,Mcmannus,sheet
2015,Alex,Andrew Luck,1111,id:1111,QB,27,,812,Luck,sheet
2015,Alex,Eli Manning,188,id:188,QB,1,,813,E. Manning,sheet
2015,Alex,Matt Forte,103,id:103,RB,52,,814,Matt Forte,sheet
2015,Alex,Melvin Gordon,2320,id:2320,RB,20,,815,Melvin Gordon,sheet
2015,Alex,Andre Ellington,1575,id:1575,RB,15,,816,Andre Ellington,sheet
2015,Alex,Charles Sims,2223,id:2223,RB,1,,817,Charles Simms,sheet
2015,Alex,Shane Vereen,814,id:814,RB,3,,818,Shanne Vereen,sheet
2015,Alex,Jordan Cameron,833,id:833,TE,1,,819,Jordan Cameron,sheet
2015,Alex,A.J. Green,830,id:830,WR,40,,820,AJ Green,sheet
2015,Alex,DeAndre Hopkins,1426,id:1426,WR,30,,821,Deandre Hopkins,sheet
2015,Alex,John Brown,2238,id:2238,WR,5,,822,John Brown,sheet
2015,Alex,Breshad Perriman,2331,id:2331,WR,1,,823,B. Perriman,sheet
2015,Alex,David Cobb,2441,id:2441,WR,1,,824,D. Cobb,sheet
2015,Alex,Markus Wheaton,1413,id:1413,WR,1,,825,M. Wheaton,sheet
2015,Ankit,Bills,,def:Bills,DEF,3,,826,Bills,sheet
2015,Ankit,Adam Vinatieri,120,id:120,K,2,,827,Vinaterri,sheet
2015,Ankit,Philip Rivers,331,id:331,QB,1,,828,Rivers,sheet
2015,Ankit,Eddie Lacy,1527,id:1527,RB,60,,829,Lacy,sheet
2015,Ankit,Justin Forsett,458,id:458,RB,30,,830,Forest,sheet
2015,Ankit,Isaiah Crowell,1901,id:1901,RB,12,,831,Crowell,sheet
2015,Ankit,C.J. Spiller,507,id:507,RB,4,,832,CJ Spiller,sheet
2015,Ankit,Alfred Blue,1944,id:1944,RB,5,,833,Alfred Blue,sheet
2015,Ankit,Reggie Bush,179,id:179,RB,2,,834,Reggie Bush,sheet
2015,Ankit,Zach Ertz,1339,id:1339,TE,3,,835,Ertz,sheet
2015,Ankit,Alshon Jeffery,1149,id:1149,WR,38,,836,Jefferey,sheet
2015,Ankit,Sammy Watkins,1817,id:1817,WR,11,,837,Sammy Watkins,sheet
2015,Ankit,Nelson Agholor,2325,id:2325,WR,8,,838,Agoholor,sheet
2015,Ankit,Martavis Bryant,1916,id:1916,WR,5,,839,M. Bryant,sheet
2015,Ankit,DeSean Jackson,147,id:147,WR,7,,840,D. Jax,sheet
2015,Ankit,Jeremy Maclin,411,id:411,WR,9,,841,J. Maclin,sheet
2015,Ben,Titans,,def:Titans,DEF,1,,842,Titans,sheet
2015,Ben,Matt Prater,17,id:17,K,1,,843,Matt Prater,sheet
2015,Ben,Peyton Manning,294,id:294,QB,15,,844,Peyton Manning,sheet
2015,Ben,C.J. Anderson,1451,id:1451,RB,47,,845,CJ Anderson,sheet
2015,Ben,Latavius Murray,1476,id:1476,RB,21,,846,Lactate Murray,sheet
2015,Ben,Cameron Artis-Payne,2477,id:2477,RB,1,,847,Art is Pain,sheet
2015,Ben,Knile Davis,1463,id:1463,RB,2,,848,Knile Davis,sheet
2015,Ben,Darren Sproles,246,id:246,RB,1,,849,D. Sproles,sheet
2015,Ben,Andre Williams,2088,id:2088,RB,1,,850,Andre Williams,sheet
2015,Ben,Christine Michael,1596,id:1596,RB,1,,851,Christina Michelle,sheet
2015,Ben,Larry Donnell,1759,id:1759,TE,1,,852,Donnell,sheet
2015,Ben,Antonio Brown,536,id:536,WR,48,,853,Antonio Brown,sheet
2015,Ben,Calvin Johnson,240,id:240,WR,45,,854,Calvin Johnson,sheet
2015,Ben,Keenan Allen,1479,id:1479,WR,10,,855,Keenan Allen,sheet
2015,Ben,Eddie Royal,297,id:297,WR,1,,856,E. Royal,sheet
2015,Ben,Victor Cruz,719,id:719,WR,4,,857,V. Cruz,sheet
2015,Eli,Broncos,,def:Broncos,DEF,1,,858,Broncos,sheet
2015,Eli,Justin Tucker,1264,id:1264,K,2,,859,Justin Tucker,sheet
2015,Eli,Russell Wilson,1234,id:1234,QB,17,,860,Russel Wilson,sheet
2015,Eli,Tom Brady,167,id:167,QB,7,,861,Brady,sheet
2015,Eli,Matthew Stafford,421,id:421,QB,4,,862,Stafford,sheet
2015,Eli,Carlos Hyde,2257,id:2257,RB,25,,863,Hyde,sheet
2015,Eli,Jonathan Stewart,218,id:218,RB,10,,864,Stew Beef,sheet
2015,Eli,Joique Bell,736,id:736,RB,11,,865,Joique Bell,sheet
2015,Eli,Rashad Jennings,380,id:380,RB,5,,866,R. Jennings,sheet
2015,Eli,Giovani Bernard,1386,id:1386,RB,5,,867,Gio Bernard,sheet
2015,Eli,Martellus Bennett,40,id:40,TE,2,,868,M. Bennett,sheet
2015,Eli,Dez Bryant,574,id:574,WR,46,,869,D. Bryant,sheet
2015,Eli,Demaryius Thomas,560,id:560,WR,41,,870,D. Thomas,sheet
2015,Eli,Julian Edelman,344,id:344,WR,17,,871,J. Edelman,sheet
2015,Eli,Mike Wallace,365,id:365,WR,4,,872,Mike Wallace,sheet
2015,Eli,Jeff Janis,2140,id:2140,WR,3,,873,Jeff Janis,sheet
2015,Rohaan,Texans,,def:Texans,DEF,2,,874,Texans,sheet
2015,Rohaan,Stephen Hauschka,775,id:775,K,2,,875,Haushka,sheet
2015,Rohaan,Ben Roethlisberger,138,id:138,QB,7,,876,Big Ben,sheet
2015,Rohaan,Adrian Peterson,184,id:184,RB,64,,877,Adrian Peterson,sheet
2015,Rohaan,Joseph Randle,1487,id:1487,RB,18,,878,Joseph Randle,sheet
2015,Rohaan,T.J. Yeldon,2341,id:2341,RB,11,,879,Yeldon,sheet
2015,Rohaan,LeGarrette Blount,730,id:730,RB,7,,880,Blount,sheet
2015,Rohaan,Jerick McKinnon,2161,id:2161,RB,1,,881,McKinnon,sheet
2015,Rohaan,Delanie Walker,284,id:284,TE,2,,882,Delanie Card,sheet
2015,Rohaan,Julio Jones,947,id:947,WR,52,,883,Julio Jones,sheet
2015,Rohaan,Emmanuel Sanders,538,id:538,WR,29,,884,Sanders,sheet
2015,Rohaan,Steve Smith,169,id:169,WR,1,,885,Steve Smith,sheet
2015,Rohaan,Brian Quick,1208,id:1208,WR,1,,886,Brian Quick,sheet
2015,Rohaan,Anquan Boldin,655,id:655,WR,1,,887,A. Boldin,sheet
2015,Rohaan,Michael Floyd,1219,id:1219,WR,1,,888,M. Floyd,sheet
2015,Rohaan,Mohamed Sanu,1071,id:1071,WR,1,,889,M. Sanu,sheet
2015,Jake,Jets,,def:Jets,DEF,1,,890,Jets,sheet
2015,Jake,Dan Bailey,899,id:899,K,1,,891,Dan Bailey,sheet
2015,Jake,Tony Romo,142,id:142,QB,4,,892,Tony Romo,sheet
2015,Jake,Sam Bradford,621,id:621,QB,1,,893,Sam Bradford,sheet
2015,Jake,Jamaal Charles,323,id:323,RB,60,,894,Jimmy Charles,sheet
2015,Jake,Lamar Miller,1048,id:1048,RB,34,,895,Lamar Miller,sheet
2015,Jake,Chris Ivory,717,id:717,RB,11,,896,Ivory,sheet
2015,Jake,Chris Johnson,272,id:272,RB,3,,897,Charles Johnson,sheet
2015,Jake,Tevin Coleman,2378,id:2378,RB,4,,898,T. Coleman,sheet
2015,Jake,Devonta Freeman,2168,id:2168,RB,2,,899,D. Freeman,sheet
2015,Jake,Jason Witten,23,id:23,TE,4,,900,Witten,sheet
2015,Jake,Randall Cobb,928,id:928,WR,39,,901,Randy Cobb,sheet
2015,Jake,Amari Cooper,2309,id:2309,WR,16,,902,Amari Cooper,sheet
2015,Jake,Jarvis Landry,1825,id:1825,WR,11,,903,Landry,sheet
2015,Jake,Allen Robinson,1992,id:1992,WR,7,,904,Allen Robinson,sheet
2015,Jake,Devon Allen,8411,id:8411,WR,2,,905,D. Allen,sheet
2015,Joe,Seahawks,,def:Seahawks,DEF,3,,906,Seahawks,sheet
2015,Joe,Mason Crosby,59,id:59,K,1,,907,Crosby,sheet
2015,Joe,Drew Brees,289,id:289,QB,16,,908,Drew Brees,sheet
2015,Joe,Marshawn Lynch,745,id:745,RB,62,,909,Lynch,sheet
2015,Joe,Frank Gore,232,id:232,RB,22,,910,Frank Gore,sheet
2015,Joe,Arian Foster,669,id:669,RB,21,,911,Arian Foster,sheet
2015,Joe,Darren McFadden,326,id:326,RB,8,,912,Run DMC,sheet
2015,Joe,Ryan Mathews,571,id:571,RB,2,,913,R. Matthews,sheet
2015,Joe,Ameer Abdullah,2359,id:2359,RB,5,,914,Abdullah,sheet
2015,Joe,Doug Martin,1195,id:1195,RB,6,,915,Doug Martin,sheet
2015,Joe,Travis Kelce,1466,id:1466,TE,12,,916,Travis Kelce,sheet
2015,Joe,Davante Adams,2133,id:2133,WR,15,,917,D. Adams,sheet
2015,Joe,Brandon Marshall,648,id:648,WR,12,,918,B. Marshall,sheet
2015,Joe,Andre Johnson,92,id:92,WR,10,,919,Andre Johnson,sheet
2015,Joe,Percy Harvin,429,id:429,WR,2,,920,P. Harvin,sheet
2015,Joe,Torrey Smith,826,id:826,WR,3,,921,Torrey Smith,sheet
2015,Ryan,Dolphins,,def:Dolphins,DEF,1,,922,Dolphins,sheet
2015,Ryan,Cody Parkey,1974,id:1974,K,1,,923,Parkey,sheet
2015,Ryan,Matt Ryan,24,id:24,QB,2,,924,Matt Ryan,sheet
2015,Ryan,Le'Veon Bell,1408,id:1408,RB,55,,925,Bell,sheet
2015,Ryan,DeMarco Murray,904,id:904,RB,40,,926,Murray,sheet
2015,Ryan,DeAngelo Williams,306,id:306,RB,4,,927,D. Willy,sheet
2015,Ryan,Tre Mason,2231,id:2231,RB,2,,928,Tre Mason,sheet
2015,Ryan,Rob Gronkowski,515,id:515,TE,43,,929,Gronk,sheet
2015,Ryan,Jordan Matthews,1800,id:1800,WR,30,,930,Jordan Mathews,sheet
2015,Ryan,Vincent Jackson,128,id:128,WR,8,,931,V. Jax,sheet
2015,Ryan,Eric Decker,558,id:558,WR,3,,932,Deker,sheet
2015,Ryan,Roddy White,4,id:4,WR,3,,933,R. White,sheet
2015,Ryan,Larry Fitzgerald,223,id:223,WR,2,,934,L. Fitz,sheet
2015,Ryan,Brandon LaFell,613,id:613,WR,2,,935,LaFell,sheet
2015,Ryan,Bishop Sankey,1937,id:1937,WR,3,,936,Shankey,sheet
2015,Ryan,Donte Moncrief,1971,id:1971,WR,1,,937,Moncrief,sheet
2015,Steven,Rams,,def:Rams,DEF,1,,938,Rams,sheet
2015,Steven,Stephen Gostkowski,110,id:110,K,2,,939,Stephen Gostkowski,sheet
2015,Steven,Aaron Rodgers,96,id:96,QB,27,,940,Aaron Rodgers,sheet
2015,Steven,LeSean McCoy,676,id:676,RB,43,,941,Shaddy,sheet
2015,Steven,Alfred Morris,1170,id:1170,RB,30,,942,Alfred Morris,sheet
2015,Steven,Todd Gurley,2315,id:2315,RB,14,,943,Todd Gurley,sheet
2015,Steven,Fred Jackson,228,id:228,RB,1,,944,F. Jax,sheet
2015,Steven,Duke Johnson,2382,id:2382,RB,1,,945,Duke Johnson,sheet
2015,Steven,L. Taliefero,,name:l taliefero|RB,RB,2,,946,L. Taliefero,sheet
2015,Steven,Jonas Gray,1698,id:1698,RB,1,,947,Jonas Grey,sheet
2015,Steven,Jimmy Graham,616,id:616,TE,22,,948,Jimmy Graham,sheet
2015,Steven,Mike Evans,2216,id:2216,WR,30,,949,Mike Evans,sheet
2015,Steven,Brandin Cooks,2197,id:2197,WR,21,,950,Cooks,sheet
2015,Steven,Devin Funchess,2346,id:2346,WR,2,,951,FunJizz,sheet
2015,Steven,Kendall Wright,1097,id:1097,WR,2,,952,Kendal Wright,sheet
2015,Steven,Kenny Britt,366,id:366,WR,1,,953,Kenny Britt,sheet
2015,Tommy,Lions,,def:Lions,DEF,1,,954,Lions,sheet
2015,Tommy,Matt Bryant,127,id:127,K,1,,955,Matt Bryant,sheet
2015,Tommy,Cam Newton,954,id:954,QB,7,,956,Killa CAM,sheet
2015,Tommy,Marcus Mariota,2307,id:2307,QB,1,,957,Mariotta,sheet
2015,Tommy,Jeremy Hill,1892,id:1892,RB,47,,958,Jeremy Hill,sheet
2015,Tommy,Mark Ingram,956,id:956,RB,30,,959,Mark Ingram,sheet
2015,Tommy,Danny Woodhead,735,id:735,RB,1,,960,Danny Woodhead,sheet
2015,Tommy,David Johnson,2391,id:2391,RB,1,,961,David Johnson,sheet
2015,Tommy,Ronnie Hillman,1123,id:1123,RB,1,,962,R. Hillman,sheet
2015,Tommy,Greg Olsen,58,id:58,TE,9,,963,Greg Olsen,sheet
2015,Tommy,Julius Thomas,874,id:874,TE,5,,964,Green Julius,sheet
2015,Tommy,Tyler Eifert,1388,id:1388,TE,1,,965,T. Eiffert,sheet
2015,Tommy,Odell Beckham,2078,id:2078,WR,42,,966,ODB,sheet
2015,Tommy,T.Y. Hilton,1110,id:1110,WR,39,,967,TY Hilton,sheet
2015,Tommy,Golden Tate,642,id:642,WR,13,,968,Golden Tate,sheet
2015,Tommy,Doug Baldwin,988,id:988,WR,1,,969,D. Baldwin,sheet
2014,Alex,Rams,,def:Rams,DEF,1,,970,Rams D/ST,sheet
2014,Alex,Nick Folk,650,id:650,K,1,,971,Nick Folk,sheet
2014,Alex,Drew Brees,289,id:289,QB,35,,972,Brees,sheet
2014,Alex,Giovani Bernard,1386,id:1386,RB,36,,973,Gio,sheet
2014,Alex,Andre Ellington,1575,id:1575,RB,19,,974,Andre Ellington,sheet
2014,Alex,Jeremy Hill,1892,id:1892,RB,3,,975,Jeremy Hill,sheet
2014,Alex,Darren Sproles,246,id:246,RB,2,,976,Darren Sproles,sheet
2014,Alex,C.J. Anderson,1451,id:1451,RB,1,,977,CJ Anderson,sheet
2014,Alex,Zach Ertz,1339,id:1339,TE,5,,978,Zach Ertz,sheet
2014,Alex,Alshon Jeffery,1149,id:1149,WR,32,,979,Alshon Jeffrey,sheet
2014,Alex,Jordy Nelson,175,id:175,WR,29,,980,Jordy,sheet
2014,Alex,Andre Johnson,92,id:92,WR,23,,981,Andre Johnson,sheet
2014,Alex,Pierre Thomas,34,id:34,WR,4,,982,Pierre Thomas,sheet
2014,Alex,Michael Floyd,1219,id:1219,WR,7,,983,Michael Floyd,sheet
2014,Alex,Mike Evans,2216,id:2216,WR,1,,984,Mike Evans,sheet
2014,Alex,DeAndre Hopkins,1426,id:1426,WR,1,,985,Deandre Hopkins,sheet
2014,Ankit,Bengals,,def:Bengals,DEF,2,,986,Bengals D/ST,sheet
2014,Ankit,Adam Vinatieri,120,id:120,K,1,,987,Vinetari,sheet
2014,Ankit,Tony Romo,142,id:142,QB,11,,988,Tony Romo,sheet
2014,Ankit,Alfred Morris,1170,id:1170,RB,34,,989,Alfred Morris,sheet
2014,Ankit,Montee Ball,1454,id:1454,RB,34,,990,Montee Ball,sheet
2014,Ankit,Carlos Hyde,2257,id:2257,RB,4,,991,Carlos Hyde,sheet
2014,Ankit,James Starks,762,id:762,RB,1,,992,James Stark,sheet
2014,Ankit,Stevan Ridley,811,id:811,RB,3,,993,Stevan Ridley,sheet
2014,Ankit,Ahmad Bradshaw,78,id:78,RB,3,,994,Ahmad Bradshaw,sheet
2014,Ankit,Khiry Robinson,1720,id:1720,RB,1,,995,Khyri Robinson,sheet
2014,Ankit,Darren McFadden,326,id:326,RB,1,,996,DMC,sheet
2014,Ankit,Julius Thomas,874,id:874,TE,25,,997,Julius Thomas,sheet
2014,Ankit,Dez Bryant,574,id:574,WR,50,,998,Dez,sheet
2014,Ankit,Randall Cobb,928,id:928,WR,26,,999,Randall Cobb,sheet
2014,Ankit,Brandin Cooks,2197,id:2197,WR,3,,1000,Brandin Cooks,sheet
2014,Ankit,Aaron Dobson,1365,id:1365,WR,1,,1001,Aaron Dropson,sheet
2014,Ben,Cardinals,,def:Cardinals,DEF,1,,1002,Cardinals D/ST,sheet
2014,Ben,Justin Tucker,1264,id:1264,K,2,,1003,Justin Tucker,sheet
2014,Ben,Peyton Manning,294,id:294,QB,46,,1004,Peyton Manning,sheet
2014,Ben,Russell Wilson,1234,id:1234,QB,2,,1005,Russell Wilson,sheet
2014,Ben,DeMarco Murray,904,id:904,RB,42,,1006,DeMarco Murray,sheet
2014,Ben,Le'Veon Bell,1408,id:1408,RB,41,,1007,Le'Veon Bell,sheet
2014,Ben,Shane Vereen,814,id:814,RB,16,,1008,Shane Vereen,sheet
2014,Ben,Knile Davis,1463,id:1463,RB,1,,1009,Knile Davis,sheet
2014,Ben,Bernard Pierce,1263,id:1263,RB,1,,1010,Bernard Pierce,sheet
2014,Ben,Christine Michael,1596,id:1596,RB,1,,1011,Christine Michael,sheet
2014,Ben,Kelvin Benjamin,2182,id:2182,RB,1,,1012,Kelvin Benjamin,sheet
2014,Ben,Martellus Bennett,40,id:40,TE,1,,1013,Martellus Bennett,sheet
2014,Ben,Keenan Allen,1479,id:1479,WR,18,,1014,Keenan Allen,sheet
2014,Ben,Torrey Smith,826,id:826,WR,13,,1015,Torrey Smith,sheet
2014,Ben,Michael Crabtree,455,id:455,WR,10,,1016,Crabtree,sheet
2014,Ben,Jeremy Maclin,411,id:411,WR,4,,1017,Jeremy Maclin,sheet
2014,Rohaan,Panthers,,def:Panthers,DEF,3,,1018,Panthers D/ST,sheet
2014,Rohaan,Blair Walsh,1214,id:1214,K,1,,1019,Blair Walsh,sheet
2014,Rohaan,Nick Foles,1029,id:1029,QB,6,,1020,Nick Foles,sheet
2014,Rohaan,Adrian Peterson,184,id:184,RB,64,,1021,Adrian Peterson,sheet
2014,Rohaan,Toby Gerhart,604,id:604,RB,13,,1022,Toby Gerhart,sheet
2014,Rohaan,Rashad Jennings,380,id:380,RB,6,,1023,Rashad Jennings,sheet
2014,Rohaan,Maurice Jones-Drew,293,id:293,RB,4,,1024,MJD,sheet
2014,Rohaan,Greg Olsen,58,id:58,TE,1,,1025,Greg Olsen,sheet
2014,Rohaan,A.J. Green,830,id:830,WR,50,,1026,AJ Green,sheet
2014,Rohaan,Antonio Brown,536,id:536,WR,41,,1027,Antionio Brown,sheet
2014,Rohaan,Golden Tate,642,id:642,WR,3,,1028,Golden Tate,sheet
2014,Rohaan,Sammy Watkins,1817,id:1817,WR,2,,1029,Sammy Watkins,sheet
2014,Rohaan,Mike Wallace,365,id:365,WR,2,,1030,Mike Wallace,sheet
2014,Rohaan,Riley Cooper,582,id:582,WR,2,,1031,Hard R,sheet
2014,Rohaan,D. Williams,,name:d williams|WR,WR,1,,1032,DWilly,sheet
2014,Rohaan,Anquan Boldin,655,id:655,WR,1,,1033,Anquan Boldin,sheet
2014,Jake,Bears,,def:Bears,DEF,1,,1034,Bears D/ST,sheet
2014,Jake,Dan Bailey,899,id:899,K,1,,1035,Dan Bailey,sheet
2014,Jake,Andrew Luck,1111,id:1111,QB,20,,1036,Andrew Luck,sheet
2014,Jake,Johnny Manziel,1907,id:1907,QB,1,,1037,JOHNNY FOOTBALL,sheet
2014,Jake,Jamaal Charles,323,id:323,RB,65,,1038,Jimmy Charles,sheet
2014,Jake,Eddie Lacy,1527,id:1527,RB,56,,1039,Eddie Lacy,sheet
2014,Jake,Bishop Sankey,1937,id:1937,RB,5,,1040,Bishop Sankey,sheet
2014,Jake,Knowshon Moreno,387,id:387,RB,1,,1041,Knowshon Moreno,sheet
2014,Jake,Devonta Freeman,2168,id:2168,RB,1,,1042,Devonta Freeman,sheet
2014,Jake,Dennis Pitta,527,id:527,TE,1,,1043,Dennis Pitta,sheet
2014,Jake,Ladarius Green,1139,id:1139,TE,1,,1044,Ledarius Greene,sheet
2014,Jake,Julio Jones,947,id:947,WR,39,,1045,Julio Jones,sheet
2014,Jake,Eric Decker,558,id:558,WR,5,,1046,Eric Decker,sheet
2014,Jake,Terrance Williams,1490,id:1490,WR,1,,1047,Terrence Williams,sheet
2014,Jake,Tavon Austin,1567,id:1567,WR,1,,1048,Trayvon Austin,sheet
2014,Jake,James Jones,253,id:253,WR,1,,1049,James Jones,sheet
2014,Joe,Chiefs,,def:Chiefs,DEF,1,,1050,Chiefs D/ST,sheet
2014,Joe,Phil Dawson,229,id:229,K,1,,1051,Phil Dawson,sheet
2014,Joe,Matthew Stafford,421,id:421,QB,9,,1052,Stafford,sheet
2014,Joe,Colin Kaepernick,980,id:980,QB,6,,1053,Kaep,sheet
2014,Joe,LeSean McCoy,676,id:676,RB,67,,1054,Shady,sheet
2014,Joe,Reggie Bush,179,id:179,RB,34,,1055,Reggie,sheet
2014,Joe,Ray Rice,16,id:16,RB,10,,1056,Ray Rice,sheet
2014,Joe,Danny Woodhead,735,id:735,RB,1,,1057,Woodhead,sheet
2014,Joe,Ronnie Hillman,1123,id:1123,RB,1,,1058,Ronnie Hillman,sheet
2014,Joe,Donald Brown,377,id:377,RB,1,,1059,Donald Brown,sheet
2014,Joe,Vernon Davis,200,id:200,TE,11,,1060,Vernon,sheet
2014,Joe,Calvin Johnson,240,id:240,WR,54,,1061,Megatron,sheet
2014,Joe,Marques Colston,201,id:201,WR,1,,1062,Colston,sheet
2014,Joe,Hakeem Nicks,474,id:474,WR,1,,1063,Hakeem Nicks,sheet
2014,Joe,Justin Hunter,1418,id:1418,WR,1,,1064,Justin Hunter,sheet
2014,Joe,Greg Jennings,264,id:264,WR,1,,1065,Greg Jennings,sheet
2014,John,Seahawks,,def:Seahawks,DEF,7,,1066,Seahawks D,sheet
2014,John,Nick Novak,168,id:168,K,1,,1067,Nick Novak,sheet
2014,John,Aaron Rodgers,96,id:96,QB,45,,1068,Aaron Rodgers,sheet
2014,John,Matt Ryan,24,id:24,QB,2,,1069,Matt Ryan,sheet
2014,John,Ryan Tannehill,1049,id:1049,QB,1,,1070,Ryan Tannehill,sheet
2014,John,Doug Martin,1195,id:1195,RB,48,,1071,Doug Martin,sheet
2014,John,Joique Bell,736,id:736,RB,13,,1072,Joique Bell,sheet
2014,John,Mark Ingram,956,id:956,RB,1,,1073,Mark Ingram,sheet
2014,John,Marcel Reece,,name:marcel reece|RB,RB,1,,1074,Marcel Reece,sheet
2014,John,Tre Mason,2231,id:2231,RB,1,,1075,Tre Mason,sheet
2014,John,Jimmy Graham,616,id:616,TE,49,,1076,Jimmy Graham,sheet
2014,John,Larry Fitzgerald,223,id:223,WR,25,,1077,Fitzy,sheet
2014,John,Rueben Randle,1164,id:1164,WR,3,,1078,Rueben Randle,sheet
2014,John,Steve Smith,169,id:169,WR,1,,1079,Steve Smith,sheet
2014,John,Kenbrell Thompkins,1655,id:1655,WR,1,,1080,Kenbrell Thompkins,sheet
2014,John,Markus Wheaton,1413,id:1413,WR,1,,1081,Markus Wheaton,sheet
2014,Oleg,49ers,,def:49ers,DEF,4,,1082,9ers D/ST,sheet
2014,Oleg,Stephen Hauschka,775,id:775,K,1,,1083,Hauschka,sheet
2014,Oleg,Cam Newton,954,id:954,QB,14,,1084,Cam Newton,sheet
2014,Oleg,Tom Brady,167,id:167,QB,5,,1085,Tom Brady,sheet
2014,Oleg,Zac Stacy,1573,id:1573,RB,36,,1086,Zac Stacy,sheet
2014,Oleg,Ben Tate,1004,id:1004,RB,30,,1087,Ben Tate,sheet
2014,Oleg,Frank Gore,232,id:232,RB,21,,1088,Frank Gore,sheet
2014,Oleg,Steven Jackson,57,id:57,RB,9,,1089,SJax,sheet
2014,Oleg,Chris Johnson,272,id:272,RB,8,,1090,CJ2K,sheet
2014,Oleg,Jordan Reed,1500,id:1500,TE,7,,1091,Jordan Reed,sheet
2014,Oleg,Jason Witten,23,id:23,TE,4,,1092,Jason Witten,sheet
2014,Oleg,Vincent Jackson,128,id:128,WR,25,,1093,VJax,sheet
2014,Oleg,Percy Harvin,429,id:429,WR,19,,1094,Percy Harvin,sheet
2014,Oleg,DeSean Jackson,147,id:147,WR,9,,1095,DJax,sheet
2014,Oleg,Emmanuel Sanders,538,id:538,WR,6,,1096,Emanuel Sanders,sheet
2014,Oleg,Danny Amendola,491,id:491,WR,2,,1097,Amendola,sheet
2014,Ryan,Broncos,,def:Broncos,DEF,1,,1098,Broncos D/ST,sheet
2014,Ryan,Mason Crosby,59,id:59,K,1,,1099,Mason Crosby,sheet
2014,Ryan,Robert Griffin,1169,id:1169,QB,2,,1100,RG3,sheet
2014,Ryan,Jay Cutler,416,id:416,QB,1,,1101,Jay Cutler,sheet
2014,Ryan,Matt Forte,103,id:103,RB,57,,1102,Matt Forte,sheet
2014,Ryan,Marshawn Lynch,745,id:745,RB,55,,1103,Marshawn Lynch,sheet
2014,Ryan,Trent Richardson,1082,id:1082,RB,13,,1104,T-Rich,sheet
2014,Ryan,Fred Jackson,228,id:228,RB,2,,1105,Fred Jackson,sheet
2014,Ryan,LeGarrette Blount,730,id:730,RB,1,,1106,Blunt,sheet
2014,Ryan,Jordan Cameron,833,id:833,TE,4,,1107,Jordan Cameron,sheet
2014,Ryan,Demaryius Thomas,560,id:560,WR,45,,1108,Demariyus,sheet
2014,Ryan,T.Y. Hilton,1110,id:1110,WR,6,,1109,TY Hilton,sheet
2014,Ryan,Wes Welker,177,id:177,WR,6,,1110,Wes Welker,sheet
2014,Ryan,Julian Edelman,344,id:344,WR,4,,1111,Edelswag,sheet
2014,Ryan,Kendall Wright,1097,id:1097,WR,1,,1112,Kendall Wright,sheet
2014,Ryan,Cecil Shorts,866,id:866,WR,1,,1113,Cecil Shorts,sheet
2014,Steven,Ravens,,def:Ravens,DEF,1,,1114,Ravens D/ST,sheet
2014,Steven,Stephen Gostkowski,110,id:110,K,2,,1115,Gostkowski,sheet
2014,Steven,Philip Rivers,331,id:331,QB,1,,1116,Phillip Rivers,sheet
2014,Steven,Arian Foster,669,id:669,RB,39,,1117,Arian Foster,sheet
2014,Steven,C.J. Spiller,507,id:507,RB,19,,1118,CJ Spiller,sheet
2014,Steven,Ryan Mathews,571,id:571,RB,14,,1119,Ryan Mathews,sheet
2014,Steven,Lamar Miller,1048,id:1048,RB,5,,1120,Lamar Miller,sheet
2014,Steven,Shonn Greene,348,id:348,RB,1,,1121,Shonne Greene,sheet
2014,Steven,Rob Gronkowski,515,id:515,TE,30,,1122,Gronk,sheet
2014,Steven,Brandon Marshall,648,id:648,WR,37,,1123,BMarshall,sheet
2014,Steven,Pierre Garcon,269,id:269,WR,14,,1124,Garcon,sheet
2014,Steven,Roddy White,4,id:4,WR,13,,1125,Roddy White,sheet
2014,Steven,Victor Cruz,719,id:719,WR,10,,1126,Victor Cruz,sheet
2014,Steven,Cordarrelle Patterson,1535,id:1535,WR,9,,1127,Cordarrelle,sheet
2014,Steven,Dwayne Bowe,286,id:286,WR,2,,1128,Dwayne Bowe,sheet
2014,Steven,Reggie Wayne,194,id:194,WR,3,,1129,Reggie Wayne,sheet
2013,Alex,Buccaneers,,def:Buccaneers,DEF,1,,1130,Bucs D/ST,sheet
2013,Alex,Matt Bryant,127,id:127,K,1,,1131,Matt Bryant,sheet
2013,Alex,Drew Brees,289,id:289,QB,41,,1132,Drew Brees,sheet
2013,Alex,LeSean McCoy,676,id:676,RB,48,,1133,Lesean McCoy,sheet
2013,Alex,Montee Ball,1454,id:1454,RB,20,,1134,Montee Ball,sheet
2013,Alex,DeMarco Murray,904,id:904,RB,14,,1135,DeMarco Murray,sheet
2013,Alex,Isaiah Pead,1206,id:1206,RB,2,,1136,Iasah Pead,sheet
2013,Alex,Jordan Cameron,833,id:833,TE,3,,1137,Jordan Cameron,sheet
2013,Alex,Brandon Marshall,648,id:648,WR,36,,1138,Brandon Marshall,sheet
2013,Alex,Randall Cobb,928,id:928,WR,25,,1139,Randall Cobb,sheet
2013,Alex,DeAndre Hopkins,1426,id:1426,WR,1,,1140,Deandre Hopkins,sheet
2013,Alex,Andre Brown,,name:andre brown|WR,WR,3,,1141,Andre Brown,sheet
2013,Alex,Chris Givens,1201,id:1201,WR,1,,1142,Chris Givens,sheet
2013,Alex,Ryan Broyles,1154,id:1154,WR,2,,1143,Ryan Broyles,sheet
2013,Alex,Steve Johnson,108,id:108,WR,1,,1144,Steve Johnson,sheet
2013,Alex,Kenbrell Thompkins,1655,id:1655,WR,1,,1145,Kenbrell Thompkins,sheet
2013,Ankit,Falcons,,def:Falcons,DEF,1,,1146,Falcons D/ST,sheet
2013,Ankit,Garrett Hartley,11,id:11,K,1,,1147,Garret Hartley,sheet
2013,Ankit,Tony Romo,142,id:142,QB,5,,1148,Tony Romo,sheet
2013,Ankit,Stevan Ridley,811,id:811,RB,43,,1149,Stevan Ridley,sheet
2013,Ankit,Maurice Jones-Drew,293,id:293,RB,34,,1150,Maurice Jones-Drew,sheet
2013,Ankit,Reggie Bush,179,id:179,RB,27,,1151,Reggie Bush,sheet
2013,Ankit,DeAngelo Williams,306,id:306,RB,5,,1152,DeAngelo Williams,sheet
2013,Ankit,Danny Woodhead,735,id:735,RB,2,,1153,Danny Woodhead,sheet
2013,Ankit,BenJarvus Green-Ellis,5820,id:5820,RB,4,,1154,Lawfirm,sheet
2013,Ankit,Jacquizz Rodgers,949,id:949,RB,2,,1155,Jizz Rodgers,sheet
2013,Ankit,Jared Cook,367,id:367,TE,1,,1156,Jared Cook,sheet
2013,Ankit,Dez Bryant,574,id:574,WR,45,,1157,Dez Bryant,sheet
2013,Ankit,Dwayne Bowe,286,id:286,WR,11,,1158,Dwayne Bowe,sheet
2013,Ankit,Steve Smith,169,id:169,WR,7,,1159,Steve Smith,sheet
2013,Ankit,DeSean Jackson,147,id:147,WR,5,,1160,DeSean Jackson,sheet
2013,Ankit,Tavon Austin,1567,id:1567,WR,7,,1161,Tavon Austin,sheet
2013,Ben,Texans,,def:Texans,DEF,1,,1162,Texans D/ST,sheet
2013,Ben,Justin Tucker,1264,id:1264,K,1,,1163,Justin Tucker,sheet
2013,Ben,Colin Kaepernick,980,id:980,QB,13,,1164,Colin Kaepernick,sheet
2013,Ben,Marshawn Lynch,745,id:745,RB,58,,1165,Marshawn Lynch,sheet
2013,Ben,Darren Sproles,246,id:246,RB,26,,1166,Darren Sproles,sheet
2013,Ben,Daryl Richardson,1265,id:1265,RB,9,,1167,Daryl Richardson,sheet
2013,Ben,Bernard Pierce,1263,id:1263,RB,3,,1168,Bernard Pierce,sheet
2013,Ben,Bryce Brown,1026,id:1026,RB,1,,1169,Bryce Brown,sheet
2013,Ben,Roy Helu,915,id:915,RB,1,,1170,Roy Helu,sheet
2013,Ben,Tony Gonzalez,,name:tony gonzalez|TE,TE,7,,1171,Tony Gonzalez,sheet
2013,Ben,Martellus Bennett,40,id:40,TE,1,,1172,Martellus Bennett,sheet
2013,Ben,A.J. Green,830,id:830,WR,41,,1173,AJ Green,sheet
2013,Ben,Demaryius Thomas,560,id:560,WR,24,,1174,Demaryius Thomas,sheet
2013,Ben,Mike Wallace,365,id:365,WR,12,,1175,Mike Wallace,sheet
2013,Ben,Denarius Moore,887,id:887,WR,1,,1176,Denarius Moore,sheet
2013,Ben,Malcom Floyd,316,id:316,WR,1,,1177,Malcolm Floyd,sheet
2013,Rohaan,Broncos,,def:Broncos,DEF,1,,1178,Broncos D/ST,sheet
2013,Rohaan,Blair Walsh,1214,id:1214,K,1,,1179,Blair Walsh,sheet
2013,Rohaan,Cam Newton,954,id:954,QB,26,,1180,Cam Newton,sheet
2013,Rohaan,Ben Roethlisberger,138,id:138,QB,1,,1181,Ben Roethlisberger,sheet
2013,Rohaan,Adrian Peterson,184,id:184,RB,76,,1182,Adrian Peterson,sheet
2013,Rohaan,Steven Jackson,57,id:57,RB,46,,1183,Steven Jackson,sheet
2013,Rohaan,David Wilson,,name:david wilson|RB,RB,30,,1184,David Wilson,sheet
2013,Rohaan,Toby Gerhart,604,id:604,RB,1,,1185,Toby Gerhart,sheet
2013,Rohaan,Zach Sudfeld,1654,id:1654,TE,3,,1186,Zach Sudfield,sheet
2013,Rohaan,Greg Olsen,58,id:58,TE,1,,1187,Greg Olsen,sheet
2013,Rohaan,Cecil Shorts,866,id:866,WR,9,,1188,Cecil Shorts,sheet
2013,Rohaan,Mike Williams,748,id:748,WR,1,,1189,Mike Williams,sheet
2013,Rohaan,Darrius Heyward-Bey,394,id:394,WR,1,,1190,Darius Heyward-Bey,sheet
2013,Rohaan,Rueben Randle,1164,id:1164,WR,1,,1191,Rueben Randle,sheet
2013,Rohaan,Jacoby Jones,203,id:203,WR,1,,1192,Jacoby Jones,sheet
2013,Rohaan,Julian Edelman,344,id:344,WR,1,,1193,Julian Edelman,sheet
2013,Jake,Steelers,,def:Steelers,DEF,1,,1194,Steelers D/ST,sheet
2013,Jake,Dan Bailey,899,id:899,K,1,,1195,Dan Bailey,sheet
2013,Jake,Russell Wilson,1234,id:1234,QB,4,,1196,Russel Wilson,sheet
2013,Jake,Eli Manning,188,id:188,QB,1,,1197,Eli Manning,sheet
2013,Jake,C.J. Spiller,507,id:507,RB,56,,1198,CJ Spiller,sheet
2013,Jake,Doug Martin,1195,id:1195,RB,54,,1199,Doug Martin,sheet
2013,Jake,Ronnie Hillman,1123,id:1123,RB,5,,1200,Ronnie Hillman,sheet
2013,Jake,Shane Vereen,814,id:814,RB,4,,1201,Shane Vereen,sheet
2013,Jake,Jimmy Graham,616,id:616,TE,34,,1202,Jimmy Graham,sheet
2013,Jake,Vincent Jackson,128,id:128,WR,25,,1203,Vincent Jackson,sheet
2013,Jake,Miles Austin,122,id:122,WR,3,,1204,Miles Austin,sheet
2013,Jake,Sidney Rice,14,id:14,WR,2,,1205,Sidney Rice,sheet
2013,Jake,Torrey Smith,826,id:826,WR,4,,1206,Torrey Smith,sheet
2013,Jake,Jordy Nelson,175,id:175,WR,3,,1207,Jordy Nelson,sheet
2013,Jake,Lance Moore,270,id:270,WR,2,,1208,Lance Moore,sheet
2013,Jake,Vincent Brown,891,id:891,WR,1,,1209,Vincent Brown,sheet
2013,Joe,Cardinals,,def:Cardinals,DEF,1,,1210,Cardinals D/ST,sheet
2013,Joe,Matt Prater,17,id:17,K,1,,1211,Matt Prater,sheet
2013,Joe,Aaron Rodgers,96,id:96,QB,43,,1212,Aaron Rodgers,sheet
2013,Joe,Chris Johnson,272,id:272,RB,32,,1213,Chris Johnson,sheet
2013,Joe,Lamar Miller,1048,id:1048,RB,14,,1214,Lamar Miller,sheet
2013,Joe,Ryan Mathews,571,id:571,RB,12,,1215,Ryan Mathews,sheet
2013,Joe,Bilal Powell,818,id:818,RB,1,,1216,Bilal Powell,sheet
2013,Joe,Antonio Gates,322,id:322,TE,1,,1217,Antonio Gates,sheet
2013,Joe,Calvin Johnson,240,id:240,WR,56,,1218,Calvin Johnson Jr.,sheet
2013,Joe,Roddy White,4,id:4,WR,25,,1219,Roddy White,sheet
2013,Joe,Hakeem Nicks,474,id:474,WR,5,,1220,Hakeem Nicks,sheet
2013,Joe,Pierre Garcon,269,id:269,WR,4,,1221,Pierre Garcon,sheet
2013,Joe,Aaron Dobson,1365,id:1365,WR,1,,1222,Erin Dobson,sheet
2013,Joe,Alshon Jeffery,1149,id:1149,WR,1,,1223,Alshon Jeffrey,sheet
2013,Joe,Pierre Thomas,34,id:34,WR,1,,1224,Pierre Thomas,sheet
2013,Joe,Justin Blackmon,1114,id:1114,WR,2,,1225,Justin Blackmon,sheet
2013,Oleg,Seahawks,,def:Seahawks,DEF,3,,1226,Seahawks D/ST,sheet
2013,Oleg,Sebastian Janikowski,118,id:118,K,1,,1227,Seabass,sheet
2013,Oleg,Peyton Manning,294,id:294,QB,27,,1228,Peyton Manning,sheet
2013,Oleg,Carson Palmer,91,id:91,QB,2,,1229,Carson Palmer,sheet
2013,Oleg,Alfred Morris,1170,id:1170,RB,45,,1230,Alfred Morris,sheet
2013,Oleg,Ahmad Bradshaw,78,id:78,RB,17,,1231,Ahmad Bradshaw,sheet
2013,Oleg,Eddie Lacy,1527,id:1527,RB,11,,1232,Eddie Lacy,sheet
2013,Oleg,Vick Ballard,1106,id:1106,RB,4,,1233,Vick Ballard,sheet
2013,Oleg,Kyle Rudolph,943,id:943,TE,3,,1234,Kyle Rudolph,sheet
2013,Oleg,Larry Fitzgerald,223,id:223,WR,27,,1235,Larry FItzgerald,sheet
2013,Oleg,Victor Cruz,719,id:719,WR,24,,1236,Victor Cruz,sheet
2013,Oleg,Danny Amendola,491,id:491,WR,24,,1237,Danny Amendola,sheet
2013,Oleg,Anquan Boldin,655,id:655,WR,7,,1238,Anquan Boldin,sheet
2013,Oleg,T.Y. Hilton,1110,id:1110,WR,3,,1239,T.Y. Hilton,sheet
2013,Oleg,Cordarrelle Patterson,1535,id:1535,WR,1,,1240,Cordarelle Patterson,sheet
2013,Oleg,Brandon Myers,397,id:397,WR,1,,1241,Brandon Myers,sheet
2013,Ryan,49ers,,def:49ers,DEF,1,,1242,49ers D/ST,sheet
2013,Ryan,Stephen Gostkowski,110,id:110,K,1,,1243,Ghostkowski,sheet
2013,Ryan,Jay Cutler,416,id:416,QB,1,,1244,Jay Cutler,sheet
2013,Ryan,Matt Ryan,24,id:24,QB,6,,1245,Matt Ryan,sheet
2013,Ryan,Matthew Stafford,421,id:421,QB,2,,1246,Matt Stafford,sheet
2013,Ryan,Arian Foster,669,id:669,RB,66,,1247,Arian Foster,sheet
2013,Ryan,Ray Rice,16,id:16,RB,54,,1248,Ray Rice,sheet
2013,Ryan,Darren McFadden,326,id:326,RB,21,,1249,Darren McFadden,sheet
2013,Ryan,Fred Jackson,228,id:228,RB,2,,1250,Fred Jackson,sheet
2013,Ryan,Mark Ingram,956,id:956,RB,1,,1251,Mark Ingram,sheet
2013,Ryan,Vernon Davis,200,id:200,TE,4,,1252,Vernon Davis,sheet
2013,Ryan,Wes Welker,177,id:177,WR,24,,1253,Wes Welker,sheet
2013,Ryan,Reggie Wayne,194,id:194,WR,8,,1254,Reggie Wayne,sheet
2013,Ryan,Antonio Brown,536,id:536,WR,6,,1255,Antonio Brown,sheet
2013,Ryan,Golden Tate,642,id:642,WR,2,,1256,Golden Tate,sheet
2013,Ryan,Josh Gordon,1244,id:1244,WR,1,,1257,Josh Gordon,sheet
2013,Steven,Bears,,def:Bears,DEF,1,,1258,Bears D/ST,sheet
2013,Steven,Phil Dawson,229,id:229,K,1,,1259,Phil Dawson,sheet
2013,Steven,Michael Vick,461,id:461,QB,6,,1260,Michael Vick,sheet
2013,Steven,Tom Brady,167,id:167,QB,22,,1261,Tom Brady,sheet
2013,Steven,Jamaal Charles,323,id:323,RB,54,,1262,Jamaal Charles,sheet
2013,Steven,Frank Gore,232,id:232,RB,31,,1263,Frank Gore,sheet
2013,Steven,Rashard Mendenhall,145,id:145,RB,4,,1264,Rashard Mendenhall,sheet
2013,Steven,Michael Turner,,name:michael turner|RB,RB,1,,1265,Michael Turner,sheet
2013,Steven,Isaac Redman,,name:isaac redman|RB,RB,1,,1266,Isaac Redman,sheet
2013,Steven,Jason Witten,23,id:23,TE,7,,1267,Jason Witten,sheet
2013,Steven,Julio Jones,947,id:947,WR,27,,1268,Julio Jones,sheet
2013,Steven,Andre Johnson,92,id:92,WR,21,,1269,Andre Johnson,sheet
2013,Steven,Marques Colston,201,id:201,WR,12,,1270,Marques Colston,sheet
2013,Steven,James Jones,253,id:253,WR,4,,1271,James Jones,sheet
2013,Steven,Kenny Britt,366,id:366,WR,3,,1272,Kenny Britt,sheet
2013,Steven,Greg Jennings,264,id:264,WR,5,,1273,Greg Jennings,sheet
2013,Zak,Bengals,,def:Bengals,DEF,1,,1274,Bengals D/ST,sheet
2013,Zak,Greg Zuerlein,1266,id:1266,K,1,,1275,Legatron,sheet
2013,Zak,Robert Griffin,1169,id:1169,QB,23,,1276,Robert Griffin III,sheet
2013,Zak,Andrew Luck,1111,id:1111,QB,6,,1277,Andrew Luck,sheet
2013,Zak,E.J. Manuel,1349,id:1349,QB,1,,1278,EJ Manuel,sheet
2013,Zak,Trent Richardson,1082,id:1082,RB,50,,1279,Trent Richardson,sheet
2013,Zak,Matt Forte,103,id:103,RB,40,,1280,Matt Forte,sheet
2013,Zak,Giovani Bernard,1386,id:1386,RB,18,,1281,Giovani Bernard,sheet
2013,Zak,Le'Veon Bell,1408,id:1408,RB,10,,1282,Le'Veon Bell,sheet
2013,Zak,Chris Ivory,717,id:717,RB,9,,1283,Chris Ivory,sheet
2013,Zak,Ben Tate,1004,id:1004,RB,4,,1284,Ben Tate,sheet
2013,Zak,Rob Gronkowski,515,id:515,TE,26,,1285,Gronk,sheet
2013,Zak,Jermichael Finley,,name:jermichael finley|TE,TE,2,,1286,Jermichael Finley,sheet
2013,Zak,Eric Decker,558,id:558,WR,7,,1287,Eric Decker,sheet
2013,Zak,Brian Hartline,339,id:339,WR,1,,1288,Brian Hartline,sheet
2013,Zak,Percy Harvin,429,id:429,WR,1,,1289,Percy Harvin,sheet
2012,Alex,Steelers,,def:Steelers,DEF,1,,1290,Steelers D,sheet
2012,Alex,Robbie Gould,49,id:49,K,1,,1291,Robbie Gould,sheet
2012,Alex,Drew Brees,289,id:289,QB,52,,1292,Drew Brees,sheet
2012,Alex,Marshawn Lynch,745,id:745,RB,32,,1293,Marshawn Lynch,sheet
2012,Alex,Jamaal Charles,323,id:323,RB,25,,1294,Jamal Charles,sheet
2012,Alex,Roy Helu,915,id:915,RB,9,,1295,Roy Helu,sheet
2012,Alex,Ben Tate,1004,id:1004,RB,4,,1296,Ben Tate,sheet
2012,Alex,Mark Ingram,956,id:956,RB,1,,1297,Mark Ingram,sheet
2012,Alex,Jonathan Dweyer,,name:jonathan dweyer|RB,RB,1,,1298,Jonathan Dweyer,sheet
2012,Alex,Jared Cook,367,id:367,TE,1,,1299,Jared Cook,sheet
2012,Alex,Roddy White,4,id:4,WR,38,,1300,Roddy White,sheet
2012,Alex,Julio Jones,947,id:947,WR,15,,1301,Julio Jones,sheet
2012,Alex,Brandon Lloyd,386,id:386,WR,9,,1302,Brandon Lloyd,sheet
2012,Alex,Marques Colston,201,id:201,WR,8,,1303,Marques Colston,sheet
2012,Alex,Laurent Robinson,,name:laurent robinson|WR,WR,2,,1304,Laurent Robinson,sheet
2012,Alex,Malcom Floyd,316,id:316,WR,1,,1305,Malcolm Floyd,sheet
2012,Ankit,49ers,,def:49ers,DEF,3,,1306,49ers D,sheet
2012,Ankit,Sebastian Janikowski,118,id:118,K,2,,1307,SeaBass,sheet
2012,Ankit,Tony Romo,142,id:142,QB,25,,1308,Tony Romo,sheet
2012,Ankit,Ryan Mathews,571,id:571,RB,47,,1309,Ryan Mathews,sheet
2012,Ankit,Adrian Peterson,184,id:184,RB,29,,1310,Adrian Peterson,sheet
2012,Ankit,Reggie Bush,179,id:179,RB,14,,1311,Reggie Bush,sheet
2012,Ankit,Toby Gerhart,604,id:604,RB,3,,1312,Toby Gerhart,sheet
2012,Ankit,LeGarrette Blount,730,id:730,RB,2,,1313,Laguerette Blount,sheet
2012,Ankit,Peyton Hillis,660,id:660,RB,1,,1314,Peyton Hillis,sheet
2012,Ankit,Michael Bush,,name:michael bush|RB,RB,5,,1315,Michael Bush,sheet
2012,Ankit,Antonio Gates,322,id:322,TE,13,,1316,Antonio Gates,sheet
2012,Ankit,Dez Bryant,574,id:574,WR,26,,1317,Dez Bryant,sheet
2012,Ankit,Brandon Marshall,648,id:648,WR,24,,1318,Brandon Marshall,sheet
2012,Ankit,T.O.,,name:to|WR,WR,2,,1319,T.O.,sheet
2012,Ankit,Chad Johnson,,name:chad johnson|WR,WR,1,,1320,Chad Johnson,sheet
2012,Ankit,Randy Moss,,name:randy moss|WR,WR,3,,1321,Randy Moss,sheet
2012,Ben,Eagles,,def:Eagles,DEF,1,,1322,Eagles,sheet
2012,Ben,Garrett Hartley,11,id:11,K,1,,1323,Garret Hartdley,sheet
2012,Ben,Matthew Stafford,421,id:421,QB,48,,1324,Matt Stafford,sheet
2012,Ben,Matt Flynn,144,id:144,QB,3,,1325,Matt Flynn,sheet
2012,Ben,Tim Tebow,559,id:559,QB,1,,1326,Tim Tebow,sheet
2012,Ben,Matt Forte,103,id:103,RB,40,,1327,Matt Forte,sheet
2012,Ben,Darren Sproles,246,id:246,RB,21,,1328,Darren Sproles,sheet
2012,Ben,David Wilson,,name:david wilson|RB,RB,2,,1329,David Wilson,sheet
2012,Ben,Shane Vereen,814,id:814,RB,1,,1330,Shane Vereen,sheet
2012,Ben,Jason Witten,23,id:23,TE,7,,1331,Jason Witten,sheet
2012,Ben,Tony Gonzalez,,name:tony gonzalez|TE,TE,1,,1332,Tony Gonzalez,sheet
2012,Ben,Andre Johnson,92,id:92,WR,37,,1333,Andre Johnson,sheet
2012,Ben,Wes Welker,177,id:177,WR,23,,1334,Wes Welker,sheet
2012,Ben,Torrey Smith,826,id:826,WR,12,,1335,Torrey Smith,sheet
2012,Ben,Vincent Brown,891,id:891,WR,1,,1336,Vincent Brown,sheet
2012,Ben,Jerome Simpson,321,id:321,WR,1,,1337,Jerome Simpson,sheet
2012,Rohaan,Bears,,def:Bears,DEF,1,,1338,Bears,sheet
2012,Rohaan,Mason Crosby,59,id:59,K,1,,1339,Mason Crosby,sheet
2012,Rohaan,Aaron Rodgers,96,id:96,QB,59,,1340,Aaron Rodgers,sheet
2012,Rohaan,Andrew Luck,1111,id:1111,QB,1,,1341,Andrew Luck,sheet
2012,Rohaan,Arian Foster,669,id:669,RB,63,,1342,Arian Foster,sheet
2012,Rohaan,Trent Richardson,1082,id:1082,RB,23,,1343,Trent Richardson,sheet
2012,Rohaan,Vernon Davis,200,id:200,TE,15,,1344,Vernon Davis,sheet
2012,Rohaan,Hakeem Nicks,474,id:474,WR,29,,1345,Hakeem Nicks,sheet
2012,Rohaan,Mario Manningham,68,id:68,WR,1,,1346,Mario Manningham,sheet
2012,Rohaan,Lance Moore,270,id:270,WR,1,,1347,Lance Moore,sheet
2012,Rohaan,Pierre Garcon,269,id:269,WR,1,,1348,Pierre Garcon,sheet
2012,Rohaan,Nate Washington,370,id:370,WR,1,,1349,Nate Washington,sheet
2012,Rohaan,Sidney Rice,14,id:14,WR,1,,1350,Sidney Rice,sheet
2012,Rohaan,Nate Burleson,,name:nate burleson|WR,WR,1,,1351,Nate Burleson,sheet
2012,Rohaan,James Jones,253,id:253,WR,1,,1352,James Jones,sheet
2012,Rohaan,Santana Moss,69,id:69,WR,1,,1353,Santana Moss,sheet
2012,Jake,Seahawks,,def:Seahawks,DEF,1,,1354,SeaHawks,sheet
2012,Jake,Dan Bailey,899,id:899,K,1,,1355,Dan Bailey,sheet
2012,Jake,Peyton Manning,294,id:294,QB,14,,1356,Peyton Manning,sheet
2012,Jake,Philip Rivers,331,id:331,QB,10,,1357,Phillip Rivers,sheet
2012,Jake,Maurice Jones-Drew,293,id:293,RB,46,,1358,MJD,sheet
2012,Jake,BenJarvus Green-Ellis,5820,id:5820,RB,18,,1359,Law Firm,sheet
2012,Jake,Ahmad Bradshaw,78,id:78,RB,16,,1360,Ahmad Bradshaw,sheet
2012,Jake,James Starks,762,id:762,RB,2,,1361,James Starks,sheet
2012,Jake,Bernard Scott,,name:bernard scott|RB,RB,1,,1362,Bernard Scott,sheet
2012,Jake,Brandon Jacobs,82,id:82,RB,1,,1363,Brandon Jacobs,sheet
2012,Jake,Aaron Hernandez,516,id:516,TE,4,,1364,Aaron Hernandez,sheet
2012,Jake,Martellus Bennett,40,id:40,TE,1,,1365,Marteless Bennet,sheet
2012,Jake,Larry Fitzgerald,223,id:223,WR,46,,1366,Larry Fitzgerald,sheet
2012,Jake,Greg Jennings,264,id:264,WR,37,,1367,Greg Jennings,sheet
2012,Jake,Rueben Randle,1164,id:1164,WR,1,,1368,Ruben Randel,sheet
2012,Jake,Jonathan Baldwin,,name:jonathan baldwin|WR,WR,1,,1369,Jonathan Baldwin,sheet
2012,Joe,Lions,,def:Lions,DEF,1,,1370,Lions,sheet
2012,Joe,David Akers,,name:david akers|K,K,2,,1371,David Akers,sheet
2012,Joe,Tom Brady,167,id:167,QB,55,,1372,Tom Brady,sheet
2012,Joe,Steven Jackson,57,id:57,RB,32,,1373,Steven Jackson,sheet
2012,Joe,Willis McGahee,300,id:300,RB,15,,1374,Willis Mcgahaee,sheet
2012,Joe,Donald Brown,377,id:377,RB,7,,1375,Donald Brown,sheet
2012,Joe,Kevin Smith,2295,id:2295,RB,2,,1376,Kevin Smith,sheet
2012,Joe,Jimmy Graham,616,id:616,TE,39,,1377,Jimmy Graham,sheet
2012,Joe,Fred Davis,98,id:98,TE,1,,1378,Fred Davis,sheet
2012,Joe,Miles Austin,122,id:122,WR,18,,1379,Miles Austin,sheet
2012,Joe,Demaryius Thomas,560,id:560,WR,10,,1380,Demariyus Thomas,sheet
2012,Joe,Eric Decker,558,id:558,WR,6,,1381,Eric Deker,sheet
2012,Joe,DeSean Jackson,147,id:147,WR,6,,1382,Desean Jackson,sheet
2012,Joe,Pierre Thomas,34,id:34,WR,3,,1383,Pierre Thomas,sheet
2012,Joe,Daniel Thomas,806,id:806,WR,2,,1384,Daniel Thomas,sheet
2012,Joe,Mike Williams,748,id:748,WR,1,,1385,Mike Williams,sheet
2012,Miller,Ravens,,def:Ravens,DEF,1,,1386,Ravens,sheet
2012,Miller,Rob Bironas,,name:rob bironas|K,K,39,,1387,Rob Bironas,sheet
2012,Miller,Eli Manning,188,id:188,QB,25,,1388,Eli Manning,sheet
2012,Miller,Jay Cutler,416,id:416,QB,1,,1389,Jay Cutler,sheet
2012,Miller,Darren McFadden,326,id:326,RB,37,,1390,Darren Mcfadden,sheet
2012,Miller,Michael Turner,,name:michael turner|RB,RB,29,,1391,Michael Turner,sheet
2012,Miller,Shonn Greene,348,id:348,RB,9,,1392,Shonne Greene,sheet
2012,Miller,Ryan Williams,974,id:974,RB,3,,1393,Ryan Williams,sheet
2012,Miller,Jacob Tamme,32,id:32,TE,5,,1394,Jacob Tamme,sheet
2012,Miller,Brandon Pettigrew,465,id:465,TE,2,,1395,Brandon Pettigrew,sheet
2012,Miller,Jeremy Maclin,411,id:411,WR,13,,1396,Jeremy Maclin,sheet
2012,Miller,Jordy Nelson,175,id:175,WR,13,,1397,Jordy Nelson,sheet
2012,Miller,Kenny Britt,366,id:366,WR,12,,1398,Kenny Britt,sheet
2012,Miller,Justin Blackmon,1114,id:1114,WR,5,,1399,Justin Blackmon,sheet
2012,Miller,Darrius Heyward-Bey,394,id:394,WR,3,,1400,Darius Hayward Bey,sheet
2012,Miller,Michael Crabtree,455,id:455,WR,3,,1401,Michael Crabtree,sheet
2012,Ryan,Jets,,def:Jets,DEF,1,,1402,Jets,sheet
2012,Ryan,Alex Henery,,name:alex henery|K,K,2,,1403,Alex Henery,sheet
2012,Ryan,Cam Newton,954,id:954,QB,28,,1404,Cam Newton,sheet
2012,Ryan,Ray Rice,16,id:16,RB,66,,1405,Ray Rice,sheet
2012,Ryan,Stevan Ridley,811,id:811,RB,2,,1406,Steven Ridley,sheet
2012,Ryan,Isaac Redman,,name:isaac redman|RB,RB,2,,1407,Isaac Redman,sheet
2012,Ryan,Doug Martin,1195,id:1195,RB,2,,1408,Doug Martin,sheet
2012,Ryan,Rashard Mendenhall,145,id:145,RB,2,,1409,Rashard Mendenhall,sheet
2012,Ryan,Rob Gronkowski,515,id:515,TE,37,,1410,Rob Gronkowski,sheet
2012,Ryan,Calvin Johnson,240,id:240,WR,47,,1411,Calvin Johnson,sheet
2012,Ryan,Titus Young,,name:titus young|WR,WR,2,,1412,Titus Young,sheet
2012,Ryan,Plax,,name:plax|WR,WR,1,,1413,Plax,sheet
2012,Ryan,Robert Meachem,230,id:230,WR,1,,1414,Robert Meacham,sheet
2012,Ryan,Antonio Brown,536,id:536,WR,3,,1415,Antonio Brown,sheet
2012,Ryan,Santonio Holmes,651,id:651,WR,2,,1416,Santonio Holmes,sheet
2012,Ryan,Denarius Moore,887,id:887,WR,2,,1417,Denarious Moore,sheet
2012,Steven,Texans,,def:Texans,DEF,2,,1418,Texans,sheet
2012,Steven,Stephen Gostkowski,110,id:110,K,2,,1419,Pats Kicker,sheet
2012,Steven,Matt Ryan,24,id:24,QB,3,,1420,Matt Ryan,sheet
2012,Steven,Andy Dalton,829,id:829,QB,2,,1421,Andy Dalton,sheet
2012,Steven,DeMarco Murray,904,id:904,RB,32,,1422,Demarco Murray,sheet
2012,Steven,Fred Jackson,228,id:228,RB,21,,1423,Fred Jackson,sheet
2012,Steven,Frank Gore,232,id:232,RB,19,,1424,Frank Gore,sheet
2012,Steven,Beanie Wells,,name:beanie wells|RB,RB,11,,1425,Beanie Wells,sheet
2012,Steven,C.J. Spiller,507,id:507,RB,7,,1426,C.J. Spiller,sheet
2012,Steven,Jahvid Best,592,id:592,RB,6,,1427,Jahvid Best,sheet
2012,Steven,Jermichael Finley,,name:jermichael finley|TE,TE,7,,1428,Jermichael Finley,sheet
2012,Steven,A.J. Green,830,id:830,WR,28,,1429,A.J. Green,sheet
2012,Steven,Victor Cruz,719,id:719,WR,21,,1430,Victor Cruz,sheet
2012,Steven,Mike Wallace,365,id:365,WR,20,,1431,Mike Wallace,sheet
2012,Steven,Steve Smith,169,id:169,WR,15,,1432,Steve Smith,sheet
2012,Steven,Anquan Boldin,655,id:655,WR,4,,1433,Aunquan Boldin,sheet
2012,Zak,Bills,,def:Bills,DEF,1,,1434,Bills,sheet
2012,Zak,Matt Prater,17,id:17,K,12,,1435,Matt Prater,sheet
2012,Zak,Michael Vick,461,id:461,QB,31,,1436,Michael Vick,sheet
2012,Zak,Robert Griffin,1169,id:1169,QB,3,,1437,RG 3,sheet
2012,Zak,LeSean McCoy,676,id:676,RB,56,,1438,Lesean Mccoy,sheet
2012,Zak,Chris Johnson,272,id:272,RB,48,,1439,Chris Johnson,sheet
2012,Zak,Jonathan Stewart,218,id:218,RB,3,,1440,Jonathan Stewart,sheet
2012,Zak,DeAngelo Williams,306,id:306,RB,9,,1441,Deangelo Williams,sheet
2012,Zak,Coby Fleener,1107,id:1107,TE,1,,1442,Coby Fleener,sheet
2012,Zak,Alshon Jeffery,1149,id:1149,WR,1,,1443,Awshawn Jeffery,sheet
2012,Zak,Dwayne Bowe,286,id:286,WR,13,,1444,Dwayne Bowe,sheet
2012,Zak,Steve Johnson,108,id:108,WR,5,,1445,Stevie Johnson,sheet
2012,Zak,Reggie Wayne,194,id:194,WR,2,,1446,Reggie Wayne,sheet
2012,Zak,Percy Harvin,429,id:429,WR,7,,1447,Percy Harvin,sheet
2012,Zak,Vincent Jackson,128,id:128,WR,7,,1448,Vincent Jackson,sheet
2012,Zak,Greg Little,835,id:835,WR,1,,1449,Greg Little,sheet
