season,player_key,team
2012,id:1004,HST
2012,id:103,CHI
2012,id:108,BUF
2012,id:1082,CLV
2012,id:11,NO
2012,id:110,NE
2012,id:1107,IND
2012,id:1111,IND
2012,id:1114,JAX
2012,id:1149,CHI
2012,id:1164,NYG
2012,id:1169,WAS
2012,id:118,OAK
2012,id:1195,TB
2012,id:122,DAL
2012,id:128,TB
2012,id:14,SEA
2012,id:142,DAL
2012,id:144,SEA
2012,id:145,PIT
2012,id:147,PHI
2012,id:16,BLT
2012,id:167,NE
2012,id:169,CAR
2012,id:17,DEN
2012,id:175,GB
2012,id:177,NE
2012,id:179,MIA
2012,id:184,MIN
2012,id:188,NYG
2012,id:194,IND
2012,id:200,SF
2012,id:201,NO
2012,id:218,CAR
2012,id:223,ARZ
2012,id:228,BUF
2012,id:2295,DET
2012,id:23,DAL
2012,id:230,SD
2012,id:232,SF
2012,id:24,ATL
2012,id:240,DET
2012,id:246,NO
2012,id:253,GB
2012,id:264,GB
2012,id:269,WAS
2012,id:270,NO
2012,id:272,TEN
2012,id:286,KC
2012,id:289,NO
2012,id:293,JAX
2012,id:294,DEN
2012,id:300,DEN
2012,id:306,CAR
2012,id:316,SD
2012,id:32,DEN
2012,id:321,MIN
2012,id:322,SD
2012,id:323,KC
2012,id:326,OAK
2012,id:331,SD
2012,id:34,NO
2012,id:348,NYJ
2012,id:365,PIT
2012,id:366,TEN
2012,id:367,TEN
2012,id:370,TEN
2012,id:377,IND
2012,id:386,NE
2012,id:394,OAK
2012,id:4,ATL
2012,id:40,NYG
2012,id:411,PHI
2012,id:416,CHI
2012,id:421,DET
2012,id:429,MIN
2012,id:455,SF
2012,id:461,PHI
2012,id:465,DET
2012,id:474,NYG
2012,id:49,CHI
2012,id:507,BUF
2012,id:515,NE
2012,id:516,NE
2012,id:536,PIT
2012,id:558,DEN
2012,id:559,NYJ
2012,id:560,DEN
2012,id:57,SL
2012,id:571,SD
2012,id:574,DAL
2012,id:5820,CIN
2012,id:59,GB
2012,id:592,DET
2012,id:604,MIN
2012,id:616,NO
2012,id:648,CHI
2012,id:651,NYJ
2012,id:655,BLT
2012,id:660,KC
2012,id:669,HST
2012,id:676,PHI
2012,id:68,SF
2012,id:69,WAS
2012,id:719,NYG
2012,id:730,TB
2012,id:745,SEA
2012,id:748,TB
2012,id:762,GB
2012,id:78,NYG
2012,id:806,MIA
2012,id:811,NE
2012,id:814,NE
2012,id:82,SF
2012,id:826,BLT
2012,id:829,CIN
2012,id:830,CIN
2012,id:835,CLV
2012,id:887,OAK
2012,id:891,SD
2012,id:899,DAL
2012,id:904,DAL
2012,id:915,WAS
2012,id:92,HST
2012,id:947,ATL
2012,id:954,CAR
2012,id:956,NO
2012,id:96,GB
2012,id:974,ARZ
2012,id:98,WAS
2012,name:alex henery|K,PHI
2012,name:bernard scott|RB,CIN
2012,name:chad johnson|WR,DET
2012,name:chris wells|RB,ARI
2012,name:david akers|K,SF
2012,name:david wilson|RB,NYG
2012,name:isaac redman|RB,PIT
2012,name:jermichael finley|TE,GB
2012,name:jonathan baldwin|WR,KC
2012,name:jonathan dwyer|RB,PIT
2012,name:laurent robinson|WR,JAX
2012,name:michael bush|RB,CHI
2012,name:michael turner|RB,ATL
2012,name:nate burleson|WR,DET
2012,name:plaxico burress|WR,PIT
2012,name:randy moss|WR,SF
2012,name:rob bironas|K,TEN
2012,name:terrell owens|WR,
2012,name:titus young|WR,DET
2012,name:tony gonzalez|TE,ATL
2013,id:1004,HST
2013,id:1026,PHI
2013,id:103,CHI
2013,id:1048,MIA
2013,id:108,BUF
2013,id:1082,CLV
2013,id:11,NO
2013,id:110,NE
2013,id:1106,IND
2013,id:1110,IND
2013,id:1111,IND
2013,id:1114,JAX
2013,id:1123,DEN
2013,id:1149,CHI
2013,id:1154,DET
2013,id:1164,NYG
2013,id:1169,WAS
2013,id:1170,WAS
2013,id:118,OAK
2013,id:1195,TB
2013,id:1201,SL
2013,id:1206,SL
2013,id:1214,MIN
2013,id:122,DAL
2013,id:1234,SEA
2013,id:1244,CLV
2013,id:1263,BLT
2013,id:1264,BLT
2013,id:1265,SL
2013,id:1266,SL
2013,id:127,ATL
2013,id:128,TB
2013,id:1349,BUF
2013,id:1365,NE
2013,id:138,PIT
2013,id:1386,CIN
2013,id:14,SEA
2013,id:1408,PIT
2013,id:142,DAL
2013,id:1426,HST
2013,id:145,ARZ
2013,id:1454,DEN
2013,id:147,PHI
2013,id:1527,GB
2013,id:1535,MIN
2013,id:1567,SL
2013,id:16,BLT
2013,id:1654,NE
2013,id:1655,NE
2013,id:167,NE
2013,id:169,CAR
2013,id:17,DEN
2013,id:175,GB
2013,id:177,DEN
2013,id:179,DET
2013,id:184,MIN
2013,id:188,NYG
2013,id:194,IND
2013,id:200,SF
2013,id:201,NO
2013,id:203,BLT
2013,id:223,ARZ
2013,id:228,BUF
2013,id:229,SF
2013,id:23,DAL
2013,id:232,SF
2013,id:24,ATL
2013,id:240,DET
2013,id:246,NO
2013,id:253,GB
2013,id:264,MIN
2013,id:269,WAS
2013,id:270,NO
2013,id:272,TEN
2013,id:286,KC
2013,id:289,NO
2013,id:293,JAX
2013,id:294,DEN
2013,id:306,CAR
2013,id:316,SD
2013,id:322,SD
2013,id:323,KC
2013,id:326,OAK
2013,id:339,MIA
2013,id:34,NO
2013,id:344,NE
2013,id:365,MIA
2013,id:366,TEN
2013,id:367,SL
2013,id:394,IND
2013,id:397,NYG
2013,id:4,ATL
2013,id:40,CHI
2013,id:416,CHI
2013,id:421,DET
2013,id:429,SEA
2013,id:461,PHI
2013,id:474,NYG
2013,id:491,NE
2013,id:507,BUF
2013,id:515,NE
2013,id:536,PIT
2013,id:558,DEN
2013,id:560,DEN
2013,id:57,ATL
2013,id:571,SD
2013,id:574,DAL
2013,id:58,CAR
2013,id:5820,CIN
2013,id:604,MIN
2013,id:616,NO
2013,id:642,SEA
2013,id:648,CHI
2013,id:655,SF
2013,id:669,HST
2013,id:676,PHI
2013,id:717,NYJ
2013,id:719,NYG
2013,id:735,SD
2013,id:745,SEA
2013,id:748,TB
2013,id:78,IND
2013,id:811,NE
2013,id:814,NE
2013,id:818,NYJ
2013,id:826,BLT
2013,id:830,CIN
2013,id:833,CLV
2013,id:866,JAX
2013,id:887,OAK
2013,id:891,SD
2013,id:899,DAL
2013,id:904,DAL
2013,id:91,ARZ
2013,id:915,WAS
2013,id:92,HST
2013,id:928,GB
2013,id:943,MIN
2013,id:947,ATL
2013,id:949,ATL
2013,id:954,CAR
2013,id:956,NO
2013,id:96,GB
2013,id:980,SF
2013,name:andre brown|WR,HOU
2013,name:david wilson|RB,NYG
2013,name:isaac redman|RB,PIT
2013,name:jermichael finley|TE,GB
2013,name:michael turner|RB,ATL
2013,name:tony gonzalez|TE,ATL
2014,id:1004,CLV
2014,id:1029,PHI
2014,id:103,CHI
2014,id:1048,MIA
2014,id:1049,MIA
2014,id:1082,IND
2014,id:1097,TEN
2014,id:110,NE
2014,id:1110,IND
2014,id:1111,IND
2014,id:1123,DEN
2014,id:1139,SD
2014,id:1149,CHI
2014,id:1164,NYG
2014,id:1169,WAS
2014,id:1170,WAS
2014,id:1195,TB
2014,id:120,IND
2014,id:1214,MIN
2014,id:1219,ARZ
2014,id:1234,SEA
2014,id:1263,BLT
2014,id:1264,BLT
2014,id:128,TB
2014,id:1339,PHI
2014,id:1365,NE
2014,id:1386,CIN
2014,id:1408,PIT
2014,id:1413,PIT
2014,id:1418,TEN
2014,id:142,DAL
2014,id:1426,HST
2014,id:1451,DEN
2014,id:1454,DEN
2014,id:1463,KC
2014,id:147,WAS
2014,id:1479,SD
2014,id:1490,DAL
2014,id:1500,WAS
2014,id:1527,GB
2014,id:1535,MIN
2014,id:1567,SL
2014,id:1573,SL
2014,id:1575,ARZ
2014,id:1596,SEA
2014,id:16,BAL
2014,id:1655,NE
2014,id:167,NE
2014,id:168,SD
2014,id:169,BLT
2014,id:1720,NO
2014,id:175,GB
2014,id:177,DEN
2014,id:179,DET
2014,id:1817,BUF
2014,id:184,MIN
2014,id:1892,CIN
2014,id:1907,CLV
2014,id:1937,TEN
2014,id:194,IND
2014,id:200,SF
2014,id:201,NO
2014,id:2168,ATL
2014,id:2182,CAR
2014,id:2197,NO
2014,id:2216,TB
2014,id:223,ARZ
2014,id:2231,SL
2014,id:2257,SF
2014,id:228,BUF
2014,id:229,SF
2014,id:23,DAL
2014,id:232,SF
2014,id:24,ATL
2014,id:240,DET
2014,id:246,PHI
2014,id:253,OAK
2014,id:264,MIN
2014,id:269,WAS
2014,id:272,NYJ
2014,id:286,KC
2014,id:289,NO
2014,id:293,OAK
2014,id:294,DEN
2014,id:323,KC
2014,id:326,OAK
2014,id:331,SD
2014,id:34,NO
2014,id:344,NE
2014,id:348,TEN
2014,id:365,MIA
2014,id:377,SD
2014,id:380,NYG
2014,id:387,MIA
2014,id:4,ATL
2014,id:40,CHI
2014,id:411,PHI
2014,id:416,CHI
2014,id:421,DET
2014,id:429,SEA
2014,id:455,SF
2014,id:474,IND
2014,id:491,NE
2014,id:507,BUF
2014,id:515,NE
2014,id:527,BLT
2014,id:536,PIT
2014,id:538,DEN
2014,id:558,NYJ
2014,id:560,DEN
2014,id:57,ATL
2014,id:571,SD
2014,id:574,DAL
2014,id:58,CAR
2014,id:582,PHI
2014,id:59,GB
2014,id:604,JAX
2014,id:616,NO
2014,id:642,DET
2014,id:648,CHI
2014,id:650,NYJ
2014,id:655,SF
2014,id:669,HST
2014,id:676,PHI
2014,id:719,NYG
2014,id:730,PIT
2014,id:735,SD
2014,id:736,DET
2014,id:745,SEA
2014,id:762,GB
2014,id:775,SEA
2014,id:78,IND
2014,id:811,NE
2014,id:814,NE
2014,id:826,BLT
2014,id:830,CIN
2014,id:833,CLV
2014,id:866,JAX
2014,id:874,DEN
2014,id:899,DAL
2014,id:904,DAL
2014,id:92,HST
2014,id:928,GB
2014,id:947,ATL
2014,id:954,CAR
2014,id:956,NO
2014,id:96,GB
2014,id:980,SF
2014,name:d williams|WR,
2014,name:marcel reece|RB,OAK
2015,id:103,CHI
2015,id:1048,MIA
2015,id:1071,CIN
2015,id:1097,TEN
2015,id:110,NE
2015,id:1110,IND
2015,id:1111,IND
2015,id:1123,DEN
2015,id:1149,CHI
2015,id:1170,WAS
2015,id:1195,TB
2015,id:120,IND
2015,id:1208,SL
2015,id:1219,ARZ
2015,id:1234,SEA
2015,id:1264,BLT
2015,id:127,ATL
2015,id:128,TB
2015,id:1339,PHI
2015,id:138,PIT
2015,id:1386,CIN
2015,id:1388,CIN
2015,id:1408,PIT
2015,id:1413,PIT
2015,id:142,DAL
2015,id:1426,HST
2015,id:1433,DEN
2015,id:1451,DEN
2015,id:1463,KC
2015,id:1466,KC
2015,id:147,WAS
2015,id:1476,OAK
2015,id:1479,SD
2015,id:1487,DAL
2015,id:1527,GB
2015,id:1575,ARZ
2015,id:1596,DAL
2015,id:167,NE
2015,id:169,BLT
2015,id:1698,MIA
2015,id:17,DET
2015,id:1759,NYG
2015,id:179,SF
2015,id:1800,PHI
2015,id:1817,BUF
2015,id:1825,MIA
2015,id:184,MIN
2015,id:188,NYG
2015,id:1892,CIN
2015,id:1901,CLV
2015,id:1916,PIT
2015,id:1937,TEN
2015,id:1944,HST
2015,id:1971,IND
2015,id:1974,PHI
2015,id:1992,JAX
2015,id:2078,NYG
2015,id:2088,NYG
2015,id:2133,GB
2015,id:2140,GB
2015,id:2161,MIN
2015,id:2168,ATL
2015,id:218,CAR
2015,id:2197,NO
2015,id:2216,TB
2015,id:2223,TB
2015,id:223,ARZ
2015,id:2231,SL
2015,id:2238,ARZ
2015,id:2257,SF
2015,id:228,SEA
2015,id:23,DAL
2015,id:2307,TEN
2015,id:2309,OAK
2015,id:2315,SL
2015,id:232,IND
2015,id:2320,SD
2015,id:2325,PHI
2015,id:2331,BLT
2015,id:2341,JAX
2015,id:2346,CAR
2015,id:2359,DET
2015,id:2378,ATL
2015,id:2382,CLV
2015,id:2391,ARZ
2015,id:24,ATL
2015,id:240,DET
2015,id:2441,TEN
2015,id:246,PHI
2015,id:2477,CAR
2015,id:272,ARZ
2015,id:284,TEN
2015,id:289,NO
2015,id:294,DEN
2015,id:297,CHI
2015,id:306,PIT
2015,id:323,KC
2015,id:326,DAL
2015,id:331,SD
2015,id:344,NE
2015,id:365,MIN
2015,id:366,SL
2015,id:380,NYG
2015,id:4,ATL
2015,id:40,CHI
2015,id:411,KC
2015,id:421,DET
2015,id:429,BUF
2015,id:458,BLT
2015,id:507,NO
2015,id:515,NE
2015,id:536,PIT
2015,id:538,DEN
2015,id:558,NYJ
2015,id:560,DEN
2015,id:571,PHI
2015,id:574,DAL
2015,id:58,CAR
2015,id:59,GB
2015,id:613,NE
2015,id:616,SEA
2015,id:621,PHI
2015,id:642,DET
2015,id:648,NYJ
2015,id:655,SF
2015,id:669,HST
2015,id:676,BUF
2015,id:717,NYJ
2015,id:719,NYG
2015,id:730,NE
2015,id:735,SD
2015,id:736,DET
2015,id:745,SEA
2015,id:775,SEA
2015,id:814,NYG
2015,id:826,SF
2015,id:830,CIN
2015,id:833,MIA
2015,id:8411,
2015,id:874,JAX
2015,id:899,DAL
2015,id:904,PHI
2015,id:92,IND
2015,id:928,GB
2015,id:947,ATL
2015,id:954,CAR
2015,id:956,NO
2015,id:96,GB
2015,id:988,SEA
2015,name:l taliefero|RB,
2016,id:103,NYJ
2016,id:1048,HOU
2016,id:1067,DET
2016,id:1071,ATL
2016,id:1077,SD
2016,id:110,NE
2016,id:1107,NO
2016,id:1110,IND
2016,id:1111,IND
2016,id:1149,CHI
2016,id:1166,WAS
2016,id:1170,DAL
2016,id:1195,TB
2016,id:120,IND
2016,id:1214,MIN
2016,id:1219,NE
2016,id:1234,SEA
2016,id:1244,CLE
2016,id:1264,BAL
2016,id:128,TB
2016,id:1329,NE
2016,id:138,PIT
2016,id:1386,CIN
2016,id:1388,CIN
2016,id:1408,PIT
2016,id:1426,HOU
2016,id:1451,DEN
2016,id:1466,KC
2016,id:147,WAS
2016,id:1476,OAK
2016,id:1479,SD
2016,id:1500,WAS
2016,id:1517,DET
2016,id:1527,GB
2016,id:1530,CAR
2016,id:1546,PHI
2016,id:1567,LA
2016,id:1596,GB
2016,id:1601,KC
2016,id:167,NE
2016,id:169,BAL
2016,id:175,GB
2016,id:1800,PHI
2016,id:1817,BUF
2016,id:1825,MIA
2016,id:184,MIN
2016,id:188,NYG
2016,id:1892,CIN
2016,id:1901,CLE
2016,id:1911,NO
2016,id:1971,IND
2016,id:1979,JAX
2016,id:1984,JAX
2016,id:1992,JAX
2016,id:2020,KC
2016,id:2024,KC
2016,id:2028,OAK
2016,id:2078,NYG
2016,id:2161,MIN
2016,id:2168,ATL
2016,id:218,CAR
2016,id:2182,CAR
2016,id:2189,NE
2016,id:2197,NO
2016,id:2216,TB
2016,id:2223,TB
2016,id:223,ARI
2016,id:2238,ARI
2016,id:2257,SF
2016,id:229,SF
2016,id:2309,OAK
2016,id:2312,CHI
2016,id:2315,LA
2016,id:2319,MIA
2016,id:232,IND
2016,id:2320,SD
2016,id:2341,JAX
2016,id:2345,PHI
2016,id:2346,CAR
2016,id:2359,DET
2016,id:2374,SEA
2016,id:2378,ATL
2016,id:2382,CLE
2016,id:2391,ARI
2016,id:2400,WAS
2016,id:2411,CHI
2016,id:2449,MIN
2016,id:2452,MIA
2016,id:246,PHI
2016,id:2477,CAR
2016,id:2585,SEA
2016,id:284,TEN
2016,id:289,NO
2016,id:306,PIT
2016,id:3164,DAL
2016,id:3198,TEN
2016,id:3200,NYG
2016,id:3209,DEN
2016,id:3211,NYG
2016,id:322,SD
2016,id:323,KC
2016,id:3280,HOU
2016,id:3297,TEN
2016,id:3300,OAK
2016,id:331,SD
2016,id:344,NE
2016,id:365,BAL
2016,id:366,LA
2016,id:367,GB
2016,id:380,NYG
2016,id:40,NE
2016,id:411,KC
2016,id:455,OAK
2016,id:458,DEN
2016,id:503,CAR
2016,id:515,NE
2016,id:536,PIT
2016,id:538,DEN
2016,id:558,NYJ
2016,id:560,DEN
2016,id:571,PHI
2016,id:574,DAL
2016,id:58,CAR
2016,id:59,GB
2016,id:616,SEA
2016,id:642,DET
2016,id:648,NYJ
2016,id:669,MIA
2016,id:676,BUF
2016,id:717,JAX
2016,id:730,NE
2016,id:735,SD
2016,id:762,GB
2016,id:775,SEA
2016,id:794,BAL
2016,id:818,NYJ
2016,id:826,SF
2016,id:827,BUF
2016,id:829,CIN
2016,id:830,CIN
2016,id:899,DAL
2016,id:904,TEN
2016,id:91,ARI
2016,id:928,GB
2016,id:947,ATL
2016,id:954,CAR
2016,id:956,NO
2016,id:96,GB
2016,id:988,SEA
2017,id:1020,WAS
2017,id:103,NYJ
2017,id:1048,HOU
2017,id:1067,DET
2017,id:110,NE
2017,id:1110,IND
2017,id:1111,IND
2017,id:1149,PHI
2017,id:1166,WAS
2017,id:1170,DAL
2017,id:1195,TB
2017,id:1234,SEA
2017,id:1264,BAL
2017,id:127,ATL
2017,id:1290,NYJ
2017,id:1329,NE
2017,id:1339,PHI
2017,id:1353,NE
2017,id:1358,PHI
2017,id:138,PIT
2017,id:1386,CIN
2017,id:1388,CIN
2017,id:1408,PIT
2017,id:1426,HOU
2017,id:1441,ARI
2017,id:1451,DEN
2017,id:1466,KC
2017,id:147,TB
2017,id:1476,MIN
2017,id:1479,LAC
2017,id:1500,WAS
2017,id:1502,WAS
2017,id:1517,DET
2017,id:1527,SEA
2017,id:167,NE
2017,id:1689,MIN
2017,id:17,DET
2017,id:175,GB
2017,id:1800,BUF
2017,id:1817,LA
2017,id:1825,MIA
2017,id:184,ARI
2017,id:1848,NE
2017,id:188,NYG
2017,id:1892,CIN
2017,id:1901,CLE
2017,id:1903,ATL
2017,id:1911,NO
2017,id:1912,BAL
2017,id:1916,PIT
2017,id:1971,IND
2017,id:1992,JAX
2017,id:2024,KC
2017,id:2028,OAK
2017,id:2078,NYG
2017,id:2133,GB
2017,id:2168,ATL
2017,id:218,CAR
2017,id:2182,BUF
2017,id:2197,NE
2017,id:2216,TB
2017,id:2223,TB
2017,id:223,ARI
2017,id:2238,ARI
2017,id:2257,SF
2017,id:229,ARI
2017,id:2306,TB
2017,id:2307,TEN
2017,id:2309,OAK
2017,id:2312,CHI
2017,id:2315,LA
2017,id:2319,MIA
2017,id:232,IND
2017,id:2320,LAC
2017,id:2359,DET
2017,id:2378,ATL
2017,id:2382,CLE
2017,id:2391,ARI
2017,id:2399,GB
2017,id:24,ATL
2017,id:2410,WAS
2017,id:2449,MIN
2017,id:2452,PHI
2017,id:2583,LAC
2017,id:2585,SEA
2017,id:269,SF
2017,id:284,TEN
2017,id:289,NO
2017,id:3164,DAL
2017,id:3177,CLE
2017,id:3198,TEN
2017,id:3199,NO
2017,id:3200,NYG
2017,id:3204,SEA
2017,id:3211,NYG
2017,id:3214,LAC
2017,id:323,DEN
2017,id:326,DAL
2017,id:3294,DAL
2017,id:3300,OAK
2017,id:3306,CHI
2017,id:331,LAC
2017,id:3321,KC
2017,id:365,BAL
2017,id:3657,WAS
2017,id:366,NE
2017,id:3678,NO
2017,id:3969,JAX
2017,id:4018,CIN
2017,id:4029,MIN
2017,id:4034,CAR
2017,id:4036,TEN
2017,id:4080,BUF
2017,id:4098,KC
2017,id:411,BAL
2017,id:4147,WAS
2017,id:4149,GB
2017,id:455,OAK
2017,id:4666,LAC
2017,id:491,NE
2017,id:515,NE
2017,id:536,PIT
2017,id:538,DEN
2017,id:558,TEN
2017,id:560,DEN
2017,id:574,DAL
2017,id:58,CAR
2017,id:616,SEA
2017,id:642,DET
2017,id:648,NYG
2017,id:676,BUF
2017,id:695,NO
2017,id:730,PHI
2017,id:735,BAL
2017,id:745,OAK
2017,id:788,NE
2017,id:818,NYJ
2017,id:830,CIN
2017,id:899,DAL
2017,id:904,TEN
2017,id:928,GB
2017,id:943,MIN
2017,id:947,ATL
2017,id:949,TB
2017,id:954,CAR
2017,id:956,NO
2017,id:96,GB
2017,id:988,SEA
2017,name:adam vinatieri|K,IND
2018,id:1048,HOU
2018,id:1067,DET
2018,id:110,NE
2018,id:1110,IND
2018,id:1111,IND
2018,id:1149,PHI
2018,id:1166,MIN
2018,id:1195,OAK
2018,id:1234,SEA
2018,id:1244,NE
2018,id:1264,BAL
2018,id:1266,LA
2018,id:127,ATL
2018,id:1329,NE
2018,id:1339,PHI
2018,id:1346,SF
2018,id:1352,LA
2018,id:138,PIT
2018,id:1387,NE
2018,id:1388,CIN
2018,id:1408,PIT
2018,id:1426,HOU
2018,id:1451,LA
2018,id:1466,KC
2018,id:147,TB
2018,id:1476,MIN
2018,id:1479,LAC
2018,id:1500,WAS
2018,id:1502,WAS
2018,id:1535,NE
2018,id:1555,MIA
2018,id:167,NE
2018,id:1689,MIN
2018,id:17,DET
2018,id:1706,IND
2018,id:1793,CHI
2018,id:1817,KC
2018,id:1825,CLE
2018,id:1837,SF
2018,id:184,WAS
2018,id:1848,NE
2018,id:1892,NE
2018,id:1901,NYJ
2018,id:1945,PIT
2018,id:1971,JAX
2018,id:1984,DAL
2018,id:1992,CHI
2018,id:2078,NYG
2018,id:2133,GB
2018,id:2161,SF
2018,id:2168,ATL
2018,id:2182,KC
2018,id:2197,LA
2018,id:2216,TB
2018,id:223,ARI
2018,id:2257,JAX
2018,id:2309,DAL
2018,id:2315,LA
2018,id:2320,LAC
2018,id:2325,PHI
2018,id:2346,CAR
2018,id:2374,SEA
2018,id:2378,ATL
2018,id:2382,CLE
2018,id:2391,ARI
2018,id:2399,BAL
2018,id:24,ATL
2018,id:2410,WAS
2018,id:2449,MIN
2018,id:2452,PHI
2018,id:2462,ARI
2018,id:268,WAS
2018,id:269,SF
2018,id:2699,NO
2018,id:284,TEN
2018,id:289,NO
2018,id:3157,HOU
2018,id:3161,PHI
2018,id:3164,DAL
2018,id:3178,WAS
2018,id:3198,TEN
2018,id:3199,NO
2018,id:3200,NYG
2018,id:3242,MIA
2018,id:3306,CHI
2018,id:3321,KC
2018,id:3327,BAL
2018,id:3423,NYJ
2018,id:344,NE
2018,id:3594,TB
2018,id:3657,WAS
2018,id:3678,NO
2018,id:3969,JAX
2018,id:3976,CHI
2018,id:4017,HOU
2018,id:4018,CIN
2018,id:4029,MIN
2018,id:4033,CLE
2018,id:4034,CAR
2018,id:4035,NO
2018,id:4036,TEN
2018,id:4037,TB
2018,id:4038,CIN
2018,id:4039,LA
2018,id:4040,PIT
2018,id:4046,KC
2018,id:4066,NYG
2018,id:4098,KC
2018,id:4131,DET
2018,id:4149,GB
2018,id:4152,IND
2018,id:4157,CHI
2018,id:4195,PHI
2018,id:4199,GB
2018,id:421,DET
2018,id:4273,SEA
2018,id:455,BAL
2018,id:4622,JAX
2018,id:4663,LAC
2018,id:4866,NYG
2018,id:4962,NE
2018,id:4985,SEA
2018,id:4988,CLE
2018,id:503,CAR
2018,id:5046,DEN
2018,id:5052,TB
2018,id:5068,DET
2018,id:5100,IND
2018,id:515,NE
2018,id:536,PIT
2018,id:538,DEN
2018,id:560,HOU
2018,id:58,CAR
2018,id:616,GB
2018,id:642,PHI
2018,id:676,BUF
2018,id:730,DET
2018,id:745,OAK
2018,id:788,TEN
2018,id:818,NYJ
2018,id:830,CIN
2018,id:928,GB
2018,id:943,MIN
2018,id:947,ATL
2018,id:954,CAR
2018,id:956,NO
2018,id:96,GB
2018,id:988,SEA
2018,name:adam vinatieri|K,IND
2019,id:1067,DET
2019,id:110,NE
2019,id:1110,IND
2019,id:1149,PHI
2019,id:1234,SEA
2019,id:1244,SEA
2019,id:1264,BAL
2019,id:1266,LA
2019,id:1339,PHI
2019,id:1352,LA
2019,id:138,PIT
2019,id:1408,NYJ
2019,id:1426,HOU
2019,id:1466,KC
2019,id:1476,NO
2019,id:1479,LAC
2019,id:1587,PIT
2019,id:167,NE
2019,id:1689,MIN
2019,id:17,DET
2019,id:1817,KC
2019,id:1825,CLE
2019,id:1833,KC
2019,id:184,WAS
2019,id:1848,NE
2019,id:1971,CAR
2019,id:1992,CHI
2019,id:2078,CLE
2019,id:2133,GB
2019,id:2168,ATL
2019,id:2197,LA
2019,id:2216,TB
2019,id:223,ARI
2019,id:2306,TB
2019,id:2309,DAL
2019,id:2315,LA
2019,id:2320,LAC
2019,id:2374,SEA
2019,id:2378,SF
2019,id:2382,HOU
2019,id:2391,ARI
2019,id:2399,NYJ
2019,id:24,ATL
2019,id:2410,NYJ
2019,id:2431,CAR
2019,id:2449,MIN
2019,id:2588,LA
2019,id:284,TEN
2019,id:289,NO
2019,id:3157,HOU
2019,id:3161,PHI
2019,id:3164,DAL
2019,id:3198,TEN
2019,id:3199,NO
2019,id:3200,NYG
2019,id:3214,LAC
2019,id:3225,CIN
2019,id:3242,ARI
2019,id:3294,DAL
2019,id:3306,PHI
2019,id:3321,KC
2019,id:3423,NYJ
2019,id:344,NE
2019,id:3451,HOU
2019,id:3594,TB
2019,id:367,NO
2019,id:3678,NO
2019,id:3969,JAX
2019,id:3976,CHI
2019,id:4017,HOU
2019,id:4018,CIN
2019,id:4029,MIN
2019,id:4033,CLE
2019,id:4034,CAR
2019,id:4035,NO
2019,id:4036,TEN
2019,id:4037,TB
2019,id:4039,LA
2019,id:4040,PIT
2019,id:4046,KC
2019,id:4055,TB
2019,id:4066,NYG
2019,id:4068,LAC
2019,id:4082,CAR
2019,id:4098,CLE
2019,id:4131,DET
2019,id:4137,PIT
2019,id:4146,JAX
2019,id:4150,NYG
2019,id:4152,IND
2019,id:4157,CHI
2019,id:4195,PHI
2019,id:4199,GB
2019,id:4217,SF
2019,id:4227,KC
2019,id:4273,SEA
2019,id:4455,SF
2019,id:4663,LAC
2019,id:4866,NYG
2019,id:4881,BAL
2019,id:4892,CLE
2019,id:49,SF
2019,id:4949,WAS
2019,id:4950,ARI
2019,id:4962,NE
2019,id:4981,ATL
2019,id:4983,CAR
2019,id:4985,SEA
2019,id:4988,CLE
2019,id:4992,SF
2019,id:4994,MIA
2019,id:5004,ATL
2019,id:5024,PIT
2019,id:5038,DAL
2019,id:5045,DEN
2019,id:5046,DEN
2019,id:5052,TB
2019,id:5068,DET
2019,id:5086,GB
2019,id:5107,PIT
2019,id:5131,LAC
2019,id:5170,DEN
2019,id:536,NE
2019,id:538,SF
2019,id:58,CAR
2019,id:5844,DET
2019,id:5846,SEA
2019,id:5849,ARI
2019,id:5850,OAK
2019,id:5892,CHI
2019,id:59,GB
2019,id:5916,LA
2019,id:5967,DAL
2019,id:5987,MIN
2019,id:5995,BAL
2019,id:6130,BUF
2019,id:6151,PHI
2019,id:6178,KC
2019,id:642,NYG
2019,id:676,KC
2019,id:788,TEN
2019,id:830,CIN
2019,id:943,MIN
2019,id:947,ATL
2019,id:954,CAR
2019,id:956,BAL
2019,id:96,GB
2019,name:nyheim hines|RB,IND
2020,id:1048,WAS
2020,id:1067,DET
2020,id:1110,IND
2020,id:1234,SEA
2020,id:1264,BAL
2020,id:1266,DAL
2020,id:1339,PHI
2020,id:1352,LA
2020,id:1408,KC
2020,id:1426,ARI
2020,id:1466,KC
2020,id:147,PHI
2020,id:1476,NO
2020,id:1479,LAC
2020,id:167,TB
2020,id:1689,MIN
2020,id:17,DET
2020,id:1817,KC
2020,id:1825,CLE
2020,id:184,DET
2020,id:1848,NE
2020,id:1992,CHI
2020,id:2078,CLE
2020,id:2133,GB
2020,id:2197,HOU
2020,id:2216,TB
2020,id:2238,BUF
2020,id:2257,SEA
2020,id:2309,DAL
2020,id:2315,ATL
2020,id:2319,MIA
2020,id:2320,DEN
2020,id:2331,NYJ
2020,id:2374,SEA
2020,id:2378,SF
2020,id:2382,HOU
2020,id:2391,HOU
2020,id:24,ATL
2020,id:2410,NYJ
2020,id:2449,BUF
2020,id:2505,LV
2020,id:2749,SF
2020,id:289,NO
2020,id:3157,HOU
2020,id:3161,PHI
2020,id:3164,DAL
2020,id:3198,TEN
2020,id:3199,NO
2020,id:3200,NYG
2020,id:3214,LAC
2020,id:3225,CIN
2020,id:3242,ARI
2020,id:3271,LA
2020,id:3294,DAL
2020,id:3306,PHI
2020,id:3321,KC
2020,id:3423,CAR
2020,id:344,NE
2020,id:367,NO
2020,id:3678,NO
2020,id:3969,TB
2020,id:4017,HOU
2020,id:4018,CIN
2020,id:4029,MIN
2020,id:4034,CAR
2020,id:4035,NO
2020,id:4037,TB
2020,id:4039,LA
2020,id:4040,PIT
2020,id:4046,KC
2020,id:4066,NYG
2020,id:4068,LAC
2020,id:4098,CLE
2020,id:4131,DET
2020,id:4137,PIT
2020,id:4152,IND
2020,id:4157,CHI
2020,id:4195,PHI
2020,id:4199,GB
2020,id:421,DET
2020,id:4217,SF
2020,id:4227,KC
2020,id:4233,ARI
2020,id:4273,SEA
2020,id:4455,MIA
2020,id:4663,LAC
2020,id:4666,ATL
2020,id:4866,NYG
2020,id:4881,BAL
2020,id:49,SF
2020,id:4950,ARI
2020,id:4951,JAX
2020,id:4962,NE
2020,id:4973,ATL
2020,id:4981,ATL
2020,id:4983,CAR
2020,id:4984,BUF
2020,id:4988,CLE
2020,id:4993,MIA
2020,id:5000,ARI
2020,id:5009,NYJ
2020,id:5012,BAL
2020,id:5013,CHI
2020,id:5038,DAL
2020,id:5045,DEN
2020,id:5052,TB
2020,id:5068,DET
2020,id:5122,PHI
2020,id:5131,LAC
2020,id:515,TB
2020,id:5170,DEN
2020,id:536,TB
2020,id:538,NO
2020,id:58,SEA
2020,id:5844,DET
2020,id:5846,SEA
2020,id:5848,BAL
2020,id:5849,ARI
2020,id:5850,LV
2020,id:5857,DEN
2020,id:5859,TEN
2020,id:5872,SF
2020,id:5880,IND
2020,id:5890,NE
2020,id:5892,CHI
2020,id:5916,LA
2020,id:5917,KC
2020,id:5927,WAS
2020,id:5937,PIT
2020,id:5967,DAL
2020,id:5987,MIN
2020,id:6083,LA
2020,id:6130,BUF
2020,id:6148,MIA
2020,id:6149,NYG
2020,id:6151,PHI
2020,id:642,NYG
2020,id:6768,MIA
2020,id:6770,CIN
2020,id:6783,DEN
2020,id:6786,DAL
2020,id:6789,LV
2020,id:6790,DET
2020,id:6794,MIN
2020,id:6798,PHI
2020,id:6803,SF
2020,id:6806,BAL
2020,id:6813,IND
2020,id:6820,KC
2020,id:6828,GB
2020,id:6845,BUF
2020,id:6885,TB
2020,id:6938,LA
2020,id:6945,WAS
2020,id:830,CIN
2020,id:947,ATL
2020,id:954,NE
2020,id:956,BAL
2020,id:96,GB
2020,name:nyheim hines|RB,IND
