season,player_key,position,points,rank,n
2012,def:Bears,DEF,218.0,1,32
2012,def:Seahawks,DEF,174.0,4,32
2012,def:49ers,DEF,158.0,7,32
2012,def:Texans,DEF,142.0,10,32
2012,def:Ravens,DEF,132.0,14,32
2012,def:Jets,DEF,121.0,18,32
2012,def:Steelers,DEF,111.0,21,32
2012,def:Bills,DEF,101.0,25,32
2012,def:Lions,DEF,63.0,28,32
2012,def:Eagles,DEF,50.0,31,32
2012,id:110,K,166.0,2,28
2012,id:17,K,144.0,7,28
2012,id:899,K,137.0,8,28
2012,id:118,K,135.0,10,28
2012,id:59,K,129.0,13,28
2012,id:11,K,126.0,14,28
2012,id:49,K,107.0,19,28
2012,id:289,QB,345.6,1,74
2012,id:96,QB,343.6,2,74
2012,id:167,QB,340.3,3,74
2012,id:954,QB,323.5,4,74
2012,id:1169,QB,317.5,5,74
2012,id:294,QB,311.0,6,74
2012,id:24,QB,304.9,7,74
2012,id:142,QB,278.9,8,74
2012,id:1111,QB,276.5,9,74
2012,id:421,QB,275.6,11,74
2012,id:829,QB,250.8,12,74
2012,id:188,QB,232.9,15,74
2012,id:331,QB,208.2,21,74
2012,id:416,QB,184.6,23,74
2012,id:461,QB,151.7,27,74
2012,id:144,QB,2.2,49,74
2012,id:184,RB,307.4,1,89
2012,id:1195,RB,262.6,2,89
2012,id:669,RB,262.1,3,89
2012,id:745,RB,246.6,4,89
2012,id:16,RB,222.1,6,89
2012,id:507,RB,212.3,7,89
2012,id:323,RB,204.5,8,89
2012,id:1082,RB,203.7,9,89
2012,id:811,RB,199.4,10,89
2012,id:232,RB,196.8,11,89
2012,id:103,RB,177.4,12,89
2012,id:272,RB,175.5,13,89
2012,id:179,RB,171.8,14,89
2012,id:348,RB,167.4,15,89
2012,id:57,RB,162.6,16,89
2012,id:78,RB,156.0,17,89
2012,id:5820,RB,151.8,18,89
2012,id:676,RB,145.3,19,89
2012,id:246,RB,141.1,20,89
2012,id:306,RB,130.4,21,89
2012,id:904,RB,111.4,24,89
2012,id:326,RB,110.5,25,89
2012,id:571,RB,97.9,27,89
2012,id:34,RB,94.7,28,89
2012,id:956,RB,93.1,29,89
2012,id:228,RB,81.4,33,89
2012,id:806,RB,68.1,35,89
2012,id:293,RB,62.0,37,89
2012,id:814,RB,62.0,38,89
2012,id:218,RB,61.3,40,89
2012,id:377,RB,59.0,42,89
2012,id:1004,RB,42.8,50,89
2012,id:660,RB,39.1,53,89
2012,id:762,RB,34.6,56,89
2012,id:604,RB,34.4,57,89
2012,id:730,RB,27.3,60,89
2012,id:974,RB,16.8,67,89
2012,id:915,RB,4.7,75,89
2012,id:616,TE,152.2,1,84
2012,id:515,TE,143.0,2,84
2012,id:23,TE,121.9,4,84
2012,id:322,TE,95.8,11,84
2012,id:40,TE,92.6,12,84
2012,id:200,TE,84.8,14,84
2012,id:367,TE,74.3,17,84
2012,id:465,TE,70.7,19,84
2012,id:32,TE,67.5,22,84
2012,id:1107,TE,40.1,31,84
2012,id:98,TE,32.6,35,84
2012,id:559,TE,11.8,46,84
2012,id:240,WR,220.4,1,146
2012,id:648,WR,216.6,2,146
2012,id:574,WR,207.7,3,146
2012,id:830,WR,202.8,4,146
2012,id:560,WR,197.4,5,146
2012,id:128,WR,188.4,6,146
2012,id:558,WR,184.4,7,146
2012,id:92,WR,183.8,8,146
2012,id:947,WR,182.8,9,146
2012,id:4,WR,177.1,10,146
2012,id:177,WR,171.4,11,146
2012,id:201,WR,171.4,12,146
2012,id:719,WR,169.2,13,146
2012,id:455,WR,165.3,14,146
2012,id:194,WR,163.0,15,146
2012,id:253,WR,162.4,16,146
2012,id:748,WR,154.7,18,146
2012,id:169,WR,142.1,19,146
2012,id:270,WR,140.1,20,146
2012,id:108,WR,138.6,21,146
2012,id:826,WR,134.4,24,146
2012,id:365,WR,130.3,25,146
2012,id:122,WR,128.3,26,146
2012,id:411,WR,125.7,27,146
2012,id:1114,WR,120.8,28,146
2012,id:175,WR,118.5,29,146
2012,id:655,WR,118.4,30,146
2012,id:887,WR,115.6,32,146
2012,id:386,WR,115.1,33,146
2012,id:316,WR,111.4,35,146
2012,id:429,WR,105.3,38,146
2012,id:536,WR,105.1,39,146
2012,id:69,WR,104.7,40,146
2012,id:223,WR,103.8,41,146
2012,id:370,WR,98.6,43,146
2012,id:286,WR,96.1,46,146
2012,id:394,WR,92.2,48,146
2012,id:835,WR,90.2,50,146
2012,id:269,WR,88.2,51,146
2012,id:474,WR,87.2,52,146
2012,id:366,WR,82.9,55,146
2012,id:147,WR,81.3,56,146
2012,id:264,WR,60.6,66,146
2012,id:68,WR,55.3,68,146
2012,id:1149,WR,54.7,69,146
2012,id:1164,WR,47.8,76,146
2012,id:230,WR,32.1,88,146
2012,id:651,WR,31.2,91,146
2012,id:321,WR,25.4,99,146
2013,def:Seahawks,DEF,197.0,2,32
2013,def:Cardinals,DEF,169.0,4,32
2013,def:Bengals,DEF,168.0,5,32
2013,def:49ers,DEF,165.0,6,32
2013,def:Buccaneers,DEF,126.0,11,32
2013,def:Broncos,DEF,119.0,15,32
2013,def:Steelers,DEF,114.0,17,32
2013,def:Bears,DEF,111.0,20,32
2013,def:Falcons,DEF,83.0,30,32
2013,def:Texans,DEF,65.0,32,32
2013,id:110,K,179.0,1,30
2013,id:17,K,170.0,2,30
2013,id:1264,K,162.0,3,30
2013,id:229,K,161.0,5,30
2013,id:899,K,153.0,9,30
2013,id:1214,K,133.0,16,30
2013,id:1266,K,122.0,19,30
2013,id:127,K,122.0,21,30
2013,id:11,K,121.0,23,30
2013,id:118,K,114.0,24,30
2013,id:294,QB,410.0,1,86
2013,id:289,QB,357.7,2,86
2013,id:954,QB,297.7,3,86
2013,id:1111,QB,292.6,4,86
2013,id:421,QB,278.9,7,86
2013,id:1234,QB,270.2,8,86
2013,id:980,QB,264.3,9,86
2013,id:142,QB,260.9,10,86
2013,id:138,QB,258.8,12,86
2013,id:167,QB,251.5,14,86
2013,id:24,QB,248.1,15,86
2013,id:91,QB,217.3,17,86
2013,id:1169,QB,213.0,18,86
2013,id:188,QB,170.3,21,86
2013,id:96,QB,169.4,22,86
2013,id:416,QB,168.6,23,86
2013,id:1349,QB,133.5,28,86
2013,id:461,QB,101.0,35,86
2013,id:323,RB,308.0,1,114
2013,id:676,RB,278.6,2,114
2013,id:103,RB,263.3,3,114
2013,id:745,RB,239.3,4,114
2013,id:1527,RB,207.5,6,114
2013,id:904,RB,205.1,7,114
2013,id:184,RB,203.7,8,114
2013,id:272,RB,198.2,9,114
2013,id:228,RB,187.7,10,114
2013,id:179,RB,185.2,11,114
2013,id:571,RB,184.4,12,114
2013,id:232,RB,174.9,13,114
2013,id:1408,RB,171.9,14,114
2013,id:1170,RB,169.3,15,114
2013,id:1386,RB,166.9,16,114
2013,id:735,RB,147.4,19,114
2013,id:293,RB,144.0,20,114
2013,id:306,RB,137.6,22,114
2013,id:34,RB,134.2,23,114
2013,id:507,RB,121.8,26,114
2013,id:16,RB,120.1,27,114
2013,id:811,RB,117.5,29,114
2013,id:1535,RB,116.7,30,114
2013,id:5820,RB,115.8,31,114
2013,id:57,RB,115.4,32,114
2013,id:1004,RB,111.1,33,114
2013,id:1082,RB,109.9,34,114
2013,id:818,RB,104.1,35,114
2013,id:246,RB,102.4,36,114
2013,id:717,RB,102.3,37,114
2013,id:1048,RB,97.9,38,114
2013,id:949,RB,89.3,40,114
2013,id:1454,RB,88.4,41,114
2013,id:814,RB,87.5,42,114
2013,id:669,RB,86.5,43,114
2013,id:326,RB,81.3,46,114
2013,id:915,RB,76.5,47,114
2013,id:1263,RB,66.0,50,114
2013,id:1195,RB,56.2,54,114
2013,id:1026,RB,53.8,56,114
2013,id:956,RB,51.4,58,114
2013,id:604,RB,47.1,59,114
2013,id:1123,RB,37.7,63,114
2013,id:78,RB,34.8,66,114
2013,id:1265,RB,33.6,71,114
2013,id:1206,RB,11.9,82,114
2013,id:1106,RB,5.8,93,114
2013,id:616,TE,217.5,1,109
2013,id:200,TE,161.0,2,109
2013,id:833,TE,133.7,4,109
2013,id:23,TE,133.1,5,109
2013,id:58,TE,117.6,7,109
2013,id:322,TE,107.2,8,109
2013,id:40,TE,103.9,9,109
2013,id:367,TE,95.1,10,109
2013,id:515,TE,83.2,15,109
2013,id:397,TE,76.2,17,109
2013,id:943,TE,49.3,33,109
2013,id:1654,TE,6.3,75,109
2013,id:1244,WR,227.4,1,176
2013,id:560,WR,227.0,2,176
2013,id:240,WR,219.2,3,176
2013,id:830,WR,208.6,4,176
2013,id:648,WR,205.5,5,176
2013,id:536,WR,204.9,6,176
2013,id:574,WR,199.4,7,176
2013,id:1149,WR,194.6,8,176
2013,id:558,WR,192.8,9,176
2013,id:147,WR,187.4,10,176
2013,id:175,WR,179.4,11,176
2013,id:92,WR,170.7,12,176
2013,id:269,WR,164.5,13,176
2013,id:128,WR,164.4,14,176
2013,id:655,WR,161.0,15,176
2013,id:223,WR,154.2,16,176
2013,id:344,WR,146.7,18,176
2013,id:1110,WR,138.9,20,176
2013,id:826,WR,138.8,21,176
2013,id:177,WR,135.8,24,176
2013,id:365,WR,126.3,26,176
2013,id:339,WR,125.6,27,176
2013,id:201,WR,124.3,28,176
2013,id:642,WR,122.9,29,176
2013,id:719,WR,121.8,30,176
2013,id:264,WR,104.4,39,176
2013,id:887,WR,99.5,41,176
2013,id:169,WR,98.5,42,176
2013,id:253,WR,97.7,43,176
2013,id:286,WR,97.3,44,176
2013,id:866,WR,95.7,46,176
2013,id:1164,WR,95.1,48,176
2013,id:1567,WR,90.9,50,176
2013,id:1426,WR,90.2,51,176
2013,id:474,WR,89.6,52,176
2013,id:4,WR,87.1,54,176
2013,id:108,WR,78.7,57,176
2013,id:1365,WR,75.9,59,176
2013,id:491,WR,75.4,60,176
2013,id:928,WR,75.1,61,176
2013,id:1655,WR,70.6,63,176
2013,id:947,WR,68.7,65,176
2013,id:194,WR,64.8,66,176
2013,id:203,WR,63.5,68,176
2013,id:270,WR,55.7,78,176
2013,id:1201,WR,55.7,80,176
2013,id:891,WR,53.2,85,176
2013,id:1114,WR,47.4,92,176
2013,id:394,WR,41.5,96,176
2013,id:748,WR,33.6,104,176
2013,id:122,WR,24.4,109,176
2013,id:316,WR,14.9,119,176
2013,id:366,WR,9.6,129,176
2013,id:1154,WR,8.5,133,176
2013,id:429,WR,1.7,150,176
2014,def:Rams,DEF,150.0,4,32
2014,def:Ravens,DEF,141.0,6,32
2014,def:Cardinals,DEF,140.0,7,32
2014,def:Seahawks,DEF,139.0,9,32
2014,def:49ers,DEF,123.0,14,32
2014,def:Chiefs,DEF,121.0,16,32
2014,def:Broncos,DEF,115.0,19,32
2014,def:Panthers,DEF,114.0,20,32
2014,def:Bears,DEF,105.0,22,32
2014,def:Bengals,DEF,104.0,23,32
2014,id:110,K,173.0,1,35
2014,id:120,K,157.0,3,35
2014,id:59,K,150.0,6,35
2014,id:899,K,149.0,7,35
2014,id:775,K,147.0,9,35
2014,id:1264,K,141.0,12,35
2014,id:650,K,137.0,13,35
2014,id:229,K,130.0,15,35
2014,id:1214,K,124.0,19,35
2014,id:168,K,121.0,21,35
2014,id:96,QB,354.1,1,89
2014,id:1111,QB,351.7,2,89
2014,id:1234,QB,327.6,3,89
2014,id:294,QB,312.7,4,89
2014,id:289,QB,303.0,6,89
2014,id:24,QB,284.3,7,89
2014,id:1049,QB,278.5,8,89
2014,id:167,QB,278.1,9,89
2014,id:142,QB,266.3,11,89
2014,id:331,QB,265.6,12,89
2014,id:416,QB,255.6,14,89
2014,id:421,QB,251.6,15,89
2014,id:980,QB,250.7,16,89
2014,id:954,QB,249.0,17,89
2014,id:1029,QB,119.3,29,89
2014,id:1169,QB,87.4,36,89
2014,id:1907,QB,11.9,53,89
2014,id:904,RB,294.1,1,140
2014,id:1408,RB,287.5,2,140
2014,id:745,RB,265.3,3,140
2014,id:103,RB,244.6,4,140
2014,id:669,RB,235.5,5,140
2014,id:1527,RB,230.6,6,140
2014,id:323,RB,210.4,7,140
2014,id:1048,RB,185.4,9,140
2014,id:1892,RB,183.9,10,140
2014,id:1451,RB,177.3,11,140
2014,id:676,RB,171.4,12,140
2014,id:1170,RB,170.9,13,140
2014,id:736,RB,164.2,14,140
2014,id:956,RB,162.9,15,140
2014,id:232,RB,147.7,17,140
2014,id:1386,RB,144.9,18,140
2014,id:1575,RB,131.5,20,140
2014,id:228,RB,122.6,22,140
2014,id:57,RB,121.5,23,140
2014,id:2231,RB,119.3,25,140
2014,id:246,RB,117.6,26,140
2014,id:78,RB,116.5,27,140
2014,id:814,RB,113.8,28,140
2014,id:380,RB,108.5,31,140
2014,id:1463,RB,105.0,32,140
2014,id:272,RB,91.4,34,140
2014,id:1082,RB,90.8,35,140
2014,id:730,RB,88.1,37,140
2014,id:326,RB,84.6,39,140
2014,id:1123,RB,81.3,41,140
2014,id:1937,RB,78.2,43,140
2014,id:34,RB,78.0,45,140
2014,id:1195,RB,67.8,48,140
2014,id:1004,RB,67.1,50,140
2014,id:179,RB,67.0,51,140
2014,id:2257,RB,62.1,54,140
2014,id:604,RB,61.2,55,140
2014,id:1535,RB,60.1,57,140
2014,id:762,RB,59.3,60,140
2014,id:571,RB,57.9,61,140
2014,id:2168,RB,57.3,62,140
2014,id:1720,RB,56.5,63,140
2014,id:507,RB,52.5,66,140
2014,id:348,RB,50.5,69,140
2014,id:811,RB,48.0,72,140
2014,id:1263,RB,47.9,73,140
2014,id:1573,RB,46.5,75,140
2014,id:377,RB,43.4,76,140
2014,id:1454,RB,27.4,87,140
2014,id:387,RB,21.6,92,140
2014,id:1596,RB,18.7,97,140
2014,id:293,RB,16.7,98,140
2014,id:184,RB,9.3,110,140
2014,id:735,RB,7.2,114,140
2014,id:515,TE,184.4,1,130
2014,id:616,TE,144.9,3,130
2014,id:58,TE,136.8,4,130
2014,id:40,TE,131.6,6,130
2014,id:874,TE,120.9,8,130
2014,id:23,TE,100.3,11,130
2014,id:1339,TE,86.2,15,130
2014,id:833,TE,54.4,25,130
2014,id:1500,TE,44.5,31,130
2014,id:200,TE,36.9,37,130
2014,id:1139,TE,22.6,53,130
2014,id:527,TE,12.5,67,130
2014,id:536,WR,257.9,1,211
2014,id:175,WR,229.9,2,211
2014,id:560,WR,229.9,3,211
2014,id:574,WR,228.0,4,211
2014,id:928,WR,202.4,6,211
2014,id:538,WR,200.8,7,211
2014,id:947,WR,193.4,8,211
2014,id:411,WR,191.8,9,211
2014,id:2216,WR,177.1,10,211
2014,id:1149,WR,176.6,11,211
2014,id:1110,WR,176.5,12,211
2014,id:642,WR,160.1,13,211
2014,id:240,WR,155.7,14,211
2014,id:1426,WR,155.0,15,211
2014,id:147,WR,153.6,16,211
2014,id:2182,WR,152.8,17,211
2014,id:365,WR,145.8,18,211
2014,id:826,WR,142.7,19,211
2014,id:169,WR,140.5,20,211
2014,id:344,WR,136.6,22,211
2014,id:655,WR,136.6,23,211
2014,id:830,WR,136.3,24,211
2014,id:1817,WR,133.0,25,211
2014,id:4,WR,132.1,26,211
2014,id:558,WR,126.2,27,211
2014,id:1219,WR,118.3,31,211
2014,id:201,WR,118.2,32,211
2014,id:648,WR,118.1,33,211
2014,id:1164,WR,111.8,34,211
2014,id:1097,WR,110.9,36,211
2014,id:128,WR,110.2,37,211
2014,id:264,WR,110.2,38,211
2014,id:1490,WR,110.1,39,211
2014,id:92,WR,105.6,40,211
2014,id:253,WR,100.6,44,211
2014,id:1479,WR,98.3,47,211
2014,id:455,WR,94.2,50,211
2014,id:269,WR,93.2,53,211
2014,id:223,WR,88.4,54,211
2014,id:194,WR,87.9,55,211
2014,id:2197,WR,86.3,56,211
2014,id:429,WR,78.5,57,211
2014,id:1413,WR,78.3,58,211
2014,id:286,WR,75.4,62,211
2014,id:582,WR,73.7,63,211
2014,id:1418,WR,67.8,68,211
2014,id:866,WR,65.0,70,211
2014,id:1567,WR,64.6,71,211
2014,id:474,WR,64.5,72,211
2014,id:177,WR,58.4,81,211
2014,id:719,WR,39.7,95,211
2014,id:1655,WR,26.7,107,211
2014,id:491,WR,26.0,110,211
2014,id:1365,WR,3.8,163,211
2015,def:Broncos,DEF,174.0,1,32
2015,def:Panthers,DEF,170.0,3,32
2015,def:Seahawks,DEF,156.0,5,32
2015,def:Texans,DEF,151.0,6,32
2015,def:Rams,DEF,135.0,10,32
2015,def:Jets,DEF,115.0,16,32
2015,def:Bills,DEF,97.0,21,32
2015,def:Lions,DEF,96.0,23,32
2015,def:Dolphins,DEF,92.0,24,32
2015,def:Titans,DEF,81.0,27,32
2015,id:110,K,171.0,1,39
2015,id:775,K,146.0,7,39
2015,id:1264,K,146.0,8,39
2015,id:1433,K,140.0,10,39
2015,id:899,K,131.0,12,39
2015,id:120,K,129.0,14,39
2015,id:59,K,128.0,16,39
2015,id:17,K,118.0,19,39
2015,id:127,K,74.0,31,39
2015,id:1974,K,17.0,38,39
2015,id:954,QB,389.1,1,95
2015,id:167,QB,343.7,2,95
2015,id:1234,QB,336.3,3,95
2015,id:289,QB,304.2,6,95
2015,id:96,QB,301.2,7,95
2015,id:421,QB,289.8,9,95
2015,id:188,QB,287.4,10,95
2015,id:331,QB,284.5,12,95
2015,id:24,QB,233.9,19,95
2015,id:138,QB,228.1,20,95
2015,id:2307,QB,210.0,22,95
2015,id:621,QB,194.9,24,95
2015,id:1111,QB,130.8,28,95
2015,id:294,QB,91.4,34,95
2015,id:142,QB,40.7,42,95
2015,id:2168,RB,243.4,1,157
2015,id:184,RB,230.7,2,157
2015,id:1195,RB,199.3,3,157
2015,id:306,RB,191.4,4,157
2015,id:2315,RB,187.4,5,157
2015,id:1048,RB,184.9,6,157
2015,id:2391,RB,179.8,7,157
2015,id:717,RB,172.7,8,157
2015,id:103,RB,170.7,9,157
2015,id:1476,RB,163.8,10,157
2015,id:735,RB,163.1,11,157
2015,id:232,RB,159.4,12,157
2015,id:326,RB,155.7,13,157
2015,id:1892,RB,155.3,14,157
2015,id:956,RB,153.4,15,157
2015,id:218,RB,146.8,16,157
2015,id:676,RB,146.7,17,157
2015,id:904,RB,140.4,18,157
2015,id:1123,RB,137.4,19,157
2015,id:380,RB,135.9,20,157
2015,id:1386,RB,132.2,21,157
2015,id:2223,RB,129.0,22,157
2015,id:1527,RB,120.6,25,157
2015,id:2341,RB,119.9,26,157
2015,id:1901,RB,118.8,27,157
2015,id:730,RB,116.6,29,157
2015,id:1451,RB,116.3,30,157
2015,id:246,RB,106.5,33,157
2015,id:571,RB,104.5,34,157
2015,id:2382,RB,103.3,35,157
2015,id:272,RB,101.2,36,157
2015,id:814,RB,99.4,38,157
2015,id:1944,RB,96.7,40,157
2015,id:2359,RB,92.0,42,157
2015,id:458,RB,91.4,43,157
2015,id:1408,RB,87.2,46,157
2015,id:1170,RB,86.6,47,157
2015,id:736,RB,83.7,49,157
2015,id:323,RB,80.1,51,157
2015,id:2320,RB,75.3,53,157
2015,id:2257,RB,70.3,55,157
2015,id:745,RB,69.7,56,157
2015,id:1487,RB,64.1,57,157
2015,id:2161,RB,62.4,58,157
2015,id:1575,RB,59.7,60,157
2015,id:669,RB,55.0,64,157
2015,id:507,RB,47.1,68,157
2015,id:228,RB,45.7,70,157
2015,id:1937,RB,43.2,72,157
2015,id:2378,RB,40.6,73,157
2015,id:2088,RB,34.4,77,157
2015,id:2231,RB,33.5,79,157
2015,id:2477,RB,30.1,81,157
2015,id:1596,RB,25.9,87,157
2015,id:1698,RB,25.2,88,157
2015,id:2441,RB,20.4,98,157
2015,id:1463,RB,15.6,101,157
2015,id:179,RB,4.7,125,157
2015,id:515,TE,183.6,1,140
2015,id:58,TE,150.4,4,140
2015,id:284,TE,150.4,5,140
2015,id:1800,TE,145.7,6,140
2015,id:1388,TE,139.5,7,140
2015,id:1466,TE,117.5,8,140
2015,id:1339,TE,95.3,11,140
2015,id:23,TE,87.3,13,140
2015,id:874,TE,75.5,16,140
2015,id:2346,TE,75.3,17,140
2015,id:616,TE,72.5,19,140
2015,id:40,TE,61.9,28,140
2015,id:833,TE,56.6,31,140
2015,id:1759,TE,34.3,43,140
2015,id:536,WR,252.2,1,217
2015,id:947,WR,233.1,2,217
2015,id:648,WR,230.2,3,217
2015,id:1992,WR,224.0,4,217
2015,id:2078,WR,223.3,5,217
2015,id:1426,WR,220.1,6,217
2015,id:988,WR,190.9,7,217
2015,id:830,WR,187.7,8,217
2015,id:240,WR,173.4,9,217
2015,id:558,WR,172.7,10,217
2015,id:223,WR,171.5,11,217
2015,id:2197,WR,169.6,12,217
2015,id:1825,WR,165.4,13,217
2015,id:560,WR,162.4,14,217
2015,id:1817,WR,158.8,16,217
2015,id:411,WR,156.2,17,217
2015,id:538,WR,148.4,18,217
2015,id:2238,WR,142.5,21,217
2015,id:1110,WR,142.4,22,217
2015,id:2309,WR,140.7,24,217
2015,id:2216,WR,136.6,26,217
2015,id:928,WR,123.9,29,217
2015,id:1219,WR,120.9,31,217
2015,id:1916,WR,120.2,32,217
2015,id:642,WR,119.4,33,217
2015,id:344,WR,111.5,37,217
2015,id:1971,WR,109.3,38,217
2015,id:1413,WR,106.9,40,217
2015,id:1149,WR,104.7,41,217
2015,id:655,WR,100.9,43,217
2015,id:1479,WR,94.5,46,217
2015,id:826,WR,92.3,47,217
2015,id:366,WR,86.1,50,217
2015,id:169,WR,85.0,51,217
2015,id:147,WR,74.8,58,217
2015,id:128,WR,74.3,60,217
2015,id:92,WR,74.3,61,217
2015,id:1097,WR,60.5,72,217
2015,id:365,WR,59.9,73,217
2015,id:1071,WR,58.5,75,217
2015,id:574,WR,58.1,76,217
2015,id:4,WR,56.6,79,217
2015,id:2133,WR,56.3,80,217
2015,id:613,WR,52.4,83,217
2015,id:2325,WR,32.3,101,217
2015,id:429,WR,30.9,104,217
2015,id:297,WR,29.7,106,217
2015,id:1208,WR,10.2,156,217
2015,id:2140,WR,7.9,162,217
2015,id:719,WR,0.0,196,217
2015,id:2331,WR,0.0,198,217
2016,def:Chiefs,DEF,164.0,1,32
2016,def:Vikings,DEF,158.0,2,32
2016,def:Broncos,DEF,149.0,3,32
2016,def:Cardinals,DEF,145.0,4,32
2016,def:Patriots,DEF,129.0,7,32
2016,def:Panthers,DEF,121.0,9,32
2016,def:Seahawks,DEF,119.0,10,32
2016,def:Bills,DEF,104.0,16,32
2016,def:Packers,DEF,97.0,17,32
2016,def:Bengals,DEF,95.0,19,32
2016,def:Texans,DEF,94.0,20,32
2016,id:1264,K,179.0,2,36
2016,id:120,K,160.0,3,36
2016,id:503,K,144.0,8,36
2016,id:899,K,144.0,9,36
2016,id:2020,K,142.0,10,36
2016,id:110,K,140.0,13,36
2016,id:775,K,138.0,14,36
2016,id:59,K,129.0,17,36
2016,id:229,K,96.0,26,36
2016,id:1214,K,57.0,32,36
2016,id:96,QB,380.0,1,94
2016,id:289,QB,332.3,3,94
2016,id:1111,QB,307.7,4,94
2016,id:1166,QB,300.3,5,94
2016,id:827,QB,270.9,8,94
2016,id:1979,QB,270.1,9,94
2016,id:2028,QB,268.5,10,94
2016,id:1234,QB,268.1,11,94
2016,id:829,QB,260.6,12,94
2016,id:331,QB,258.9,14,94
2016,id:167,QB,258.6,15,94
2016,id:954,QB,254.3,17,94
2016,id:138,QB,252.2,18,94
2016,id:91,QB,243.1,19,94
2016,id:188,QB,224.2,21,94
2016,id:2391,RB,327.8,1,161
2016,id:3164,RB,293.4,2,161
2016,id:676,RB,248.3,3,161
2016,id:1408,RB,242.4,4,161
2016,id:904,RB,240.8,5,161
2016,id:2168,RB,230.1,6,161
2016,id:730,RB,225.9,7,161
2016,id:2320,RB,209.6,8,161
2016,id:956,RB,196.2,10,161
2016,id:2452,RB,188.3,11,161
2016,id:232,RB,176.2,12,161
2016,id:1476,RB,175.2,13,161
2016,id:2257,RB,165.1,14,161
2016,id:1901,RB,165.1,15,161
2016,id:1601,RB,160.8,16,161
2016,id:1048,RB,160.1,17,161
2016,id:2378,RB,160.1,18,161
2016,id:1892,RB,155.3,19,161
2016,id:2315,RB,155.2,20,161
2016,id:103,RB,153.6,21,161
2016,id:818,RB,139.0,22,161
2016,id:218,RB,138.4,23,161
2016,id:571,RB,131.6,25,161
2016,id:1596,RB,115.0,28,161
2016,id:3209,RB,111.7,29,161
2016,id:246,RB,110.5,30,161
2016,id:1517,RB,108.8,31,161
2016,id:2161,RB,105.4,32,161
2016,id:380,RB,103.4,34,161
2016,id:3198,RB,92.7,39,161
2016,id:2382,RB,91.2,40,161
2016,id:2341,RB,87.7,41,161
2016,id:1451,RB,86.5,42,161
2016,id:1386,RB,83.3,44,161
2016,id:306,RB,82.1,46,161
2016,id:717,RB,74.5,50,161
2016,id:1195,RB,71.5,52,161
2016,id:3300,RB,68.2,54,161
2016,id:2400,RB,67.3,56,161
2016,id:2024,RB,66.1,57,161
2016,id:2585,RB,62.5,58,161
2016,id:3211,RB,61.8,59,161
2016,id:2411,RB,54.2,61,161
2016,id:2223,RB,43.9,67,161
2016,id:458,RB,41.6,68,161
2016,id:762,RB,39.9,70,161
2016,id:1527,RB,38.8,71,161
2016,id:1170,RB,37.4,74,161
2016,id:1546,RB,29.1,77,161
2016,id:2477,RB,27.5,79,161
2016,id:2359,RB,21.8,87,161
2016,id:735,RB,21.1,89,161
2016,id:669,RB,13.3,102,161
2016,id:323,RB,11.4,107,161
2016,id:184,RB,6.0,117,161
2016,id:2189,RB,0.0,153,161
2016,id:3280,RB,-1.9,161,161
2016,id:1466,TE,138.0,1,132
2016,id:58,TE,127.3,2,132
2016,id:616,TE,124.3,4,132
2016,id:284,TE,123.1,5,132
2016,id:40,TE,113.1,7,132
2016,id:1500,TE,102.6,9,132
2016,id:1800,TE,98.4,10,132
2016,id:322,TE,94.8,11,132
2016,id:1107,TE,87.3,13,132
2016,id:515,TE,72.0,23,132
2016,id:1388,TE,69.4,25,132
2016,id:2346,TE,63.1,27,132
2016,id:367,TE,41.7,38,132
2016,id:2216,WR,208.1,1,224
2016,id:175,WR,207.7,2,224
2016,id:536,WR,201.3,3,224
2016,id:2078,WR,195.6,4,224
2016,id:1110,WR,182.8,5,224
2016,id:947,WR,176.9,6,224
2016,id:2197,WR,168.3,8,224
2016,id:988,WR,159.6,10,224
2016,id:455,WR,150.3,12,224
2016,id:2309,WR,149.3,13,224
2016,id:1825,WR,137.3,16,224
2016,id:223,WR,136.8,17,224
2016,id:560,WR,136.3,19,224
2016,id:2182,WR,134.1,20,224
2016,id:538,WR,133.6,21,224
2016,id:344,WR,132.3,22,224
2016,id:642,WR,132.1,23,224
2016,id:365,WR,130.8,24,224
2016,id:574,WR,130.0,26,224
2016,id:366,WR,128.2,27,224
2016,id:1992,WR,126.3,29,224
2016,id:147,WR,124.5,31,224
2016,id:830,WR,120.4,34,224
2016,id:1911,WR,119.5,35,224
2016,id:1426,WR,119.4,36,224
2016,id:3200,WR,119.4,37,224
2016,id:1067,WR,117.3,38,224
2016,id:169,WR,113.9,41,224
2016,id:2449,WR,109.3,44,224
2016,id:2319,WR,98.4,50,224
2016,id:648,WR,96.8,51,224
2016,id:1149,WR,94.1,52,224
2016,id:1329,WR,90.9,53,224
2016,id:1071,WR,89.8,54,224
2016,id:1567,WR,88.8,55,224
2016,id:928,WR,88.3,56,224
2016,id:1077,WR,85.4,57,224
2016,id:2374,WR,83.1,58,224
2016,id:1219,WR,78.8,62,224
2016,id:1971,WR,72.6,68,224
2016,id:1984,WR,65.7,73,224
2016,id:411,WR,65.5,74,224
2016,id:2238,WR,64.7,75,224
2016,id:3297,WR,64.3,76,224
2016,id:1817,WR,55.0,84,224
2016,id:2345,WR,51.2,88,224
2016,id:826,WR,44.7,94,224
2016,id:794,WR,38.8,100,224
2016,id:558,WR,31.4,110,224
2016,id:1530,WR,23.2,122,224
2016,id:2312,WR,19.6,130,224
2016,id:128,WR,17.3,133,224
2016,id:1479,WR,6.3,167,224
2017,def:Ravens,DEF,192.0,2,32
2017,def:Seahawks,DEF,138.0,8,32
2017,def:Panthers,DEF,132.0,10,32
2017,def:Steelers,DEF,131.0,11,32
2017,def:Vikings,DEF,117.0,15,32
2017,def:Cardinals,DEF,105.0,16,32
2017,def:Bills,DEF,104.0,19,32
2017,def:Broncos,DEF,104.0,21,32
2017,def:Falcons,DEF,103.0,22,32
2017,def:Colts,DEF,79.0,27,32
2017,def:Texans,DEF,78.0,28,32
2017,id:110,K,172.0,2,42
2017,id:3678,K,171.4,3,42
2017,id:127,K,162.0,5,42
2017,id:1264,K,162.0,6,42
2017,id:17,K,151.0,10,42
2017,id:229,K,145.0,12,42
2017,id:899,K,81.0,28,42
2017,id:4666,K,19.0,39,42
2017,id:1358,K,13.0,40,42
2017,id:1234,QB,347.9,1,92
2017,id:954,QB,299.5,2,92
2017,id:167,QB,295.9,3,92
2017,id:1166,QB,277.6,6,92
2017,id:331,QB,270.4,8,92
2017,id:289,QB,262.6,9,92
2017,id:138,QB,260.7,10,92
2017,id:3294,QB,260.7,11,92
2017,id:24,QB,228.1,15,92
2017,id:2307,QB,210.5,18,92
2017,id:2028,QB,206.4,19,92
2017,id:2306,QB,201.7,22,92
2017,id:188,QB,187.3,23,92
2017,id:96,QB,129.6,29,92
2017,id:1111,QB,0.0,73,92
2017,id:2315,RB,319.3,1,156
2017,id:1408,RB,256.6,2,156
2017,id:4098,RB,242.2,3,156
2017,id:2320,RB,230.1,5,156
2017,id:956,RB,220.0,6,156
2017,id:676,RB,204.6,7,156
2017,id:3969,RB,194.2,8,156
2017,id:3164,RB,177.2,9,156
2017,id:3306,RB,176.7,10,156
2017,id:2257,RB,174.8,11,156
2017,id:788,RB,171.0,12,156
2017,id:2168,RB,164.2,13,156
2017,id:1048,RB,157.5,14,156
2017,id:4034,RB,148.6,15,156
2017,id:1451,RB,147.1,17,156
2017,id:232,RB,144.6,18,156
2017,id:745,RB,144.2,19,156
2017,id:1476,RB,142.5,20,156
2017,id:2382,RB,142.1,21,156
2017,id:2378,RB,140.7,22,156
2017,id:904,RB,132.5,23,156
2017,id:3198,RB,124.0,25,156
2017,id:818,RB,122.2,26,156
2017,id:4149,RB,117.8,29,156
2017,id:1901,RB,115.5,30,156
2017,id:1502,RB,112.4,31,156
2017,id:4018,RB,111.3,32,156
2017,id:2452,RB,111.1,33,156
2017,id:218,RB,109.2,35,156
2017,id:1386,RB,108.7,36,156
2017,id:1517,RB,101.0,37,156
2017,id:730,RB,99.6,39,156
2017,id:2359,RB,99.4,40,156
2017,id:4147,RB,86.5,42,156
2017,id:103,RB,83.4,43,156
2017,id:1848,RB,78.0,48,156
2017,id:2399,RB,68.6,53,156
2017,id:184,RB,67.9,54,156
2017,id:1353,RB,67.8,55,156
2017,id:1195,RB,67.0,56,156
2017,id:1170,RB,65.2,57,156
2017,id:1441,RB,57.9,63,156
2017,id:4029,RB,54.4,66,156
2017,id:3300,RB,51.0,68,156
2017,id:2024,RB,46.2,70,156
2017,id:323,RB,44.5,71,156
2017,id:3657,RB,39.2,74,156
2017,id:2223,RB,38.4,76,156
2017,id:949,RB,37.8,77,156
2017,id:1912,RB,26.1,87,156
2017,id:735,RB,25.6,88,156
2017,id:2585,RB,23.1,89,156
2017,id:1527,RB,22.6,90,156
2017,id:3211,RB,13.6,100,156
2017,id:1892,RB,13.2,101,156
2017,id:3204,RB,11.0,106,156
2017,id:2391,RB,7.0,114,156
2017,id:326,RB,-0.2,154,156
2017,id:515,TE,158.4,1,137
2017,id:1466,TE,150.5,2,137
2017,id:1339,TE,128.4,4,137
2017,id:616,TE,114.0,5,137
2017,id:943,TE,101.2,7,137
2017,id:284,TE,100.5,8,137
2017,id:3214,TE,81.9,13,137
2017,id:1500,TE,33.1,44,137
2017,id:1800,TE,32.2,45,137
2017,id:58,TE,25.1,52,137
2017,id:1388,TE,4.6,95,137
2017,id:1426,WR,213.8,1,231
2017,id:536,WR,209.3,2,231
2017,id:1479,WR,176.2,3,231
2017,id:3321,WR,170.2,4,231
2017,id:1067,WR,164.1,5,231
2017,id:947,WR,163.9,6,231
2017,id:2197,WR,156.2,7,231
2017,id:3199,WR,154.5,8,231
2017,id:223,WR,152.4,9,231
2017,id:830,WR,151.8,10,231
2017,id:1689,WR,148.7,11,231
2017,id:2133,WR,148.5,12,231
2017,id:988,WR,148.3,13,231
2017,id:1825,WR,148.0,14,231
2017,id:1149,WR,138.9,16,231
2017,id:2449,WR,134.2,18,231
2017,id:642,WR,132.5,19,231
2017,id:2216,WR,132.1,20,231
2017,id:560,WR,122.9,22,231
2017,id:1110,WR,118.6,23,231
2017,id:574,WR,117.4,24,231
2017,id:455,WR,113.8,27,231
2017,id:1290,WR,111.0,29,231
2017,id:2309,WR,110.4,30,231
2017,id:1817,WR,107.3,33,231
2017,id:695,WR,106.6,34,231
2017,id:365,WR,99.2,37,231
2017,id:2583,WR,94.8,39,231
2017,id:2410,WR,94.3,40,231
2017,id:928,WR,93.4,41,231
2017,id:147,WR,88.6,44,231
2017,id:2182,WR,87.2,45,231
2017,id:3200,WR,85.5,46,231
2017,id:175,WR,84.2,49,231
2017,id:1916,WR,82.5,50,231
2017,id:491,WR,77.9,53,231
2017,id:1329,WR,75.6,54,231
2017,id:2319,WR,73.0,56,231
2017,id:538,WR,67.5,60,231
2017,id:558,WR,62.3,65,231
2017,id:411,WR,62.0,66,231
2017,id:1971,WR,51.1,75,231
2017,id:269,WR,50.0,77,231
2017,id:2078,WR,49.0,79,231
2017,id:2238,WR,48.9,80,231
2017,id:1903,WR,48.7,81,231
2017,id:4080,WR,43.6,86,231
2017,id:3177,WR,42.5,88,231
2017,id:366,WR,37.6,97,231
2017,id:4036,WR,35.5,100,231
2017,id:1020,WR,30.0,108,231
2017,id:648,WR,15.4,129,231
2017,id:1911,WR,7.2,160,231
2017,id:1992,WR,1.7,183,231
2017,id:2312,WR,0.6,190,231
2018,def:Texans,DEF,148.0,2,32
2018,def:Rams,DEF,145.0,3,32
2018,def:Ravens,DEF,129.0,6,32
2018,def:Broncos,DEF,129.0,7,32
2018,def:Titans,DEF,118.0,9,32
2018,def:Vikings,DEF,115.0,13,32
2018,def:Jaguars,DEF,114.0,15,32
2018,def:Saints,DEF,112.0,16,32
2018,def:Chargers,DEF,109.0,17,32
2018,def:Eagles,DEF,96.0,23,32
2018,def:Cardinals,DEF,87.0,25,32
2018,id:1264,K,160.0,2,40
2018,id:3678,K,154.0,3,40
2018,id:110,K,138.0,10,40
2018,id:17,K,129.3,11,40
2018,id:1266,K,128.0,13,40
2018,id:4195,K,122.0,15,40
2018,id:127,K,111.0,19,40
2018,id:1945,K,93.1,25,40
2018,id:503,K,82.0,30,40
2018,id:4046,QB,417.1,1,94
2018,id:24,QB,354.0,2,94
2018,id:138,QB,340.9,3,94
2018,id:4017,QB,331.7,4,94
2018,id:1111,QB,326.9,5,94
2018,id:96,QB,312.6,6,94
2018,id:289,QB,304.0,8,94
2018,id:1234,QB,298.4,9,94
2018,id:954,QB,282.6,12,94
2018,id:1166,QB,282.1,13,94
2018,id:167,QB,280.3,14,94
2018,id:3976,QB,263.0,15,94
2018,id:421,QB,212.2,20,94
2018,id:3161,QB,192.7,23,94
2018,id:268,QB,138.0,31,94
2018,id:1837,QB,48.0,40,94
2018,id:2315,RB,313.1,1,153
2018,id:4866,RB,294.8,2,153
2018,id:4034,RB,278.5,3,153
2018,id:4035,RB,273.2,4,153
2018,id:3164,RB,252.1,5,153
2018,id:2320,RB,225.5,6,153
2018,id:4098,RB,204.2,8,153
2018,id:4018,RB,200.4,9,153
2018,id:2391,RB,196.6,10,153
2018,id:1848,RB,189.6,11,153
2018,id:3198,RB,186.4,13,153
2018,id:4273,RB,181.4,14,153
2018,id:4988,RB,174.5,15,153
2018,id:184,RB,169.0,16,153
2018,id:4157,RB,162.9,17,153
2018,id:2378,RB,161.6,18,153
2018,id:4152,RB,161.1,19,153
2018,id:3306,RB,160.0,20,153
2018,id:3242,RB,153.2,21,153
2018,id:1048,RB,147.6,22,153
2018,id:4199,RB,145.4,23,153
2018,id:4962,RB,132.1,25,153
2018,id:3594,RB,130.3,26,153
2018,id:4663,RB,129.8,27,153
2018,id:956,RB,121.5,28,153
2018,id:1901,RB,119.7,29,153
2018,id:4029,RB,112.0,31,153
2018,id:1476,RB,109.9,32,153
2018,id:5068,RB,107.4,33,153
2018,id:1195,RB,101.9,35,153
2018,id:788,RB,101.7,36,153
2018,id:3969,RB,98.4,37,153
2018,id:3327,RB,93.6,39,153
2018,id:676,RB,93.2,40,153
2018,id:2257,RB,88.4,44,153
2018,id:4149,RB,87.4,46,153
2018,id:5046,RB,87.3,47,153
2018,id:2382,RB,85.0,48,153
2018,id:730,RB,76.5,50,153
2018,id:1535,RB,75.5,52,153
2018,id:745,RB,64.0,57,153
2018,id:1451,RB,62.4,59,153
2018,id:4985,RB,61.4,60,153
2018,id:1502,RB,50.6,67,153
2018,id:818,RB,49.3,70,153
2018,id:2399,RB,46.3,72,153
2018,id:5100,RB,44.1,77,153
2018,id:2452,RB,38.4,79,153
2018,id:1387,RB,35.7,80,153
2018,id:5052,RB,13.7,95,153
2018,id:2168,RB,9.1,103,153
2018,id:1892,RB,3.1,120,153
2018,id:3657,RB,0.8,134,153
2018,id:1466,TE,191.6,1,144
2018,id:1339,TE,164.3,3,144
2018,id:1793,TE,93.1,6,144
2018,id:4033,TE,87.9,8,144
2018,id:943,TE,87.4,9,144
2018,id:515,TE,84.2,11,144
2018,id:4066,TE,81.3,13,144
2018,id:2346,TE,78.9,14,144
2018,id:616,TE,75.6,15,144
2018,id:1500,TE,65.8,18,144
2018,id:58,TE,53.1,24,144
2018,id:1706,TE,34.5,38,144
2018,id:1388,TE,23.9,57,144
2018,id:284,TE,5.2,98,144
2018,id:3321,WR,247.0,1,246
2018,id:536,WR,219.7,2,246
2018,id:2133,WR,218.6,3,246
2018,id:1426,WR,218.5,4,246
2018,id:947,WR,212.9,5,246
2018,id:2216,WR,198.4,6,246
2018,id:1689,WR,194.3,7,246
2018,id:3199,WR,190.5,8,246
2018,id:4040,WR,185.9,9,246
2018,id:1352,WR,179.6,10,246
2018,id:2374,WR,165.4,11,246
2018,id:2449,WR,164.3,12,246
2018,id:2197,WR,163.2,13,246
2018,id:1479,WR,163.1,14,246
2018,id:1110,WR,163.0,15,246
2018,id:2078,WR,153.3,16,246
2018,id:2309,WR,140.5,19,246
2018,id:4131,WR,137.1,21,246
2018,id:1825,WR,136.1,22,246
2018,id:344,WR,133.4,23,246
2018,id:538,WR,127.2,24,246
2018,id:4037,WR,126.2,25,246
2018,id:1149,WR,120.3,26,246
2018,id:4036,WR,118.6,27,246
2018,id:223,WR,116.7,28,246
2018,id:3200,WR,116.5,29,246
2018,id:147,WR,110.3,33,246
2018,id:642,WR,108.9,35,246
2018,id:3423,WR,106.4,36,246
2018,id:830,WR,103.4,37,246
2018,id:2325,WR,101.4,40,246
2018,id:1992,WR,98.3,41,246
2018,id:1244,WR,97.7,43,246
2018,id:560,WR,97.7,44,246
2018,id:1555,WR,97.4,45,246
2018,id:4039,WR,95.1,47,246
2018,id:988,WR,91.8,50,246
2018,id:1971,WR,82.8,55,246
2018,id:1067,WR,80.8,56,246
2018,id:455,WR,78.7,59,246
2018,id:1817,WR,75.1,61,246
2018,id:3157,WR,74.3,63,246
2018,id:1329,WR,71.2,69,246
2018,id:3178,WR,65.2,73,246
2018,id:1346,WR,64.4,75,246
2018,id:4038,WR,63.9,77,246
2018,id:2410,WR,53.8,81,246
2018,id:4622,WR,51.1,85,246
2018,id:928,WR,48.3,90,246
2018,id:2182,WR,44.0,94,246
2018,id:1984,WR,41.5,97,246
2018,id:269,WR,34.6,108,246
2018,id:2699,WR,15.4,148,246
2018,id:2462,WR,6.4,163,246
2019,def:Ravens,DEF,157.0,4,32
2019,def:Vikings,DEF,144.0,7,32
2019,def:Rams,DEF,143.0,8,32
2019,def:Bills,DEF,134.0,9,32
2019,def:Jets,DEF,128.0,12,32
2019,def:Eagles,DEF,113.0,15,32
2019,def:Bears,DEF,105.0,17,32
2019,def:Jaguars,DEF,102.0,18,32
2019,def:Broncos,DEF,101.0,19,32
2019,def:Cowboys,DEF,99.0,20,32
2019,def:Browns,DEF,91.0,25,32
2019,def:Chargers,DEF,79.0,27,32
2019,id:4227,K,166.0,1,42
2019,id:3678,K,163.0,2,42
2019,id:1264,K,153.0,3,42
2019,id:1266,K,133.0,8,42
2019,id:17,K,133.0,9,42
2019,id:49,K,116.0,15,42
2019,id:59,K,115.0,18,42
2019,id:3451,K,110.0,20,42
2019,id:4195,K,108.0,22,42
2019,id:110,K,33.0,35,42
2019,id:4881,QB,415.7,1,93
2019,id:3294,QB,337.8,2,93
2019,id:1234,QB,328.6,3,93
2019,id:4017,QB,320.0,4,93
2019,id:2306,QB,305.4,5,93
2019,id:4046,QB,287.0,7,93
2019,id:5849,QB,285.3,8,93
2019,id:96,QB,278.4,9,93
2019,id:3161,QB,275.9,10,93
2019,id:24,QB,267.3,11,93
2019,id:167,QB,263.7,12,93
2019,id:4892,QB,229.2,20,93
2019,id:289,QB,224.8,21,93
2019,id:3976,QB,202.8,25,93
2019,id:954,QB,16.7,50,93
2019,id:138,QB,12.7,52,93
2019,id:4034,RB,355.2,1,150
2019,id:3198,RB,276.6,2,150
2019,id:4199,RB,265.8,3,150
2019,id:3164,RB,257.7,4,150
2019,id:4029,RB,239.4,5,150
2019,id:4988,RB,219.2,6,150
2019,id:4663,RB,217.0,7,150
2019,id:956,RB,216.5,8,150
2019,id:4273,RB,195.6,9,150
2019,id:4866,RB,192.1,10,150
2019,id:4018,RB,190.4,11,150
2019,id:2315,RB,188.4,12,150
2019,id:3969,RB,183.4,13,150
2019,id:5850,RB,171.6,14,150
2019,id:6151,RB,168.7,15,150
2019,id:4035,RB,167.5,16,150
2019,id:4152,RB,167.3,17,150
2019,id:3242,RB,164.2,18,150
2019,id:5170,RB,162.7,19,150
2019,id:1408,RB,149.0,21,150
2019,id:5892,RB,145.4,22,150
2019,id:4962,RB,140.6,24,150
2019,id:2320,RB,138.8,25,150
2019,id:2168,RB,138.6,26,150
2019,id:5052,RB,135.3,27,150
2019,id:184,RB,130.0,28,150
2019,id:1848,RB,128.2,29,150
2019,id:1476,RB,123.2,30,150
2019,id:6130,RB,118.9,31,150
2019,id:2378,RB,114.4,32,150
2019,id:4137,RB,111.5,33,150
2019,id:1833,RB,111.1,34,150
2019,id:2382,RB,110.0,35,150
2019,id:2391,RB,105.5,37,150
2019,id:3306,RB,101.4,38,150
2019,id:3594,RB,100.5,39,150
2019,id:5046,RB,99.2,40,150
2019,id:676,RB,90.6,41,150
2019,id:4157,RB,84.9,44,150
2019,id:4455,RB,84.3,45,150
2019,id:5068,RB,75.0,47,150
2019,id:5967,RB,74.2,48,150
2019,id:4985,RB,67.3,53,150
2019,id:4098,RB,64.4,54,150
2019,id:5987,RB,58.4,55,150
2019,id:5107,RB,57.4,56,150
2019,id:2588,RB,57.1,58,150
2019,id:4949,RB,50.4,62,150
2019,id:5995,RB,41.5,71,150
2019,id:788,RB,41.3,72,150
2019,id:4994,RB,37.8,75,150
2019,id:4150,RB,37.2,77,150
2019,id:5004,RB,25.3,84,150
2019,id:6178,RB,23.1,89,150
2019,id:5131,RB,22.2,90,150
2019,id:2399,RB,19.3,91,150
2019,id:5916,RB,18.4,93,150
2019,id:2431,RB,4.9,113,150
2019,id:1466,TE,157.3,1,145
2019,id:4217,TE,137.5,3,145
2019,id:1339,TE,127.6,5,145
2019,id:367,TE,124.5,6,145
2019,id:3214,TE,95.2,8,145
2019,id:943,TE,74.7,15,145
2019,id:58,TE,71.7,16,145
2019,id:4066,TE,65.4,20,145
2019,id:4055,TE,49.9,32,145
2019,id:5844,TE,48.7,33,145
2019,id:1587,TE,45.5,36,145
2019,id:284,TE,33.5,44,145
2019,id:4033,TE,10.1,79,145
2019,id:3199,WR,225.6,1,243
2019,id:4037,WR,190.1,2,243
2019,id:4131,WR,183.0,3,243
2019,id:4039,WR,176.5,4,243
2019,id:947,WR,175.1,5,243
2019,id:2309,WR,167.5,7,243
2019,id:2216,WR,165.7,8,243
2019,id:1426,WR,164.5,10,243
2019,id:1479,WR,157.5,11,243
2019,id:1992,WR,156.9,12,243
2019,id:344,WR,156.3,13,243
2019,id:1825,WR,154.4,14,243
2019,id:2374,WR,153.2,15,243
2019,id:5045,WR,150.4,17,243
2019,id:2449,WR,149.1,18,243
2019,id:5038,WR,146.7,20,243
2019,id:4983,WR,143.5,21,243
2019,id:1352,WR,142.9,22,243
2019,id:4981,WR,134.0,23,243
2019,id:3225,WR,132.9,25,243
2019,id:1067,WR,131.9,27,243
2019,id:3321,WR,130.3,28,243
2019,id:2133,WR,129.7,29,243
2019,id:5846,WR,129.1,30,243
2019,id:2078,WR,127.3,31,243
2019,id:538,WR,124.3,32,243
2019,id:2410,WR,119.7,34,243
2019,id:4082,WR,117.7,36,243
2019,id:4068,WR,112.3,37,243
2019,id:3423,WR,110.3,38,243
2019,id:642,WR,103.2,41,243
2019,id:223,WR,102.4,42,243
2019,id:4950,WR,100.2,46,243
2019,id:4146,WR,90.7,50,243
2019,id:5024,WR,89.5,51,243
2019,id:1817,WR,86.5,52,243
2019,id:3157,WR,85.0,53,243
2019,id:3200,WR,84.8,54,243
2019,id:1689,WR,84.4,56,243
2019,id:1110,WR,80.1,58,243
2019,id:1149,WR,79.2,59,243
2019,id:2197,WR,75.5,61,243
2019,id:4036,WR,72.1,64,243
2019,id:4040,WR,71.2,66,243
2019,id:5086,WR,58.1,76,243
2019,id:1244,WR,46.7,88,243
2019,id:4992,WR,23.5,126,243
2019,id:536,WR,12.1,146,243
2019,id:1971,WR,1.8,190,243
2019,id:830,WR,0.0,214,243
2020,def:Steelers,DEF,146.0,2,32
2020,def:Colts,DEF,143.0,3,32
2020,def:Ravens,DEF,139.0,4,32
2020,def:Saints,DEF,120.0,7,32
2020,def:Bills,DEF,118.0,9,32
2020,def:Patriots,DEF,108.0,11,32
2020,def:49ers,DEF,88.0,19,32
2020,def:Bears,DEF,88.0,20,32
2020,def:Chargers,DEF,72.0,23,32
2020,def:Bengals,DEF,45.0,30,32
2020,id:4666,K,168.0,2,48
2020,id:1266,K,153.0,5,48
2020,id:1264,K,145.0,7,48
2020,id:3678,K,135.0,12,48
2020,id:4227,K,134.0,13,48
2020,id:17,K,117.0,22,48
2020,id:49,K,106.0,24,48
2020,id:4233,K,98.0,27,48
2020,id:4195,K,75.0,29,48
2020,id:6083,K,66.0,30,48
2020,id:4984,QB,395.1,1,105
2020,id:96,QB,382.3,2,105
2020,id:5849,QB,378.7,3,105
2020,id:4046,QB,374.4,4,105
2020,id:4017,QB,369.3,5,105
2020,id:1234,QB,359.8,6,105
2020,id:167,QB,337.9,8,105
2020,id:4881,QB,332.8,10,105
2020,id:24,QB,282.4,12,105
2020,id:421,QB,260.6,15,105
2020,id:954,QB,259.0,16,105
2020,id:289,QB,209.5,21,105
2020,id:3161,QB,198.4,22,105
2020,id:6770,QB,173.7,25,105
2020,id:6768,QB,135.5,30,105
2020,id:3294,QB,134.6,31,105
2020,id:3198,RB,314.1,1,167
2020,id:4035,RB,294.8,2,167
2020,id:4029,RB,293.8,3,167
2020,id:6813,RB,216.8,4,167
2020,id:4199,RB,211.9,5,167
2020,id:5892,RB,210.8,6,167
2020,id:5850,RB,198.3,8,167
2020,id:4988,RB,191.7,9,167
2020,id:4098,RB,180.5,10,167
2020,id:3164,RB,171.7,11,167
2020,id:3242,RB,167.2,12,167
2020,id:2320,RB,166.4,13,167
2020,id:6945,RB,166.2,14,167
2020,id:5052,RB,158.3,15,167
2020,id:4273,RB,150.8,16,167
2020,id:6806,RB,150.5,17,167
2020,id:2391,RB,146.5,19,167
2020,id:6790,RB,143.8,20,167
2020,id:6151,RB,142.4,21,167
2020,id:6820,RB,140.0,22,167
2020,id:2315,RB,138.2,23,167
2020,id:4137,RB,129.6,25,167
2020,id:5000,RB,115.0,30,167
2020,id:5916,RB,114.3,31,167
2020,id:1476,RB,113.2,32,167
2020,id:184,RB,112.5,33,167
2020,id:4663,RB,111.3,35,167
2020,id:6130,RB,105.6,37,167
2020,id:3969,RB,96.0,39,167
2020,id:5967,RB,92.7,41,167
2020,id:6938,RB,90.8,42,167
2020,id:6845,RB,87.6,43,167
2020,id:5890,RB,86.3,44,167
2020,id:2749,RB,83.7,47,167
2020,id:4018,RB,78.6,49,167
2020,id:5987,RB,73.9,50,167
2020,id:4034,RB,73.4,51,167
2020,id:5122,RB,70.6,52,167
2020,id:2257,RB,68.9,54,167
2020,id:4962,RB,68.3,56,167
2020,id:1848,RB,67.6,57,167
2020,id:5170,RB,59.0,60,167
2020,id:1408,RB,58.6,61,167
2020,id:2382,RB,56.4,64,167
2020,id:5068,RB,52.8,66,167
2020,id:956,RB,46.9,71,167
2020,id:5131,RB,46.3,72,167
2020,id:6828,RB,38.3,76,167
2020,id:4455,RB,33.0,80,167
2020,id:3306,RB,29.7,84,167
2020,id:6885,RB,18.3,96,167
2020,id:4157,RB,11.5,113,167
2020,id:4866,RB,9.4,115,167
2020,id:2378,RB,8.7,117,167
2020,id:4152,RB,5.6,126,167
2020,id:1048,RB,0.6,146,167
2020,id:1466,TE,207.8,1,148
2020,id:2505,TE,171.6,2,148
2020,id:5012,TE,112.1,5,148
2020,id:5844,TE,108.3,6,148
2020,id:4993,TE,106.3,7,148
2020,id:515,TE,104.3,9,148
2020,id:4973,TE,93.1,12,148
2020,id:367,TE,90.4,13,148
2020,id:5857,TE,87.3,14,148
2020,id:3214,TE,85.3,16,148
2020,id:3271,TE,84.2,17,148
2020,id:4066,TE,78.0,19,148
2020,id:4217,TE,77.1,20,148
2020,id:5009,TE,42.7,35,148
2020,id:1339,TE,41.5,36,148
2020,id:58,TE,29.9,51,148
2020,id:2133,WR,243.4,1,252
2020,id:3321,WR,241.9,2,252
2020,id:2449,WR,201.6,3,252
2020,id:4981,WR,191.5,4,252
2020,id:5846,WR,188.3,5,252
2020,id:6794,WR,186.2,6,252
2020,id:1689,WR,180.0,7,252
2020,id:2216,WR,178.6,8,252
2020,id:5859,WR,177.5,9,252
2020,id:1426,WR,172.8,10,252
2020,id:2374,WR,165.4,11,252
2020,id:1992,WR,160.9,12,252
2020,id:1352,WR,155.1,13,252
2020,id:1067,WR,151.8,15,252
2020,id:2197,WR,151.0,16,252
2020,id:4983,WR,145.5,17,252
2020,id:1479,WR,145.1,18,252
2020,id:2309,WR,144.8,19,252
2020,id:6786,WR,143.7,20,252
2020,id:4040,WR,137.1,22,252
2020,id:5927,WR,136.8,23,252
2020,id:3157,WR,135.9,24,252
2020,id:5937,WR,133.8,26,252
2020,id:3423,WR,129.1,27,252
2020,id:4037,WR,126.0,30,252
2020,id:5848,WR,125.0,32,252
2020,id:6803,WR,124.5,33,252
2020,id:4039,WR,116.7,34,252
2020,id:1825,WR,116.0,35,252
2020,id:5038,WR,114.3,36,252
2020,id:3225,WR,113.6,37,252
2020,id:2410,WR,113.0,38,252
2020,id:1110,WR,108.2,41,252
2020,id:4068,WR,105.7,42,252
2020,id:6783,WR,105.6,43,252
2020,id:538,WR,103.8,45,252
2020,id:2319,WR,103.3,46,252
2020,id:4951,WR,100.6,48,252
2020,id:4950,WR,98.4,51,252
2020,id:3200,WR,96.5,52,252
2020,id:947,WR,95.1,53,252
2020,id:6149,WR,91.0,56,252
2020,id:5917,WR,87.1,57,252
2020,id:536,WR,72.1,66,252
2020,id:2331,WR,69.1,72,252
2020,id:830,WR,64.3,75,252
2020,id:2078,WR,63.8,76,252
2020,id:2238,WR,63.8,77,252
2020,id:5013,WR,59.7,84,252
2020,id:6789,WR,58.1,87,252
2020,id:6148,WR,56.8,89,252
2020,id:6798,WR,56.2,90,252
2020,id:642,WR,51.5,93,252
2020,id:1817,WR,50.4,96,252
2020,id:5872,WR,47.7,97,252
2020,id:4131,WR,45.8,100,252
2020,id:3199,WR,43.9,102,252
2020,id:344,WR,35.2,108,252
2020,id:147,WR,30.8,114,252
2020,id:5880,WR,8.7,168,252
2020,id:5045,WR,6.6,173,252
2021,def:Bills,DEF,156.0,2,32
2021,def:Patriots,DEF,154.0,3,32
2021,def:Dolphins,DEF,143.0,4,32
2021,def:Saints,DEF,140.0,5,32
2021,def:49ers,DEF,131.0,6,32
2021,def:Buccaneers,DEF,129.0,7,32
2021,def:Rams,DEF,113.0,11,32
2021,def:Broncos,DEF,110.0,12,32
2021,def:Packers,DEF,109.0,13,32
2021,def:Steelers,DEF,98.0,18,32
2021,def:Commanders,DEF,77.0,22,32
2021,def:Ravens,DEF,61.0,28,32
2021,id:5095,K,179.3,1,57
2021,id:1264,K,174.2,2,57
2021,id:7042,K,144.3,11,57
2021,id:4227,K,143.7,12,57
2021,id:391,K,135.7,14,57
2021,id:59,K,132.2,15,57
2021,id:4666,K,131.9,16,57
2021,id:5119,K,114.4,21,57
2021,id:2747,K,100.8,25,57
2021,id:7062,K,44.9,33,57
2021,id:4984,QB,384.6,1,120
2021,id:6797,QB,359.3,2,120
2021,id:167,QB,358.7,3,120
2021,id:4046,QB,340.7,4,120
2021,id:96,QB,314.3,5,120
2021,id:421,QB,303.7,6,120
2021,id:3294,QB,295.6,7,120
2021,id:6904,QB,290.2,8,120
2021,id:6770,QB,281.7,9,120
2021,id:5849,QB,270.0,11,120
2021,id:1049,QB,238.9,12,120
2021,id:1234,QB,221.3,15,120
2021,id:4881,QB,216.0,16,120
2021,id:24,QB,191.9,20,120
2021,id:7523,QB,177.0,23,120
2021,id:7591,QB,99.8,32,120
2021,id:7610,QB,62.9,38,120
2021,id:6813,RB,339.9,1,199
2021,id:4663,RB,293.8,2,199
2021,id:4018,RB,251.7,3,199
2021,id:7528,RB,241.5,4,199
2021,id:4137,RB,229.5,5,199
2021,id:3164,RB,212.8,6,199
2021,id:4035,RB,201.2,7,199
2021,id:3969,RB,200.8,8,199
2021,id:4988,RB,198.8,9,199
2021,id:5890,RB,196.4,10,199
2021,id:6945,RB,192.6,12,199
2021,id:4199,RB,188.3,13,199
2021,id:5850,RB,183.0,14,199
2021,id:3198,RB,179.1,15,199
2021,id:4029,RB,178.1,16,199
2021,id:2320,RB,173.4,17,199
2021,id:7588,RB,171.7,18,199
2021,id:5892,RB,164.5,19,199
2021,id:6130,RB,160.8,21,199
2021,id:6828,RB,159.4,22,199
2021,id:6790,RB,158.9,23,199
2021,id:6955,RB,149.4,25,199
2021,id:5916,RB,138.9,26,199
2021,id:5967,RB,132.1,27,199
2021,id:5980,RB,130.6,28,199
2021,id:7607,RB,128.2,30,199
2021,id:7594,RB,118.1,32,199
2021,id:4985,RB,116.7,33,199
2021,id:4866,RB,114.9,34,199
2021,id:3209,RB,111.9,35,199
2021,id:5000,RB,110.1,36,199
2021,id:6820,RB,103.4,37,199
2021,id:2431,RB,101.5,39,199
2021,id:5987,RB,100.2,40,199
2021,id:4034,RB,99.3,41,199
2021,id:4149,RB,98.3,43,199
2021,id:6151,RB,96.0,44,199
2021,id:3664,RB,95.9,45,199
2021,id:1476,RB,95.9,46,199
2021,id:6039,RB,93.8,47,199
2021,id:4098,RB,92.5,49,199
2021,id:6845,RB,87.5,52,199
2021,id:3242,RB,80.8,56,199
2021,id:5347,RB,80.4,57,199
2021,id:5052,RB,71.2,58,199
2021,id:5131,RB,69.7,59,199
2021,id:2391,RB,57.8,65,199
2021,id:4273,RB,43.1,74,199
2021,id:5170,RB,42.7,76,199
2021,id:2378,RB,42.3,77,199
2021,id:1386,RB,38.9,81,199
2021,id:7593,RB,25.8,94,199
2021,id:4152,RB,11.2,115,199
2021,id:2749,RB,2.0,136,199
2021,id:5248,RB,0.0,167,199
2021,id:6806,RB,0.0,176,199
2021,id:5012,TE,230.6,1,192
2021,id:1466,TE,202.6,2,192
2021,id:4217,TE,150.8,4,192
2021,id:515,TE,137.7,5,192
2021,id:7553,TE,133.6,6,192
2021,id:5022,TE,130.0,9,192
2021,id:5857,TE,111.0,13,192
2021,id:3271,TE,103.0,15,192
2021,id:5844,TE,102.8,16,192
2021,id:2505,TE,96.3,18,192
2021,id:6869,TE,44.1,41,192
2021,id:2251,TE,41.6,45,192
2021,id:4602,TE,37.9,50,192
2021,id:6126,TE,0.0,168,192
2021,id:4039,WR,341.3,1,345
2021,id:5872,WR,290.2,2,345
2021,id:6794,WR,263.4,3,345
2021,id:2133,WR,263.1,4,345
2021,id:7564,WR,253.6,5,345
2021,id:3321,WR,219.3,6,345
2021,id:2449,WR,217.0,7,345
2021,id:2216,WR,214.8,8,345
2021,id:5937,WR,200.2,9,345
2021,id:4068,WR,197.6,10,345
2021,id:5846,WR,194.1,11,345
2021,id:2374,WR,192.9,12,345
2021,id:1479,WR,184.3,13,345
2021,id:6786,WR,181.6,15,345
2021,id:6819,WR,180.4,16,345
2021,id:4983,WR,177.5,17,345
2021,id:4037,WR,176.4,18,345
2021,id:6801,WR,175.1,19,345
2021,id:7526,WR,170.8,20,345
2021,id:2197,WR,170.3,21,345
2021,id:7090,WR,165.5,22,345
2021,id:5927,WR,164.8,23,345
2021,id:5848,WR,161.1,25,345
2021,id:2309,WR,157.5,26,345
2021,id:1689,WR,151.6,28,345
2021,id:7525,WR,145.6,29,345
2021,id:5859,WR,143.4,31,345
2021,id:3225,WR,138.1,32,345
2021,id:6803,WR,134.3,34,345
2021,id:1067,WR,132.0,35,345
2021,id:6886,WR,127.6,37,345
2021,id:6989,WR,123.8,40,345
2021,id:1426,WR,121.5,42,345
2021,id:5110,WR,119.0,43,345
2021,id:5045,WR,113.2,46,345
2021,id:7596,WR,109.7,47,345
2021,id:1352,WR,108.5,48,345
2021,id:3423,WR,101.0,51,345
2021,id:2078,WR,99.6,53,345
2021,id:5917,WR,98.4,55,345
2021,id:1825,WR,96.3,57,345
2021,id:536,WR,92.1,58,345
2021,id:6814,WR,83.3,65,345
2021,id:4036,WR,83.2,66,345
2021,id:2325,WR,79.9,67,345
2021,id:2319,WR,77.8,68,345
2021,id:6789,WR,68.8,77,345
2021,id:5038,WR,68.5,78,345
2021,id:4131,WR,68.4,79,345
2021,id:5026,WR,66.2,83,345
2021,id:7601,WR,64.6,85,345
2021,id:947,WR,61.2,92,345
2021,id:1992,WR,61.0,93,345
2021,id:6783,WR,59.3,94,345
2021,id:1110,WR,58.9,95,345
2021,id:4981,WR,48.6,109,345
2021,id:4951,WR,30.9,129,345
2021,id:4040,WR,24.1,139,345
2021,id:3157,WR,5.6,182,345
2021,id:4082,WR,4.8,189,345
2021,id:3199,WR,0.0,288,345
2022,def:Cowboys,DEF,163.0,2,32
2022,def:49ers,DEF,162.0,4,32
2022,def:Bills,DEF,150.0,5,32
2022,def:Ravens,DEF,132.0,6,32
2022,def:Saints,DEF,114.0,11,32
2022,def:Colts,DEF,113.0,13,32
2022,def:Packers,DEF,113.0,14,32
2022,def:Broncos,DEF,111.0,15,32
2022,def:Steelers,DEF,102.0,16,32
2022,def:Buccaneers,DEF,100.0,19,32
2022,id:5095,K,169.1,1,51
2022,id:1264,K,164.2,3,51
2022,id:7042,K,153.7,6,51
2022,id:6083,K,138.5,14,51
2022,id:1433,K,133.7,17,51
2022,id:7839,K,130.0,19,51
2022,id:4195,K,123.1,21,51
2022,id:3678,K,114.4,25,51
2022,id:17,K,104.6,27,51
2022,id:4227,K,97.8,30,51
2022,id:4046,QB,399.4,1,115
2022,id:4984,QB,373.7,2,115
2022,id:6904,QB,350.0,3,115
2022,id:7523,QB,279.1,5,115
2022,id:167,QB,259.7,10,115
2022,id:6797,QB,253.3,11,115
2022,id:4881,QB,220.1,13,115
2022,id:96,QB,217.2,14,115
2022,id:1234,QB,192.3,17,115
2022,id:5849,QB,180.0,18,115
2022,id:3294,QB,179.6,19,115
2022,id:421,QB,87.9,33,115
2022,id:7610,QB,10.5,61,115
2022,id:4663,RB,362.7,1,193
2022,id:4034,RB,348.4,2,193
2022,id:5850,RB,324.3,3,193
2022,id:3198,RB,297.8,4,193
2022,id:4988,RB,281.4,5,193
2022,id:4866,RB,278.0,6,193
2022,id:5967,RB,243.8,7,193
2022,id:4199,RB,243.6,8,193
2022,id:4018,RB,238.7,9,193
2022,id:7611,RB,238.1,10,193
2022,id:4029,RB,233.3,11,193
2022,id:4149,RB,224.9,12,193
2022,id:3969,RB,221.1,13,193
2022,id:7528,RB,220.9,14,193
2022,id:6151,RB,211.7,15,193
2022,id:4035,RB,209.7,16,193
2022,id:8151,RB,199.5,17,193
2022,id:7543,RB,198.1,18,193
2022,id:4137,RB,196.2,19,193
2022,id:2161,RB,189.3,20,193
2022,id:6790,RB,186.1,21,193
2022,id:3164,RB,183.8,22,193
2022,id:6130,RB,178.2,23,193
2022,id:5892,RB,176.7,24,193
2022,id:6828,RB,165.6,25,193
2022,id:2749,RB,165.3,26,193
2022,id:8129,RB,162.4,27,193
2022,id:6945,RB,160.9,28,193
2022,id:8132,RB,155.4,30,193
2022,id:1535,RB,151.7,31,193
2022,id:6813,RB,144.4,33,193
2022,id:6938,RB,141.3,35,193
2022,id:8136,RB,136.1,36,193
2022,id:8205,RB,132.0,37,193
2022,id:4098,RB,121.8,39,193
2022,id:7607,RB,121.0,40,193
2022,id:8155,RB,115.1,41,193
2022,id:7608,RB,113.8,42,193
2022,id:8138,RB,107.5,44,193
2022,id:6820,RB,98.3,46,193
2022,id:5890,RB,88.9,48,193
2022,id:6951,RB,88.6,49,193
2022,id:5987,RB,87.4,50,193
2022,id:7567,RB,86.9,51,193
2022,id:6955,RB,86.6,53,193
2022,id:2320,RB,84.1,54,193
2022,id:6806,RB,80.2,56,193
2022,id:5347,RB,78.4,57,193
2022,id:5000,RB,74.2,59,193
2022,id:5916,RB,73.5,61,193
2022,id:3664,RB,55.8,68,193
2022,id:4985,RB,51.2,70,193
2022,id:7561,RB,42.6,79,193
2022,id:7588,RB,39.0,82,193
2022,id:8211,RB,9.9,119,193
2022,id:8153,RB,8.4,124,193
2022,id:8139,RB,7.0,129,193
2022,id:1466,TE,315.3,1,181
2022,id:5844,TE,211.4,2,181
2022,id:4217,TE,199.5,3,181
2022,id:5012,TE,188.5,4,181
2022,id:7600,TE,148.2,7,181
2022,id:6826,TE,145.3,8,181
2022,id:5001,TE,142.7,10,181
2022,id:5022,TE,140.2,11,181
2022,id:5906,TE,134.7,15,181
2022,id:1339,TE,115.6,19,181
2022,id:2505,TE,83.8,30,181
2022,id:7553,TE,75.6,33,181
2022,id:6794,WR,367.7,1,346
2022,id:3321,WR,341.2,2,346
2022,id:2133,WR,334.0,3,346
2022,id:2449,WR,316.2,4,346
2022,id:6786,WR,300.6,5,346
2022,id:5859,WR,298.6,6,346
2022,id:7547,WR,265.6,7,346
2022,id:7526,WR,259.2,8,346
2022,id:7525,WR,251.6,9,346
2022,id:2309,WR,246.0,10,346
2022,id:4950,WR,240.9,11,346
2022,id:7564,WR,237.9,12,346
2022,id:2374,WR,236.3,13,346
2022,id:5927,WR,228.0,14,346
2022,id:6803,WR,227.8,15,346
2022,id:5846,WR,225.8,16,346
2022,id:2216,WR,225.4,17,346
2022,id:6801,WR,223.2,18,346
2022,id:4037,WR,221.8,19,346
2022,id:6819,WR,212.5,20,346
2022,id:8146,WR,211.7,21,346
2022,id:6783,WR,204.2,22,346
2022,id:8144,WR,198.2,23,346
2022,id:4983,WR,196.1,25,346
2022,id:4039,WR,195.4,26,346
2022,id:4040,WR,183.3,27,346
2022,id:5937,WR,179.7,28,346
2022,id:1689,WR,179.0,29,346
2022,id:5947,WR,178.3,30,346
2022,id:8112,WR,177.6,31,346
2022,id:4068,WR,176.5,32,346
2022,id:3225,WR,175.0,33,346
2022,id:5185,WR,173.8,34,346
2022,id:6943,WR,171.6,36,346
2022,id:5872,WR,167.4,37,346
2022,id:7670,WR,166.3,39,346
2022,id:8137,WR,165.5,40,346
2022,id:1479,WR,164.0,41,346
2022,id:5045,WR,159.4,43,346
2022,id:5848,WR,153.0,46,346
2022,id:1426,WR,150.7,47,346
2022,id:2197,WR,143.6,49,346
2022,id:8119,WR,130.6,50,346
2022,id:5110,WR,123.6,53,346
2022,id:5086,WR,122.4,54,346
2022,id:4197,WR,119.8,55,346
2022,id:1067,WR,116.9,56,346
2022,id:1352,WR,115.7,57,346
2022,id:6886,WR,103.0,68,346
2022,id:2319,WR,101.9,69,346
2022,id:7090,WR,100.5,71,346
2022,id:8121,WR,99.6,72,346
2022,id:4951,WR,97.2,76,346
2022,id:7569,WR,96.1,77,346
2022,id:8135,WR,93.1,78,346
2022,id:7596,WR,87.1,81,346
2022,id:1992,WR,84.9,84,346
2022,id:6853,WR,78.9,92,346
2022,id:5955,WR,77.0,93,346
2022,id:947,WR,70.4,96,346
2022,id:1825,WR,59.2,104,346
2022,id:7606,WR,56.3,108,346
2022,id:7571,WR,53.5,111,346
2022,id:8126,WR,51.6,115,346
2022,id:3423,WR,51.2,116,346
2022,id:3199,WR,51.1,117,346
2022,id:8168,WR,43.4,121,346
2022,id:8117,WR,3.2,196,346
2023,def:Cowboys,DEF,174.3,1,32
2023,def:Ravens,DEF,171.2,2,32
2023,def:Browns,DEF,151.0,3,32
2023,def:Bills,DEF,145.3,5,32
2023,def:49ers,DEF,134.8,8,32
2023,def:Steelers,DEF,123.4,10,32
2023,def:Saints,DEF,114.6,12,32
2023,def:Vikings,DEF,100.6,17,32
2023,def:Eagles,DEF,82.5,24,32
2023,def:Commanders,DEF,16.8,32,32
2023,id:4227,K,164.4,2,42
2023,id:4195,K,163.5,4,42
2023,id:1264,K,163.2,5,42
2023,id:1266,K,149.2,12,42
2023,id:4666,K,143.3,15,42
2023,id:7839,K,142.9,16,42
2023,id:650,K,136.5,18,42
2023,id:7042,K,134.3,20,42
2023,id:5095,K,122.8,23,42
2023,id:503,K,48.1,33,42
2023,id:4984,QB,379.1,1,112
2023,id:6904,QB,332.8,2,112
2023,id:3294,QB,322.3,3,112
2023,id:4881,QB,308.2,4,112
2023,id:6804,QB,301.1,5,112
2023,id:8183,QB,277.6,6,112
2023,id:3163,QB,269.1,7,112
2023,id:4046,QB,261.7,8,112
2023,id:9758,QB,255.0,9,112
2023,id:4892,QB,251.6,10,112
2023,id:6768,QB,247.9,11,112
2023,id:7523,QB,242.5,12,112
2023,id:1234,QB,231.9,13,112
2023,id:421,QB,226.1,14,112
2023,id:2028,QB,219.6,15,112
2023,id:6797,QB,218.2,16,112
2023,id:1373,QB,209.8,18,112
2023,id:7591,QB,201.2,19,112
2023,id:1166,QB,137.7,23,112
2023,id:6770,QB,134.7,24,112
2023,id:5849,QB,129.9,25,112
2023,id:9228,QB,116.9,27,112
2023,id:8160,QB,97.7,29,112
2023,id:7527,QB,88.9,32,112
2023,id:4017,QB,72.8,36,112
2023,id:9229,QB,68.2,37,112
2023,id:1049,QB,62.0,38,112
2023,id:1837,QB,56.6,42,112
2023,id:5870,QB,36.5,46,112
2023,id:96,QB,-0.5,109,112
2023,id:4034,RB,386.8,1,191
2023,id:8155,RB,283.5,2,191
2023,id:7543,RB,280.4,3,191
2023,id:8136,RB,266.4,4,191
2023,id:2749,RB,266.2,5,191
2023,id:4018,RB,261.0,6,191
2023,id:9509,RB,242.8,8,191
2023,id:3198,RB,242.7,9,191
2023,id:9221,RB,236.6,10,191
2023,id:8138,RB,230.7,11,191
2023,id:4035,RB,226.0,12,191
2023,id:4866,RB,218.2,13,191
2023,id:5967,RB,214.6,14,191
2023,id:8205,RB,207.9,15,191
2023,id:5892,RB,204.7,17,191
2023,id:6790,RB,196.3,18,191
2023,id:8151,RB,195.9,19,191
2023,id:7528,RB,194.0,20,191
2023,id:4137,RB,193.5,21,191
2023,id:8154,RB,192.1,22,191
2023,id:8228,RB,188.4,24,191
2023,id:4663,RB,181.9,27,191
2023,id:5850,RB,179.6,28,191
2023,id:3164,RB,172.0,29,191
2023,id:7588,RB,171.2,30,191
2023,id:6813,RB,154.9,33,191
2023,id:7611,RB,141.7,35,191
2023,id:8132,RB,133.6,36,191
2023,id:4199,RB,133.4,37,191
2023,id:5987,RB,129.7,38,191
2023,id:6945,RB,122.4,39,191
2023,id:4147,RB,119.8,40,191
2023,id:6828,RB,116.6,41,191
2023,id:7608,RB,110.5,43,191
2023,id:9753,RB,102.1,45,191
2023,id:4111,RB,90.7,50,191
2023,id:6151,RB,86.6,52,191
2023,id:2161,RB,83.4,53,191
2023,id:8129,RB,80.7,55,191
2023,id:4149,RB,59.3,61,191
2023,id:6938,RB,45.2,65,191
2023,id:7561,RB,44.5,67,191
2023,id:5284,RB,41.3,73,191
2023,id:4029,RB,39.2,76,191
2023,id:9225,RB,22.8,87,191
2023,id:4988,RB,22.1,88,191
2023,id:9505,RB,15.0,99,191
2023,id:6806,RB,11.7,105,191
2023,id:4985,RB,4.8,116,191
2023,id:7551,RB,2.0,128,191
2023,id:4066,TE,225.8,2,185
2023,id:1466,TE,219.4,3,185
2023,id:5844,TE,217.0,4,185
2023,id:4217,TE,203.2,5,185
2023,id:4033,TE,198.2,6,185
2023,id:6826,TE,178.6,8,185
2023,id:7553,TE,137.3,13,185
2023,id:5012,TE,133.9,14,185
2023,id:5022,TE,133.3,15,185
2023,id:2505,TE,113.2,21,185
2023,id:7600,TE,75.8,30,185
2023,id:6786,WR,401.7,1,333
2023,id:3321,WR,369.4,2,333
2023,id:7547,WR,329.4,3,333
2023,id:5859,WR,289.6,5,333
2023,id:4983,WR,283.5,6,333
2023,id:2216,WR,282.5,7,333
2023,id:1479,WR,277.4,8,333
2023,id:2449,WR,271.3,9,333
2023,id:2133,WR,264.4,10,333
2023,id:7564,WR,258.2,12,333
2023,id:6819,WR,249.7,13,333
2023,id:6803,WR,249.2,14,333
2023,id:5872,WR,242.2,15,333
2023,id:8144,WR,231.3,16,333
2023,id:1689,WR,229.0,17,333
2023,id:4981,WR,227.4,18,333
2023,id:7525,WR,226.6,19,333
2023,id:2309,WR,226.5,20,333
2023,id:5846,WR,225.4,21,333
2023,id:1426,WR,223.6,22,333
2023,id:9756,WR,221.3,23,333
2023,id:8146,WR,212.2,26,333
2023,id:4037,WR,209.2,28,333
2023,id:5927,WR,209.2,29,333
2023,id:8137,WR,205.3,30,333
2023,id:2374,WR,202.4,31,333
2023,id:6794,WR,202.2,32,333
2023,id:9997,WR,200.4,33,333
2023,id:7526,WR,196.6,34,333
2023,id:5045,WR,189.2,35,333
2023,id:8112,WR,174.4,36,333
2023,id:8121,WR,173.9,37,333
2023,id:2197,WR,172.7,38,333
2023,id:4039,WR,162.4,40,333
2023,id:6943,WR,161.4,41,333
2023,id:5937,WR,151.2,45,333
2023,id:4950,WR,150.3,46,333
2023,id:9488,WR,148.8,48,333
2023,id:6783,WR,138.8,50,333
2023,id:6801,WR,137.6,51,333
2023,id:5848,WR,134.7,52,333
2023,id:7596,WR,132.1,53,333
2023,id:8119,WR,123.8,56,333
2023,id:2078,WR,106.5,64,333
2023,id:8167,WR,100.3,68,333
2023,id:9754,WR,93.0,73,333
2023,id:3199,WR,89.8,75,333
2023,id:5038,WR,86.8,79,333
2023,id:10225,WR,82.3,81,333
2023,id:4080,WR,78.1,82,333
2023,id:7571,WR,76.5,84,333
2023,id:5185,WR,60.1,97,333
2023,id:4040,WR,60.0,98,333
2023,id:5086,WR,55.5,106,333
2023,id:8168,WR,53.7,107,333
2023,id:7606,WR,50.5,111,333
2023,id:4068,WR,49.2,112,333
2023,id:8135,WR,39.9,122,333
2023,id:6886,WR,21.7,154,333
2024,def:Vikings,DEF,166.6,2,32
2024,def:Steelers,DEF,145.7,4,32
2024,def:Seahawks,DEF,138.8,7,32
2024,def:Ravens,DEF,124.0,10,32
2024,def:Bears,DEF,111.2,13,32
2024,def:Cowboys,DEF,105.6,14,32
2024,def:Bengals,DEF,101.2,17,32
2024,def:Jets,DEF,92.9,20,32
2024,def:49ers,DEF,90.0,23,32
2024,def:Browns,DEF,86.6,25,32
2024,def:Saints,DEF,84.1,27,32
2024,id:11533,K,202.2,1,50
2024,id:8259,K,186.8,3,50
2024,id:3451,K,177.1,4,50
2024,id:2747,K,145.4,11,50
2024,id:1264,K,141.6,13,50
2024,id:4195,K,140.8,14,50
2024,id:4666,K,118.4,21,50
2024,id:4227,K,99.7,28,50
2024,id:7839,K,92.4,29,50
2024,id:1266,K,36.1,39,50
2024,id:4881,QB,422.1,1,112
2024,id:4984,QB,374.0,2,112
2024,id:6770,QB,355.8,3,112
2024,id:4892,QB,350.3,4,112
2024,id:11566,QB,341.6,5,112
2024,id:3163,QB,313.7,6,112
2024,id:11563,QB,309.7,7,112
2024,id:6904,QB,303.6,8,112
2024,id:4943,QB,294.0,9,112
2024,id:5849,QB,285.7,10,112
2024,id:6797,QB,273.2,11,112
2024,id:4046,QB,273.0,12,112
2024,id:8183,QB,257.1,13,112
2024,id:1373,QB,247.0,14,112
2024,id:96,QB,241.1,15,112
2024,id:11560,QB,235.0,16,112
2024,id:6804,QB,224.4,17,112
2024,id:9758,QB,206.4,18,112
2024,id:421,QB,205.6,19,112
2024,id:6768,QB,171.8,21,112
2024,id:1166,QB,161.8,23,112
2024,id:1234,QB,160.0,24,112
2024,id:9229,QB,155.9,25,112
2024,id:2028,QB,145.4,26,112
2024,id:7523,QB,139.7,27,112
2024,id:7591,QB,112.6,30,112
2024,id:3294,QB,109.8,31,112
2024,id:9999,QB,99.7,33,112
2024,id:4017,QB,67.5,40,112
2024,id:9221,RB,359.9,1,191
2024,id:4866,RB,352.6,2,191
2024,id:3198,RB,335.4,3,191
2024,id:9509,RB,335.2,4,191
2024,id:9226,RB,292.4,5,191
2024,id:5850,RB,290.6,6,191
2024,id:8150,RB,266.1,7,191
2024,id:8138,RB,265.2,8,191
2024,id:4035,RB,260.8,9,191
2024,id:9224,RB,251.5,10,191
2024,id:4137,RB,251.3,11,191
2024,id:6813,RB,242.7,12,191
2024,id:4018,RB,236.5,14,191
2024,id:8155,RB,235.9,15,191
2024,id:4199,RB,235.6,16,191
2024,id:7594,RB,235.1,17,191
2024,id:5892,RB,221.2,18,191
2024,id:6790,RB,211.5,19,191
2024,id:7528,RB,200.6,20,191
2024,id:8136,RB,195.6,21,191
2024,id:7021,RB,195.3,22,191
2024,id:5967,RB,194.7,23,191
2024,id:6806,RB,187.8,24,191
2024,id:8151,RB,176.7,27,191
2024,id:7611,RB,168.9,28,191
2024,id:8154,RB,159.8,29,191
2024,id:7588,RB,151.9,31,191
2024,id:8143,RB,130.0,33,191
2024,id:4663,RB,127.8,34,191
2024,id:7543,RB,126.2,36,191
2024,id:8228,RB,121.6,39,191
2024,id:8408,RB,114.0,41,191
2024,id:9508,RB,111.1,42,191
2024,id:8132,RB,105.2,43,191
2024,id:6130,RB,93.6,45,191
2024,id:6845,RB,81.4,52,191
2024,id:2749,RB,69.9,56,191
2024,id:5248,RB,64.1,58,191
2024,id:4988,RB,62.3,60,191
2024,id:3164,RB,57.5,62,191
2024,id:8205,RB,55.9,64,191
2024,id:4034,RB,47.8,67,191
2024,id:11589,RB,46.5,69,191
2024,id:11586,RB,33.5,79,191
2024,id:8139,RB,29.3,85,191
2024,id:11583,RB,7.5,107,191
2024,id:11604,TE,259.7,1,185
2024,id:8130,TE,249.8,2,185
2024,id:4217,TE,235.6,3,185
2024,id:1466,TE,192.9,5,185
2024,id:5012,TE,188.8,6,185
2024,id:10859,TE,173.6,8,185
2024,id:4033,TE,148.5,11,185
2024,id:7553,TE,131.2,15,185
2024,id:8131,TE,123.7,16,185
2024,id:8110,TE,101.4,28,185
2024,id:10236,TE,99.3,30,185
2024,id:4066,TE,87.5,33,185
2024,id:5844,TE,86.5,34,185
2024,id:7564,WR,401.0,1,343
2024,id:6794,WR,317.0,2,343
2024,id:7547,WR,316.2,3,343
2024,id:11631,WR,284.0,4,343
2024,id:8112,WR,280.8,5,343
2024,id:11632,WR,271.1,6,343
2024,id:5927,WR,265.8,7,343
2024,id:6786,WR,260.4,8,343
2024,id:9488,WR,251.5,9,343
2024,id:8146,WR,248.9,10,343
2024,id:2216,WR,240.4,11,343
2024,id:5045,WR,240.3,12,343
2024,id:11635,WR,238.9,14,343
2024,id:2133,WR,238.3,15,343
2024,id:4983,WR,232.1,16,343
2024,id:6801,WR,222.1,17,343
2024,id:3321,WR,217.2,18,343
2024,id:5859,WR,216.9,19,343
2024,id:5947,WR,215.8,20,343
2024,id:9756,WR,210.5,21,343
2024,id:8148,WR,210.2,22,343
2024,id:9997,WR,206.5,24,343
2024,id:7569,WR,205.6,25,343
2024,id:9493,WR,204.6,26,343
2024,id:4981,WR,198.2,27,343
2024,id:7525,WR,197.4,28,343
2024,id:11628,WR,196.5,29,343
2024,id:10222,WR,196.0,30,343
2024,id:5846,WR,191.2,31,343
2024,id:11624,WR,187.2,33,343
2024,id:1479,WR,182.9,34,343
2024,id:8134,WR,180.0,36,343
2024,id:4039,WR,172.5,40,343
2024,id:6819,WR,164.8,41,343
2024,id:8137,WR,162.4,42,343
2024,id:5872,WR,152.8,44,343
2024,id:7526,WR,148.6,46,343
2024,id:1426,WR,146.5,47,343
2024,id:11620,WR,144.4,48,343
2024,id:9502,WR,139.0,51,343
2024,id:4037,WR,137.3,53,343
2024,id:8121,WR,132.1,56,343
2024,id:11626,WR,124.1,61,343
2024,id:2309,WR,122.7,63,343
2024,id:2449,WR,121.9,64,343
2024,id:2374,WR,119.0,67,343
2024,id:11637,WR,111.5,70,343
2024,id:7670,WR,107.4,74,343
2024,id:8167,WR,105.3,76,343
2024,id:5937,WR,89.1,85,343
2024,id:8676,WR,79.8,92,343
2024,id:8144,WR,75.7,94,343
2024,id:4950,WR,69.9,95,343
2024,id:10229,WR,63.9,99,343
2024,id:4082,WR,62.7,104,343
2024,id:6803,WR,62.4,105,343
2024,id:4068,WR,56.8,107,343
2024,id:11625,WR,53.3,113,343
2024,id:5848,WR,18.1,145,343
2025,def:Texans,DEF,191.1,2,32
2025,def:Broncos,DEF,166.3,3,32
2025,def:Vikings,DEF,150.3,6,32
2025,def:Eagles,DEF,143.6,9,32
2025,def:Bills,DEF,124.4,12,32
2025,def:Steelers,DEF,119.4,13,32
2025,def:Ravens,DEF,88.9,20,32
2025,def:49ers,DEF,67.3,26,32
2025,def:Cardinals,DEF,61.3,28,32
2025,def:Commanders,DEF,55.5,30,32
2025,id:11533,K,193.2,3,48
2025,id:8259,K,180.5,4,48
2025,id:11786,K,172.9,5,48
2025,id:6650,K,163.1,7,48
2025,id:1945,K,156.5,8,48
2025,id:11539,K,155.5,9,48
2025,id:4227,K,153.7,10,48
2025,id:7839,K,140.9,14,48
2025,id:6083,K,89.2,29,48
2025,id:4666,K,31.0,39,48
2025,id:4984,QB,389.4,1,116
2025,id:11564,QB,376.9,2,116
2025,id:421,QB,376.6,3,116
2025,id:7523,QB,366.1,4,116
2025,id:11560,QB,345.9,5,116
2025,id:3294,QB,344.6,6,116
2025,id:11563,QB,336.5,7,116
2025,id:3163,QB,325.9,8,116
2025,id:6904,QB,320.5,9,116
2025,id:4046,QB,307.3,10,116
2025,id:6797,QB,305.1,11,116
2025,id:4892,QB,291.3,12,116
2025,id:4943,QB,258.8,13,116
2025,id:6804,QB,257.4,14,116
2025,id:96,QB,241.7,18,116
2025,id:9228,QB,238.6,19,116
2025,id:9758,QB,228.4,20,116
2025,id:4881,QB,223.9,21,116
2025,id:12522,QB,199.1,22,116
2025,id:8183,QB,196.7,23,116
2025,id:1373,QB,185.1,24,116
2025,id:6768,QB,172.3,25,116
2025,id:7591,QB,150.0,28,116
2025,id:6770,QB,141.8,30,116
2025,id:11559,QB,132.8,32,116
2025,id:11565,QB,130.0,33,116
2025,id:11566,QB,121.9,34,116
2025,id:5849,QB,84.4,38,116
2025,id:1234,QB,52.8,44,116
2025,id:9229,QB,2.8,65,116
2025,id:4034,RB,464.6,1,196
2025,id:9509,RB,408.3,2,196
2025,id:6813,RB,399.3,3,196
2025,id:9221,RB,391.4,4,196
2025,id:9226,RB,349.8,5,196
2025,id:8138,RB,331.2,6,196
2025,id:3198,RB,311.5,7,196
2025,id:9224,RB,307.1,8,196
2025,id:8150,RB,300.0,9,196
2025,id:7543,RB,275.9,10,196
2025,id:7588,RB,269.3,11,196
2025,id:12527,RB,260.1,12,196
2025,id:5850,RB,260.1,13,196
2025,id:6790,RB,258.6,14,196
2025,id:4866,RB,253.3,16,196
2025,id:8228,RB,246.2,17,196
2025,id:8155,RB,236.2,19,196
2025,id:12489,RB,229.7,20,196
2025,id:12529,RB,229.4,21,196
2025,id:8151,RB,214.9,22,196
2025,id:5967,RB,209.3,23,196
2025,id:9753,RB,201.9,24,196
2025,id:7611,RB,194.1,25,196
2025,id:12512,RB,188.8,26,196
2025,id:5892,RB,186.2,27,196
2025,id:11655,RB,184.9,28,196
2025,id:12533,RB,156.3,33,196
2025,id:11584,RB,154.5,34,196
2025,id:12507,RB,148.3,35,196
2025,id:8408,RB,146.9,36,196
2025,id:7594,RB,146.6,38,196
2025,id:12481,RB,142.2,39,196
2025,id:8132,RB,137.5,40,196
2025,id:4199,RB,134.2,42,196
2025,id:6806,RB,130.4,43,196
2025,id:4035,RB,110.2,49,196
2025,id:12469,RB,100.8,55,196
2025,id:8205,RB,97.8,56,196
2025,id:4988,RB,94.3,57,196
2025,id:11575,RB,92.0,58,196
2025,id:8154,RB,78.6,61,196
2025,id:9511,RB,75.2,63,196
2025,id:9225,RB,65.4,66,196
2025,id:4137,RB,35.3,83,196
2025,id:12457,RB,24.3,94,196
2025,id:11576,RB,19.3,101,196
2025,id:4663,RB,15.6,104,196
2025,id:7528,RB,13.6,106,196
2025,id:12504,RB,13.1,107,196
2025,id:11651,RB,3.0,131,196
2025,id:4018,RB,0.0,166,196
2025,id:8130,TE,341.9,1,187
2025,id:7553,TE,231.8,2,187
2025,id:1466,TE,211.2,3,187
2025,id:12518,TE,207.0,4,187
2025,id:8110,TE,195.6,9,187
2025,id:11604,TE,188.7,11,187
2025,id:12517,TE,180.1,12,187
2025,id:4217,TE,175.0,13,187
2025,id:5012,TE,143.0,16,187
2025,id:9484,TE,125.2,24,187
2025,id:5844,TE,121.3,26,187
2025,id:10859,TE,116.9,27,187
2025,id:4066,TE,109.8,29,187
2025,id:4033,TE,88.8,34,187
2025,id:4144,TE,87.7,35,187
2025,id:9493,WR,411.0,1,336
2025,id:9488,WR,392.4,2,336
2025,id:7547,WR,352.0,3,336
2025,id:7564,WR,343.1,4,336
2025,id:8137,WR,321.9,5,336
2025,id:8144,WR,290.0,6,336
2025,id:9997,WR,263.8,7,336
2025,id:7569,WR,244.2,8,336
2025,id:5045,WR,241.9,9,336
2025,id:2133,WR,241.4,11,336
2025,id:8148,WR,239.9,12,336
2025,id:5859,WR,238.3,13,336
2025,id:12526,WR,235.4,14,336
2025,id:2449,WR,233.8,16,336
2025,id:6801,WR,226.6,17,336
2025,id:6794,WR,221.0,18,336
2025,id:7525,WR,220.8,19,336
2025,id:6819,WR,220.4,20,336
2025,id:8112,WR,219.4,21,336
2025,id:6786,WR,217.9,22,336
2025,id:7526,WR,214.1,23,336
2025,id:12514,WR,207.7,25,336
2025,id:5872,WR,206.7,26,336
2025,id:5846,WR,202.7,28,336
2025,id:5947,WR,196.3,30,336
2025,id:11635,WR,195.9,31,336
2025,id:8676,WR,186.8,33,336
2025,id:7049,WR,185.8,34,336
2025,id:4983,WR,183.2,36,336
2025,id:8134,WR,176.9,38,336
2025,id:11620,WR,160.6,41,336
2025,id:10229,WR,160.1,42,336
2025,id:11631,WR,154.8,43,336
2025,id:9500,WR,153.8,44,336
2025,id:9756,WR,147.1,46,336
2025,id:11628,WR,140.8,50,336
2025,id:12484,WR,140.5,51,336
2025,id:6783,WR,135.7,52,336
2025,id:5927,WR,129.2,56,336
2025,id:4039,WR,128.3,57,336
2025,id:11624,WR,120.4,60,336
2025,id:11637,WR,113.6,62,336
2025,id:8146,WR,106.0,66,336
2025,id:11638,WR,102.6,68,336
2025,id:2216,WR,94.8,74,336
2025,id:4037,WR,92.5,81,336
2025,id:12501,WR,77.1,93,336
2025,id:3321,WR,61.9,102,336
2025,id:11632,WR,60.6,104,336
2025,id:4981,WR,53.8,116,336
2025,id:10222,WR,52.9,117,336
2025,id:12670,WR,25.5,157,336
2025,id:6803,WR,0.0,280,336
