season,manager,position,name_raw,price
2026,Steven,QB,J. Dart,25
2026,Steven,RB,B. Robinson,58
2026,Steven,RB,B. Irving,16
2026,Steven,WR,M. Lemon,4
2026,Steven,WR,C. Watson,9
2026,Steven,TE,B. Bowers,38
2026,Steven,WR,G. Pickens,25
2026,Steven,QB,G. Smith,1
2026,Steven,DEF,J. Jaguars,2
2026,Steven,K,C. Little,1
2026,Steven,WR,T. McMillan,16
2026,Steven,RB,K. Black,1
2026,Steven,RB,Z. Charbonnet,1
2026,Steven,RB,K. Monangai,1
2026,Steven,WR,J. Downs,1
2026,Steven,WR,R. Shaheed,1
2026,Rohaan,QB,J. Burrow,43
2026,Rohaan,RB,J. Taylor,48
2026,Rohaan,RB,J. Brooks,4
2026,Rohaan,WR,J. Jefferson,47
2026,Rohaan,WR,C. Godwin,1
2026,Rohaan,TE,D. Kincaid,4
2026,Rohaan,RB,C. Hubbard,4
2026,Rohaan,QB,D. Prescott,33
2026,Rohaan,DEF,B. Ravens,1
2026,Rohaan,K,W. Reichard,1
2026,Rohaan,QB,C. Stroud,9
2026,Rohaan,DEF,I. Colts,1
2026,Rohaan,TE,H. Henry,1
2026,Rohaan,WR,D. Samuel,1
2026,Rohaan,WR,T. Tucker,1
2026,Rohaan,WR,X. Worthy,1
2026,Ryan,QB,J. Daniels,43
2026,Ryan,RB,D. Achane,37
2026,Ryan,RB,J. Jacobs,3
2026,Ryan,WR,D. London,30
2026,Ryan,WR,M. Nabers,23
2026,Ryan,TE,T. Kelce,2
2026,Ryan,WR,Z. Flowers,17
2026,Ryan,QB,D. Jones,5
2026,Ryan,DEF,L. Rams,5
2026,Ryan,K,K. Fairbairn,1
2026,Ryan,RB,D. Montgomery,10
2026,Ryan,WR,G. Wilson,17
2026,Ryan,RB,J. Warren,4
2026,Ryan,WR,A. Pierce,1
2026,Ryan,WR,R. Doubs,1
2026,Ryan,QB,T. Tagovailoa,1
2026,Ankit,QB,M. Willis,9
2026,Ankit,RB,J. Gibbs,66
2026,Ankit,RB,C. Brown,37
2026,Ankit,WR,C. Tate,5
2026,Ankit,WR,C. Olave,21
2026,Ankit,TE,K. Pitts,5
2026,Ankit,RB,B. Hall,17
2026,Ankit,QB,C. Ward,5
2026,Ankit,DEF,S. Seahawks,5
2026,Ankit,K,H. Mevis,1
2026,Ankit,WR,D. Adams,10
2026,Ankit,RB,J. Dobbins,4
2026,Ankit,WR,P. Washington,7
2026,Ankit,RB,R. Dowdle,3
2026,Ankit,QB,D. Watson,2
2026,Ankit,RB,K. Gainwell,2
2026,Ben,QB,P. Mahomes,26
2026,Ben,RB,J. Love,28
2026,Ben,RB,R. Stevenson,3
2026,Ben,WR,J. Smith-Njigba,49
2026,Ben,WR,A. St. Brown,49
2026,Ben,TE,T. Warren,15
2026,Ben,RB,M. Lloyd,6
2026,Ben,QB,B. Purdy,14
2026,Ben,DEF,P. Steelers,2
2026,Ben,K,J. Bates,1
2026,Ben,QB,J. Brissett,2
2026,Ben,WR,S. Diggs,1
2026,Ben,RB,T. Bigsby,1
2026,Ben,RB,K. Mitchell,1
2026,Ben,WR,J. McMillan,1
2026,Ben,WR,M. Golden,1
2026,Aidan,QB,J. Herbert,37
2026,Aidan,RB,S. Barkley,40
2026,Aidan,RB,C. Skattebo,16
2026,Aidan,WR,M. Wilson,5
2026,Aidan,WR,N. Collins,29
2026,Aidan,TE,I. Likely,2
2026,Aidan,WR,L. McConkey,18
2026,Aidan,QB,M. Stafford,22
2026,Aidan,DEF,H. Texans,3
2026,Aidan,K,C. Dicker,1
2026,Aidan,WR,D. Moore,9
2026,Aidan,QB,F. Mendoza,2
2026,Aidan,RB,J. Price,8
2026,Aidan,RB,J. Mason,4
2026,Aidan,TE,G. Kittle,2
2026,Aidan,WR,B. Thomas,2
2026,Alex,QB,C. Williams,35
2026,Alex,RB,J. Cook,43
2026,Alex,RB,K. Walker,34
2026,Alex,WR,L. Burden,12
2026,Alex,WR,D. Smith,26
2026,Alex,TE,S. LaPorta,9
2026,Alex,RB,B. Tuten,10
2026,Alex,QB,K. Murray,17
2026,Alex,DEF,K. Chiefs,1
2026,Alex,QB,A. Rodgers,2
2026,Alex,WR,M. Pittman,1
2026,Alex,WR,W. Robinson,1
2026,Alex,TE,D. Goedert,2
2026,Alex,WR,M. Washington,2
2026,Alex,WR,D. Stribling,4
2026,Alex,WR,J. Meyers,1
2026,Stephanie,QB,B. Nix,27
2026,Stephanie,RB,C. McCaffrey,48
2026,Stephanie,RB,D. Swift,13
2026,Stephanie,WR,J. Chase,53
2026,Stephanie,WR,J. Waddle,14
2026,Stephanie,TE,H. Fannin,6
2026,Stephanie,WR,R. Odunze,4
2026,Stephanie,QB,J. Goff,23
2026,Stephanie,DEF,D. Broncos,2
2026,Stephanie,K,A. Borregales,1
2026,Stephanie,QB,B. Young,4
2026,Stephanie,RB,J. Croskey-Merritt,1
2026,Stephanie,WR,J. Addison,1
2026,Stephanie,WR,Q. Johnston,1
2026,Stephanie,RB,A. Jones,1
2026,Stephanie,RB,B. Robinson,1
2026,Joe,QB,J. Love,17
2026,Joe,RB,O. Hampton,32
2026,Joe,RB,D. Henry,32
2026,Joe,WR,A. Brown,33
2026,Joe,WR,R. Rice,22
2026,Joe,TE,T. McBride,32
2026,Joe,WR,J. Tyson,1
2026,Joe,QB,B. Mayfield,16
2026,Joe,DEF,L. Chargers,2
2026,Joe,K,T. Smack,1
2026,Joe,WR,J. Williams,6
2026,Joe,RB,B. Corum,2
2026,Joe,RB,W. Marks,1
2026,Joe,RB,T. Allgeier,1
2026,Joe,WR,J. Lane,1
2026,Joe,RB,C. Allen,1
2026,Christian,QB,L. Jackson,60
2026,Christian,RB,K. Williams,24
2026,Christian,RB,Q. Judkins,9
2026,Christian,WR,T. Higgins,17
2026,Christian,WR,M. Harrison,6
2026,Christian,TE,T. Kraft,4
2026,Christian,WR,D. Metcalf,5
2026,Christian,QB,J. Hurts,42
2026,Christian,DEF,P. Eagles,3
2026,Christian,K,B. Aubrey,4
2026,Christian,DEF,D. Lions,1
2026,Christian,QB,S. Darnold,9
2026,Christian,RB,R. Harvey,4
2026,Christian,WR,C. Sutton,3
2026,Christian,RB,T. Pollard,3
2026,Christian,WR,T. McLaurin,5
2026,Jake,QB,D. Maye,44
2026,Jake,RB,J. Williams,21
2026,Jake,RB,T. Etienne,16
2026,Jake,WR,P. Nacua,49
2026,Jake,WR,J. Reed,1
2026,Jake,TE,C. Loveland,19
2026,Jake,TE,B. Strange,1
2026,Jake,QB,T. Lawrence,41
2026,Jake,DEF,N. Jets,1
2026,Jake,K,T. Loop,1
2026,Jake,QB,K. Cousins,1
2026,Jake,WR,J. Coker,1
2026,Jake,WR,T. Hurst,1
2026,Jake,RB,S. McGowan,1
2026,Jake,WR,Z. Branch,1
2026,Jake,WR,P. Bryant,1
2026,Kaitlyn,QB,J. Allen,77
2026,Kaitlyn,RB,A. Jeanty,26
2026,Kaitlyn,RB,A. Kamara,2
2026,Kaitlyn,WR,C. Lamb,40
2026,Kaitlyn,WR,M. Evans,11
2026,Kaitlyn,TE,J. Ferguson,1
2026,Kaitlyn,WR,E. Egbuka,19
2026,Kaitlyn,QB,T. Shough,11
2026,Kaitlyn,DEF,M. Vikings,2
2026,Kaitlyn,K,J. Myers,1
2026,Kaitlyn,RB,T. Henderson,5
2026,Kaitlyn,TE,M. Andrews,1
2026,Kaitlyn,WR,K. Concepcion,1
2026,Kaitlyn,K,E. McPherson,1
2026,Kaitlyn,WR,K. Shakir,1
2026,Kaitlyn,QB,M. Penix,1
2025,Aidan,DEF,H. Texans,2
2025,Aidan,K,C. Boswell,1
2025,Aidan,QB,J. Hurts,47
2025,Aidan,QB,D. Prescott,7
2025,Aidan,QB,B. Young,2
2025,Aidan,RB,J. Gibbs,49
2025,Aidan,RB,I. Pacheco,4
2025,Aidan,RB,T. Tracy,3
2025,Aidan,RB,N. Harris,1
2025,Aidan,TE,T. Kelce,6
2025,Aidan,TE,C. Loveland,1
2025,Aidan,WR,C. Lamb,50
2025,Aidan,WR,M. Evans,16
2025,Aidan,WR,J. Addison,4
2025,Aidan,WR,J. Jennings,2
2025,Aidan,WR,D. Samuel,3
2025,Aidan,WR,K. Shakir,2
2025,Alex,DEF,A. Cardinals,2
2025,Alex,K,Y. Koo,1
2025,Alex,QB,J. Fields,16
2025,Alex,QB,T. Lawrence,5
2025,Alex,QB,M. Stafford,1
2025,Alex,RB,A. Jeanty,30
2025,Alex,RB,T. Henderson,15
2025,Alex,RB,T. Pollard,6
2025,Alex,RB,B. Allen,1
2025,Alex,RB,J. Dobbins,1
2025,Alex,TE,B. Bowers,40
2025,Alex,WR,B. Thomas,32
2025,Alex,WR,D. London,32
2025,Alex,WR,S. LaPorta,9
2025,Alex,WR,J. Williams,5
2025,Alex,WR,R. Shaheed,2
2025,Alex,WR,J. Reed,2
2025,Ankit,DEF,P. Steelers,2
2025,Ankit,K,B. Aubrey,6
2025,Ankit,QB,K. Murray,28
2025,Ankit,QB,C. Williams,21
2025,Ankit,QB,A. Richardson,1
2025,Ankit,RB,C. McCaffrey,39
2025,Ankit,RB,B. Irving,23
2025,Ankit,RB,Z. Charbonnet,3
2025,Ankit,RB,J. Mason,2
2025,Ankit,TE,T. Warren,7
2025,Ankit,TE,K. Pitts,6
2025,Ankit,WR,N. Collins,36
2025,Ankit,WR,D. Moore,9
2025,Ankit,WR,X. Worthy,5
2025,Ankit,WR,J. Waddle,5
2025,Ankit,WR,E. Egbuka,4
2025,Ankit,WR,M. Golden,3
2025,Ben,DEF,M. Vikings,2
2025,Ben,K,M. Gay,1
2025,Ben,QB,C. Stroud,10
2025,Ben,QB,J. Goff,7
2025,Ben,QB,C. Ward,2
2025,Ben,RB,A. Kamara,16
2025,Ben,RB,K. Walker,16
2025,Ben,RB,K. Johnson,4
2025,Ben,RB,J. Croskey-Merritt,1
2025,Ben,RB,I. Guerendo,1
2025,Ben,RB,J. Williams,1
2025,Ben,TE,J. Ferguson,1
2025,Ben,WR,J. Chase,66
2025,Ben,WR,J. Jefferson,49
2025,Ben,WR,M. Harrison,21
2025,Ben,WR,J. Higgins,1
2025,Ben,WR,K. Coleman,1
2025,Christian,DEF,B. Bills,2
2025,Christian,K,C. Dicker,2
2025,Christian,QB,J. Allen,55
2025,Christian,QB,M. Penix,4
2025,Christian,QB,R. Wilson,1
2025,Christian,RB,C. Brown,30
2025,Christian,RB,J. Jacobs,29
2025,Christian,RB,D. Montgomery,10
2025,Christian,RB,T. Bigsby,3
2025,Christian,RB,R. Davis,1
2025,Christian,RB,T. Allgeier,1
2025,Christian,TE,T. Kraft,1
2025,Christian,TE,J. Smith,1
2025,Christian,WR,A. Brown,23
2025,Christian,WR,T. Higgins,19
2025,Christian,WR,G. Wilson,17
2025,Christian,WR,J. Downs,1
2025,Rohaan,DEF,P. Eagles,2
2025,Rohaan,K,J. Bates,2
2025,Rohaan,QB,B. Mayfield,28
2025,Rohaan,QB,B. Nix,20
2025,Rohaan,QB,D. Maye,8
2025,Rohaan,RB,D. Henry,33
2025,Rohaan,RB,B. Hall,15
2025,Rohaan,RB,D. Swift,5
2025,Rohaan,RB,A. Jones,5
2025,Rohaan,TE,G. Kittle,20
2025,Rohaan,TE,T. Hockenson,7
2025,Rohaan,WR,D. Adams,17
2025,Rohaan,WR,T. McLaurin,15
2025,Rohaan,WR,C. Ridley,9
2025,Rohaan,WR,C. Sutton,6
2025,Rohaan,WR,T. Hunter,6
2025,Rohaan,WR,S. Diggs,2
2025,Jake,DEF,B. Ravens,1
2025,Jake,K,E. McPherson,1
2025,Jake,QB,L. Jackson,65
2025,Jake,QB,S. Darnold,4
2025,Jake,QB,G. Smith,1
2025,Jake,RB,O. Hampton,25
2025,Jake,RB,R. Harvey,11
2025,Jake,RB,C. Hubbard,9
2025,Jake,RB,J. Warren,2
2025,Jake,RB,T. Etienne,2
2025,Jake,RB,D. Sampson,3
2025,Jake,RB,K. Lambert-Smith,1
2025,Jake,TE,E. Engram,3
2025,Jake,WR,P. Nacua,38
2025,Jake,WR,L. McConkey,22
2025,Jake,WR,T. McMillan,9
2025,Jake,WR,R. Odunze,3
2025,Joe,DEF,D. Broncos,3
2025,Joe,K,C. McLaughlin,1
2025,Joe,QB,J. Herbert,10
2025,Joe,QB,J. Love,8
2025,Joe,QB,A. Rodgers,1
2025,Joe,RB,S. Barkley,50
2025,Joe,RB,K. Williams,28
2025,Joe,RB,J. Taylor,23
2025,Joe,RB,K. Mitchell,1
2025,Joe,RB,R. Stevenson,1
2025,Joe,RB,J. Blue,3
2025,Joe,TE,M. Andrews,6
2025,Joe,WR,A. St. Brown,42
2025,Joe,WR,D. Metcalf,13
2025,Joe,WR,R. Pearsall,6
2025,Joe,WR,C. Godwin,2
2025,Joe,WR,J. Jeudy,2
2025,Ryan,DEF,H. Butker,1
2025,Ryan,K,Commanders,1
2025,Ryan,QB,J. Daniels,45
2025,Ryan,QB,B. Purdy,14
2025,Ryan,QB,J. McCarthy,7
2025,Ryan,RB,D. Achane,38
2025,Ryan,RB,J. Conner,11
2025,Ryan,RB,J. Mixon,4
2025,Ryan,RB,C. Skattebo,1
2025,Ryan,RB,Q. Judkins,4
2025,Ryan,TE,D. Njoku,4
2025,Ryan,TE,J. Meyers,2
2025,Ryan,WR,M. Nabers,34
2025,Ryan,WR,T. Hill,19
2025,Ryan,WR,D. Smith,7
2025,Ryan,WR,Z. Flowers,4
2025,Ryan,WR,C. Olave,4
2025,Steven,DEF,S. 49ers,1
2025,Steven,K,C. Little,1
2025,Steven,QB,J. Burrow,40
2025,Steven,QB,P. Mahomes,22
2025,Steven,QB,T. Tagovailoa,1
2025,Steven,RB,B. Robinson,51
2025,Steven,RB,J. Cook,16
2025,Steven,RB,B. Robinson,2
2025,Steven,RB,N. Chubb,1
2025,Steven,RB,A. Ekeler,1
2025,Steven,TE,T. McBride,30
2025,Steven,WR,J. Smith-Njigba,20
2025,Steven,WR,G. Pickens,8
2025,Steven,WR,R. Rice,3
2025,Steven,WR,B. Aiyuk,1
2025,Steven,WR,C. Kupp,1
2025,Steven,WR,M. Pittman,1
2024,Aidan,DEF,Seahawks,1
2024,Aidan,K,Y. Koo,1
2024,Aidan,QB,A. Richardson,35
2024,Aidan,QB,C. Williams,15
2024,Aidan,QB,K. Cousins,1
2024,Aidan,RB,B. Robinson,50
2024,Aidan,RB,J. Gibbs,34
2024,Aidan,RB,B. Robinson,2
2024,Aidan,RB,N. Chubb,2
2024,Aidan,TE,M. Andrews,14
2024,Aidan,WR,M. Evans,25
2024,Aidan,WR,B. Aiyuk,8
2024,Aidan,WR,Z. Flowers,5
2024,Aidan,WR,T. Higgins,2
2024,Aidan,WR,R. Odunze,2
2024,Aidan,WR,J. Williams,2
2024,Aidan,WR,D. Hopkins,1
2024,Alex,DEF,Cowboys,1
2024,Alex,K,C. Dicker,1
2024,Alex,QB,P. Mahomes,55
2024,Alex,QB,J. Goff,6
2024,Alex,QB,D. Watson,1
2024,Alex,RB,J. Jacobs,25
2024,Alex,RB,D. Achane,16
2024,Alex,RB,T. Spears,1
2024,Alex,TE,T. McBride,16
2024,Alex,WR,P. Nacua,36
2024,Alex,WR,D. London,21
2024,Alex,WR,C. Godwin,11
2024,Alex,WR,J. Reed,5
2024,Alex,WR,X. Worthy,2
2024,Alex,WR,K. Cole,1
2024,Alex,WR,T. Lockett,1
2024,Alex,WR,M. Williams,1
2024,Ankit,DEF,Browns,2
2024,Ankit,K,J. Tucker,3
2024,Ankit,QB,K. Murray,37
2024,Ankit,QB,J. Daniels,5
2024,Ankit,QB,M. Stafford,3
2024,Ankit,RB,J. Taylor,25
2024,Ankit,RB,R. White,14
2024,Ankit,RB,D. Swift,5
2024,Ankit,TE,D. Njoku,2
2024,Ankit,WR,R. Rice,22
2024,Ankit,WR,C. Kupp,19
2024,Ankit,WR,D. Adams,18
2024,Ankit,WR,DK Metcalf,18
2024,Ankit,WR,A. Jones,6
2024,Ankit,WR,B. Thomas,3
2024,Ankit,WR,T. McLaurin,4
2024,Ankit,WR,C. Ridley,3
2024,Ben,DEF,Bears,1
2024,Ben,K,J. Myers,1
2024,Ben,QB,T. Tagaovaloa,9
2024,Ben,QB,T. Lawrence,4
2024,Ben,RB,S. Barkley,41
2024,Ben,RB,A. Kamara,9
2024,Ben,RB,J. Mason,5
2024,Ben,RB,C. Brown,1
2024,Ben,TE,E. Engram,7
2024,Ben,TE,I. Likely,1
2024,Ben,WR,J. Jefferson,53
2024,Ben,WR,J. Chase,53
2024,Ben,WR,J. Conner,7
2024,Ben,WR,A. Cooper,4
2024,Ben,WR,L. McConckey,1
2024,Ben,WR,G. Pickens,2
2024,Ben,WR,A. Mitchell,1
2024,Christian,DEF,49ers,3
2024,Christian,K,B. Aubrey,3
2024,Christian,QB,J. Allen,62
2024,Christian,QB,J. Hurts,56
2024,Christian,QB,W. Levis,1
2024,Christian,RB,J. Mixon,13
2024,Christian,RB,J. Cook,12
2024,Christian,RB,J. Warren,2
2024,Christian,RB,T. Pollard,3
2024,Christian,RB,A. Ekeler,1
2024,Christian,RB,J. Ford,2
2024,Christian,TE,K. Pitts,2
2024,Christian,WR,J. Waddle,14
2024,Christian,WR,N. Collins,13
2024,Christian,WR,C. Kirk,4
2024,Christian,WR,D. Moore,6
2024,Christian,WR,C. Watson,1
2024,Rohaan,DEF,Ravens,2
2024,Rohaan,DEF,Saints,1
2024,Rohaan,K,J. Elliot,1
2024,Rohaan,QB,D. Prescott,22
2024,Rohaan,QB,B. Purdy,12
2024,Rohaan,QB,S. Darnold,2
2024,Rohaan,RB,N. Harris,9
2024,Rohaan,RB,D. Montgomery,10
2024,Rohaan,RB,J. Samuels,1
2024,Rohaan,RB,R. Mostert,4
2024,Rohaan,RB,Z. White,2
2024,Rohaan,TE,G. Kittle,7
2024,Rohaan,TE,T. Hockenson,1
2024,Rohaan,TE,J. Smith,1
2024,Rohaan,WR,T. Hill,60
2024,Rohaan,WR,A. Brown,47
2024,Rohaan,WR,M. Nabers,18
2024,Jake,DEF,Vikings,1
2024,Jake,K,K. Fairbairn,1
2024,Jake,QB,B. Nix,1
2024,Jake,QB,B. Mayfield,1
2024,Jake,RB,T. Etienne,25
2024,Jake,RB,B. Corum,1
2024,Jake,RB,T. Benson,1
2024,Jake,RB,J. Dobbins,1
2024,Jake,RB,T. Allgeir,1
2024,Jake,TE,J. Ferguson,1
2024,Jake,WR,C. Lamb,66
2024,Jake,WR,A. St. Brown,52
2024,Jake,WR,G. Williams,44
2024,Jake,WR,G. Smith,1
2024,Jake,WR,X. Legette,1
2024,Jake,WR,R. Shaheed,1
2024,Jake,WR,C. Samuel,1
2024,Joe,DEF,Steelers,1
2024,Joe,K,G. Zuerlein,1
2024,Joe,QB,L. Jackson,60
2024,Joe,QB,J. Love,25
2024,Joe,QB,R. Wilson,1
2024,Joe,RB,K. Williams,33
2024,Joe,RB,I. Pacheco,23
2024,Joe,RB,J. Brooks,1
2024,Joe,RB,Z. Moss,1
2024,Joe,RB,R. Dowdle,1
2024,Joe,TE,S. LaPorta,19
2024,Joe,WR,D. Samuel,21
2024,Joe,WR,R. Doubs,1
2024,Joe,WR,T. Dell,6
2024,Joe,WR,D. Smith,4
2024,Joe,WR,K. Shakir,1
2024,Joe,WR,J. Palmer,1
2024,Ryan,DEF,Bengals,1
2024,Ryan,K,E. McPherson,1
2024,Ryan,QB,C. Stroud,47
2024,Ryan,QB,J. Herbert,11
2024,Ryan,QB,D. Carr,1
2024,Ryan,RB,B. Hall,57
2024,Ryan,RB,R. Stevendson,5
2024,Ryan,RB,D. Singletary,1
2024,Ryan,RB,C. Hubbard,1
2024,Ryan,TE,T. Kelce,28
2024,Ryan,TE,B. Bowers,1
2024,Ryan,WR,M. Harrison,25
2024,Ryan,WR,C. Olave,16
2024,Ryan,WR,H. Brown,2
2024,Ryan,WR,J. Addison,1
2024,Ryan,WR,C. Sutton,1
2024,Ryan,WR,J. Meyers,1
2024,Steven,DEF,Jets,3
2024,Steven,K,H. Butker,2
2024,Steven,QB,J. Burrow,28
2024,Steven,QB,A. Rodgers,10
2024,Steven,QB,J. Fields,1
2024,Steven,RB,C. McCaffrey,60
2024,Steven,RB,D. Henry,27
2024,Steven,RB,K. Walker,13
2024,Steven,RB,G. Edwards,1
2024,Steven,RB,E. Elliot,1
2024,Steven,TE,D. Kincaid,11
2024,Steven,WR,M. Pittman,19
2024,Steven,WR,S. Diggs,19
2024,Steven,WR,T. Hilton,1
2024,Steven,WR,K. Allen,2
2024,Steven,WR,D. Johnson,1
2024,Steven,WR,J. Williams,1
2023,Aidan,DEF,G. Gano,1
2023,Aidan,K,B. Ravens,1
2023,Aidan,QB,J. Love,3
2023,Aidan,QB,K. Murray,5
2023,Aidan,QB,J. Goff,10
2023,Aidan,RB,B. Robinson,40
2023,Aidan,RB,N. Chubb,39
2023,Aidan,RB,A. Kamara,14
2023,Aidan,RB,S. Perine,2
2023,Aidan,RB,R. Penny,2
2023,Aidan,RB,T. Allgeier,1
2023,Aidan,TE,D. Goedert,2
2023,Aidan,WR,J. Chase,52
2023,Aidan,WR,D. Smith,15
2023,Aidan,WR,D. Hopkins,7
2023,Aidan,WR,C. Sutton,2
2023,Aidan,WR,T. Lockett,4
2023,Alex,DEF,J. Elliott,1
2023,Alex,K,M. Vikings,1
2023,Alex,QB,J. Allen,65
2023,Alex,QB,J. Hurts,58
2023,Alex,RB,J. Dobbins,7
2023,Alex,RB,D. Pierce,6
2023,Alex,RB,D. Swift,3
2023,Alex,RB,D. Vaughn,1
2023,Alex,RB,J. Wilson,1
2023,Alex,RB,J. Warren,1
2023,Alex,TE,E. Engram,2
2023,Alex,TE,K. Pitts,2
2023,Alex,WR,S. Diggs,35
2023,Alex,WR,D. Metcalf,14
2023,Alex,WR,E. Moore,1
2023,Alex,WR,M. Jones,1
2023,Alex,WR,Z. Jones,1
2023,Ankit,DEF,J. Tucker,4
2023,Ankit,K,P. Eagles,1
2023,Ankit,QB,J. Fields,39
2023,Ankit,QB,D. Watson,31
2023,Ankit,QB,B. Purdy,2
2023,Ankit,RB,A. Jones,21
2023,Ankit,RB,J. Mixon,21
2023,Ankit,RB,Z. Charbonnet,2
2023,Ankit,RB,T. Bigsby,1
2023,Ankit,TE,M. Andrews,26
2023,Ankit,WR,K. Allen,17
2023,Ankit,WR,D. Moore,10
2023,Ankit,WR,Z. Flowers,6
2023,Ankit,WR,A. Cooper,8
2023,Ankit,WR,C. Ridley,8
2023,Ankit,WR,J. Dotson,2
2023,Ankit,WR,M. Brown,1
2023,Ben,DEF,G. Zuerlein,1
2023,Ben,K,W. Commanders,1
2023,Ben,QB,L. Jackson,55
2023,Ben,QB,D. Jones,23
2023,Ben,QB,B. Young,2
2023,Ben,RB,J. Jacobs,32
2023,Ben,RB,K. Walker,8
2023,Ben,RB,R. White,5
2023,Ben,RB,E. Mitchell,1
2023,Ben,TE,D. Waller,8
2023,Ben,WR,C. Kupp,49
2023,Ben,WR,M. Williams,4
2023,Ben,WR,C. Kirk,2
2023,Ben,WR,C. Godwin,2
2023,Ben,WR,O. Beckham,2
2023,Ben,WR,M. Pittman,3
2023,Ben,WR,J. Smith-Njigba,2
2023,Rohaan,DEF,E. McPherson,1
2023,Rohaan,K,S. 49ers,2
2023,Rohaan,QB,K. Cousins,22
2023,Rohaan,QB,A. Richardson,18
2023,Rohaan,QB,J. Garoppolo,1
2023,Rohaan,RB,R. Stevenson,16
2023,Rohaan,RB,K. Herbert,6
2023,Rohaan,RB,D. Foreman,1
2023,Rohaan,RB,E. Elliott,1
2023,Rohaan,TE,D. Njoku,1
2023,Rohaan,WR,J. Jefferson,67
2023,Rohaan,WR,A. Brown,35
2023,Rohaan,WR,D. Samuel,15
2023,Rohaan,WR,D. London,10
2023,Rohaan,WR,S. Moore,2
2023,Rohaan,WR,G. Davis,1
2023,Rohaan,WR,A. Lazard,1
2023,Jake,DEF,T. Bass,1
2023,Jake,K,N. Saints,1
2023,Jake,QB,T. Tagovailoa,19
2023,Jake,QB,G. Smith,15
2023,Jake,QB,C. Stroud,1
2023,Jake,RB,A. Ekeler,53
2023,Jake,RB,B. Hall,15
2023,Jake,RB,J. Gibbs,12
2023,Jake,RB,C. Akers,7
2023,Jake,RB,I. Pacheco,2
2023,Jake,RB,J. Cook,4
2023,Jake,TE,T. Hockenson,8
2023,Jake,WR,C. Lamb,33
2023,Jake,WR,J. Waddle,23
2023,Jake,WR,G. Pickens,4
2023,Jake,WR,T. Burks,1
2023,Jake,WR,Q. Johnston,1
2023,Joe,DEF,N. Folk,1
2023,Joe,K,P. Steelers,1
2023,Joe,QB,P. Mahomes,65
2023,Joe,QB,D. Carr,3
2023,Joe,QB,R. Tannehill,1
2023,Joe,RB,S. Barkley,38
2023,Joe,RB,N. Harris,10
2023,Joe,RB,D. Cook,2
2023,Joe,RB,M. Sanders,3
2023,Joe,RB,J. Williams,2
2023,Joe,TE,G. Kittle,4
2023,Joe,WR,A. St. Brown,30
2023,Joe,WR,G. Wilson,27
2023,Joe,WR,C. Watson,4
2023,Joe,WR,B. Aiyuk,4
2023,Joe,WR,D. Johnson,3
2023,Joe,WR,J. Williams,2
2023,Ryan,DEF,H. Butker,1
2023,Ryan,K,B. Bills,1
2023,Ryan,QB,J. Burrow,52
2023,Ryan,QB,R. Wilson,7
2023,Ryan,QB,K. Pickett,2
2023,Ryan,RB,D. Henry,38
2023,Ryan,RB,D. Montgomery,2
2023,Ryan,RB,J. Conner,2
2023,Ryan,RB,R. Mostert,1
2023,Ryan,TE,T. Kelce,45
2023,Ryan,WR,T. Hill,42
2023,Ryan,WR,J. Addison,2
2023,Ryan,WR,B. Cooks,1
2023,Ryan,WR,J. Smith-Schuster,1
2023,Ryan,WR,R. Bateman,1
2023,Ryan,WR,A. Thielen,1
2023,Ryan,WR,J. Mingo,1
2023,Steven,DEF,D. Carlson,1
2023,Steven,K,D. Cowboys,2
2023,Steven,QB,D. Prescott,24
2023,Steven,QB,A. Rodgers,21
2023,Steven,QB,M. Stafford,5
2023,Steven,RB,C. McCaffrey,58
2023,Steven,RB,T. Etienne,20
2023,Steven,RB,A. Dillon,1
2023,Steven,RB,B. Robinson,2
2023,Steven,TE,P. Freiermuth,1
2023,Steven,WR,D. Adams,33
2023,Steven,WR,T. Higgins,19
2023,Steven,WR,T. McLaurin,6
2023,Steven,WR,J. Jeudy,3
2023,Steven,WR,M. Evans,2
2023,Steven,WR,M. Thomas,1
2023,Steven,WR,K. Toney,1
2023,Tommy,DEF,Y. Koo,1
2023,Tommy,K,C. Browns,1
2023,Tommy,QB,J. Herbert,46
2023,Tommy,QB,T. Lawrence,42
2023,Tommy,QB,B. Mayfield,1
2023,Tommy,RB,T. Pollard,36
2023,Tommy,RB,A. Mattison,20
2023,Tommy,RB,J. Taylor,18
2023,Tommy,RB,J. McKinnon,1
2023,Tommy,RB,A. Gibson,1
2023,Tommy,RB,D. Jackson,1
2023,Tommy,TE,C. Kmet,1
2023,Tommy,WR,C. Olave,27
2023,Tommy,WR,R. Doubs,1
2023,Tommy,WR,M. Gallup,1
2023,Tommy,WR,M. Valdes-Scantling,1
2023,Tommy,WR,C. Claypool,1
2022,Aidan,DEF,Bills,1
2022,Aidan,K,Tyler Bass,1
2022,Aidan,QB,Lamar Jackson,13
2022,Aidan,QB,Trevor Lawrence,1
2022,Aidan,RB,Saquon Barkley,37
2022,Aidan,RB,AJ Dillon,6
2022,Aidan,RB,Chase Edmonds,5
2022,Aidan,RB,Ken Walker,1
2022,Aidan,RB,Jamaal Williams,1
2022,Aidan,RB,T Davis Price,1
2022,Aidan,TE,Kyle Pitts,29
2022,Aidan,WR,Justin Jefferson,64
2022,Aidan,WR,Michael Pittman,34
2022,Aidan,WR,Brandon Aiyuk,3
2022,Aidan,WR,Skyy Moore,1
2022,Aidan,WR,Romeo Doubs,1
2022,Aidan,WR,Julio Jones,1
2022,Alex,DEF,Steelers,1
2022,Alex,K,McManus,1
2022,Alex,QB,Jalen Hurts,12
2022,Alex,RB,CMC,72
2022,Alex,RB,Etienne,19
2022,Alex,RB,Breece Hall,11
2022,Alex,RB,Michael Carter,3
2022,Alex,RB,Cordarelle,4
2022,Alex,RB,Rashaad Penny,2
2022,Alex,TE,Dalton Schultz,5
2022,Alex,TE,Mark Andrews,40
2022,Alex,WR,Courtland Sutton,17
2022,Alex,WR,Amari Cooper,3
2022,Alex,WR,Christian Kirk,2
2022,Alex,WR,Devonta Smith,2
2022,Alex,WR,Bobby Trees,3
2022,Alex,WR,Lockett,3
2022,Ankit,DEF,Packers,1
2022,Ankit,K,Jake Elliot,1
2022,Ankit,QB,Trey Lance,4
2022,Ankit,RB,Austin EKeler,63
2022,Ankit,RB,Javonte Williams,32
2022,Ankit,RB,Zeke,26
2022,Ankit,RB,Dameon Pierce,7
2022,Ankit,RB,Rhamondre,3
2022,Ankit,TE,Cole Kmet,1
2022,Ankit,WR,Mike Williams,26
2022,Ankit,WR,AJ Brown,17
2022,Ankit,WR,Brandin Cooks,9
2022,Ankit,WR,Allen Lazard,5
2022,Ankit,WR,Elijah Moore,2
2022,Ankit,WR,Chris Olave,1
2022,Ankit,WR,Treylon Burkes,1
2022,Ankit,WR,MVS,1
2022,Ben,DEF,Cowboys,1
2022,Ben,K,Buttker,2
2022,Ben,QB,Mahomes,13
2022,Ben,RB,Derrick Henry,55
2022,Ben,RB,Dalvin Cook,54
2022,Ben,RB,Antonio Gibson,9
2022,Ben,RB,Josh Jacobs,9
2022,Ben,RB,Khalil Herbert,1
2022,Ben,RB,Isaiah Pecheko,1
2022,Ben,TE,TJ Hockensen,2
2022,Ben,WR,Keenan Allen,26
2022,Ben,WR,Hollywood Brown,9
2022,Ben,WR,ARob$,7
2022,Ben,WR,DHop,4
2022,Ben,WR,Hunter Renfrow,4
2022,Ben,WR,Garrett WIlson,1
2022,Ben,WR,Chase Claypool,2
2022,Rohaan,DEF,49ers,3
2022,Rohaan,K,McPherson,3
2022,Rohaan,QB,Dak,1
2022,Rohaan,RB,Jonathan Taylor,73
2022,Rohaan,RB,Nick Chubb,23
2022,Rohaan,RB,Jerrick McKinnon,1
2022,Rohaan,RB,Isiah Spiller,1
2022,Rohaan,TE,Zach Ertz,1
2022,Rohaan,TE,Patty Fries,1
2022,Rohaan,WR,Stefon Diggs,45
2022,Rohaan,WR,Davante Adams,42
2022,Rohaan,WR,Tyler Boyd,1
2022,Rohaan,WR,Jahan Dotson,1
2022,Rohaan,WR,Jarvis Landry,1
2022,Rohaan,WR,Marvin Jones,1
2022,Rohaan,WR,Devante Parker,1
2022,Rohaan,WR,Wan'dale Robinson,1
2022,Jake,DEF,Colts,1
2022,Jake,K,Matt Prater,1
2022,Jake,QB,Justin Herbert,5
2022,Jake,RB,Leonard 4net,34
2022,Jake,RB,James Conner,33
2022,Jake,RB,Elijah Mitchell,6
2022,Jake,RB,Rashaad White,1
2022,Jake,RB,Melvin Gordon,2
2022,Jake,RB,Zamir White,1
2022,Jake,TE,Dawson Knox,1
2022,Jake,WR,Ja'Marr Chase,57
2022,Jake,WR,Mike Evans,39
2022,Jake,WR,Gabe Dave,11
2022,Jake,WR,Rashod Bateman,5
2022,Jake,WR,Kadarius Toney,1
2022,Jake,WR,Josh Palmer,1
2022,Jake,WR,Isiah McKenzie,1
2022,Joe,DEF,Broncos,1
2022,Joe,K,Wil Lutz,1
2022,Joe,QB,Matthew Stafford,1
2022,Joe,QB,Tom Brady,1
2022,Joe,RB,Aaron Jones,37
2022,Joe,RB,Clyde Edwards-Helaire,10
2022,Joe,RB,James Robinson,1
2022,Joe,RB,Eno Benjamin,1
2022,Joe,RB,Tyler Allgeier,1
2022,Joe,TE,Kelce,40
2022,Joe,WR,Cooper Kupp,64
2022,Joe,WR,Diontae Johnson,20
2022,Joe,WR,DK Metcalf,8
2022,Joe,WR,JuJu,8
2022,Joe,WR,Adam Thielen,4
2022,Joe,WR,Nyhiem Hines,1
2022,Joe,WR,Robbie Anderson,1
2022,Ryan,DEF,Saints,1
2022,Ryan,K,Carlson,1
2022,Ryan,QB,Josh Allen,16
2022,Ryan,RB,Joe Mixon,50
2022,Ryan,RB,D'Andrew Swift,44
2022,Ryan,RB,Damien Harris,2
2022,Ryan,RB,Kareem Hunt,2
2022,Ryan,RB,Raheem Mostert,1
2022,Ryan,TE,Waller,15
2022,Ryan,WR,CeeDee Lamb,34
2022,Ryan,WR,Terry McLaurin,21
2022,Ryan,WR,Amon-Ra SB,8
2022,Ryan,WR,Jakobi Meyers,1
2022,Ryan,WR,Russell Gage,1
2022,Ryan,WR,Jalen Tolbert,1
2022,Ryan,WR,Van Jefferson,1
2022,Ryan,WR,Nico Collins,1
2022,Steven,DEF,Buccaneers,2
2022,Steven,K,Gay,2
2022,Steven,QB,Aaron Rodgers,5
2022,Steven,RB,Kamara,47
2022,Steven,RB,Cam Akers,25
2022,Steven,RB,David Montgomery,17
2022,Steven,RB,Dobbins,15
2022,Steven,RB,Darrell Henderson,3
2022,Steven,RB,Alex Mattison,3
2022,Steven,TE,George Kittle,13
2022,Steven,WR,Tyreek Hill,35
2022,Steven,WR,DJ Moore,16
2022,Steven,WR,Drake London,5
2022,Steven,WR,George Pickens,2
2022,Steven,WR,Darnell Mooney,4
2022,Steven,WR,Mike Thomas,3
2022,Steven,WR,Chris Godwin,3
2022,Tommy,DEF,Ravens,2
2022,Tommy,K,Justin Tucker,3
2022,Tommy,QB,Kyler Murray,5
2022,Tommy,QB,Russell Wilson,1
2022,Tommy,RB,Najee Harris,61
2022,Tommy,RB,Miles Sanders,7
2022,Tommy,RB,Tony Pollard,5
2022,Tommy,RB,Devin Singletary,3
2022,Tommy,RB,James Cook,1
2022,Tommy,RB,Kenneth Gainwell,4
2022,Tommy,RB,JD McKissic,1
2022,Tommy,TE,Dallas Goedert,1
2022,Tommy,WR,Deebo,54
2022,Tommy,WR,Tee Higgins,30
2022,Tommy,WR,Jaylen Waddle,11
2022,Tommy,WR,Jeudy,10
2022,Tommy,WR,DJ Chark,1
2021,Aidan,DEF,Buffalo D,1
2021,Aidan,K,Rodrigo Blankenship,1
2021,Aidan,QB,Ryan Tannehill,1
2021,Aidan,RB,Aaron Jones,57
2021,Aidan,RB,Najee Harris,38
2021,Aidan,RB,Kareem Hunt,11
2021,Aidan,RB,Jamaal Williams,3
2021,Aidan,RB,Melvin Gordon,3
2021,Aidan,RB,JD McKissic,1
2021,Aidan,TE,Kyle Pitts,10
2021,Aidan,WR,Keenan Allen,29
2021,Aidan,WR,Allen Robinson II,17
2021,Aidan,WR,Julio Jones,16
2021,Aidan,WR,Brandon Aiyuk,8
2021,Aidan,WR,Courtland Sutton,2
2021,Aidan,WR,DeVonta Smith,1
2021,Aidan,WR,Marquez Callaway,1
2021,Ankit,DEF,Miami D,1
2021,Ankit,DEF,New Orleans D,1
2021,Ankit,K,Mason Crosby,1
2021,Ankit,QB,Lamar Jackson,7
2021,Ankit,QB,Trey Lance,1
2021,Ankit,QB,Justin Fields,1
2021,Ankit,RB,Alvin Kamara,68
2021,Ankit,RB,Joe Mixon,36
2021,Ankit,RB,Phillip Lindsay,1
2021,Ankit,RB,Gus Edwards,1
2021,Ankit,RB,Gio Bernard,1
2021,Ankit,TE,Tyler Higbee,4
2021,Ankit,WR,Tyreek Hill,45
2021,Ankit,WR,Cooper Kupp,16
2021,Ankit,WR,Chris Godwin,9
2021,Ankit,WR,Chase Claypool,6
2021,Ankit,WR,Adam Trautman,1
2021,Ben,DEF,Baltimore D,1
2021,Ben,K,Daniel Carlson,1
2021,Ben,QB,Kyler Murray,16
2021,Ben,RB,Darrell Henderson Jr,31
2021,Ben,RB,Clyde Edwards-Helaire,29
2021,Ben,RB,Chase Edmonds,5
2021,Ben,RB,Latavius Murray,1
2021,Ben,RB,Devontae Booker,1
2021,Ben,TE,Travis Kelce,45
2021,Ben,TE,George Kittle,21
2021,Ben,WR,Mike Evans,22
2021,Ben,WR,Adam Thielen,16
2021,Ben,WR,Jamarr Chase,5
2021,Ben,WR,DJ Chark,2
2021,Ben,WR,Michael Pittman,2
2021,Ben,WR,Henry Ruggs,1
2021,Ben,WR,Russell Gage,1
2021,Rohaan,DEF,Washington D,1
2021,Rohaan,K,Justin Tucker,4
2021,Rohaan,QB,Josh Allen,19
2021,Rohaan,QB,Trevor Lawrence,1
2021,Rohaan,RB,Derrick Henry,69
2021,Rohaan,RB,Chris Carson,26
2021,Rohaan,RB,Nyheim Hines,1
2021,Rohaan,TE,Irv Smith,2
2021,Rohaan,WR,Stefon Diggs,40
2021,Rohaan,WR,Terry McLaurin,30
2021,Rohaan,WR,Deebo Samuel,1
2021,Rohaan,WR,Will Fuller,1
2021,Rohaan,WR,Leviska Shenault,1
2021,Rohaan,WR,Marquise Brown,1
2021,Rohaan,WR,Devante Parker,1
2021,Rohaan,WR,Trequon Smith,1
2021,Rohaan,WR,Rondale Moore,1
2021,Jake,DEF,Denver D,1
2021,Jake,K,Jason Myers,1
2021,Jake,QB,Matthew Stafford,2
2021,Jake,QB,Joe Burrow,1
2021,Jake,RB,Christian McCaffrey,85
2021,Jake,RB,Mike Davis,13
2021,Jake,RB,Miles Gaskin,5
2021,Jake,RB,Chuba Hubbard,1
2021,Jake,RB,Tony Pollard,1
2021,Jake,RB,Ty Johnson,1
2021,Jake,TE,Darren Waller,23
2021,Jake,WR,Deandre Hopkins,37
2021,Jake,WR,Robert Woods,21
2021,Jake,WR,Diontae Johnson,4
2021,Jake,WR,Robby Anderson,2
2021,Jake,WR,Michael Gallup,1
2021,Jake,WR,Elijah Moore,1
2021,Joe,DEF,San Fran D,1
2021,Joe,DEF,New England D,2
2021,Joe,K,Jason Sander,2
2021,Joe,QB,Patrick Mahomes,25
2021,Joe,QB,Justin Herbert,4
2021,Joe,RB,Josh Jacobs,21
2021,Joe,RB,Miles Sanders,15
2021,Joe,RB,Damien Harris,7
2021,Joe,RB,Zack Moss,4
2021,Joe,RB,Raheem Mostert,8
2021,Joe,RB,Trey Sermon,6
2021,Joe,RB,Kenyan Drake,3
2021,Joe,TE,TJ Hockenson,7
2021,Joe,WR,Davante Adams,46
2021,Joe,WR,D.K. Metcalf,33
2021,Joe,WR,Antonio Brown,4
2021,Joe,WR,Odell Beckham Jr,6
2021,Oleg,DEF,Los Angeles D,4
2021,Oleg,K,Younghoe Koo,1
2021,Oleg,QB,Russell Wilson,7
2021,Oleg,QB,Jalen Hurts,2
2021,Oleg,RB,Nick Chubb,59
2021,Oleg,RB,James Robinson,36
2021,Oleg,RB,David Montgomery,24
2021,Oleg,RB,Javonte Williams,12
2021,Oleg,RB,Rashaad Penny,2
2021,Oleg,RB,AJ Dillon,3
2021,Oleg,TE,Logan Thomas,3
2021,Oleg,WR,AJ Brown,31
2021,Oleg,WR,Tyler Lockett,7
2021,Oleg,WR,Jerry Jeudy,3
2021,Oleg,WR,Jaylen Waddle,1
2021,Oleg,WR,Corey Davis,2
2021,Oleg,WR,Darnell Mooney,1
2021,Ryan,DEF,Green Bay D,1
2021,Ryan,K,Tyler Bass,1
2021,Ryan,QB,Aaron Rodgers,3
2021,Ryan,RB,Ezekiel Elliot,60
2021,Ryan,RB,Jonathan Taylor,44
2021,Ryan,RB,Devin Singletary,1
2021,Ryan,RB,David Johnson,1
2021,Ryan,RB,Ronald Jones II,1
2021,Ryan,TE,Mark Andrews,7
2021,Ryan,TE,Robert Tonyan,1
2021,Ryan,WR,Justin Jefferson,33
2021,Ryan,WR,Amari Cooper,17
2021,Ryan,WR,Tee Higgins,14
2021,Ryan,WR,DJ Moore,9
2021,Ryan,WR,Tyler Boyd,1
2021,Ryan,WR,Kenny Golladay,3
2021,Ryan,WR,Mike Williams,3
2021,Steven,DEF,Pittsburgh D,1
2021,Steven,K,Ryan Succop,2
2021,Steven,QB,Tom Brady,6
2021,Steven,RB,Dalvin Cook,71
2021,Steven,RB,Saquon Barkley,53
2021,Steven,RB,De'Andre Swift,41
2021,Steven,RB,Michael Carter,8
2021,Steven,RB,Leonard Fournette,2
2021,Steven,RB,Alexander Mattison,1
2021,Steven,RB,Tevin Coleman,1
2021,Steven,TE,Noah Fant,4
2021,Steven,TE,Rob Gronkowski,1
2021,Steven,WR,Michael Thomas,4
2021,Steven,WR,T.Y. Hilton,1
2021,Steven,WR,Jarvis Landry,2
2021,Steven,WR,Juju Smith-Schuster,1
2021,Steven,WR,Brandin Cooks,1
2021,Tommy,DEF,Tampa Bay D,5
2021,Tommy,K,Harrison Butker,3
2021,Tommy,QB,Dak Prescott,9
2021,Tommy,QB,Matt Ryan,1
2021,Tommy,RB,Austin Ekeler,42
2021,Tommy,RB,Antonio Gibson,40
2021,Tommy,RB,J.K. Dobbins,24
2021,Tommy,RB,James Conner,1
2021,Tommy,RB,Marlon Mack,1
2021,Tommy,RB,Justin Jackson,1
2021,Tommy,TE,Dallas Goedert,3
2021,Tommy,WR,Calvin Ridley,34
2021,Tommy,WR,CeeDee Lamb,32
2021,Tommy,WR,Nelson Agholor,1
2021,Tommy,WR,Curtis Samuel,1
2021,Tommy,WR,Mecole Hardman,1
2021,Tommy,WR,Marvin Jones Jr,1
