season,draft_id,pick_no,roster_id,picked_by,manager,player_id,first_name,last_name,position,nfl_team,amount
2021,731686011016421376,1,7,621896714877599744,Steven,4029,Dalvin,Cook,RB,MIN,71
2021,731686011016421376,2,8,734157966206455808,Ankit,4035,Alvin,Kamara,RB,NO,68
2021,731686011016421376,3,1,622284153274048512,Aidan,947,Julio,Jones,WR,TEN,16
2021,731686011016421376,4,3,683108507217653760,Jake,4034,Christian,McCaffrey,RB,CAR,85
2021,731686011016421376,5,10,735661741740056576,Ryan,3164,Ezekiel,Elliott,RB,DAL,60
2021,731686011016421376,6,2,611688251123699712,Ben,1466,Travis,Kelce,TE,KC,45
2021,731686011016421376,7,7,621896714877599744,Steven,167,Tom,Brady,QB,TB,6
2021,731686011016421376,8,9,622238358105575424,Tommy,4663,Austin,Ekeler,RB,LAC,42
2021,731686011016421376,9,8,734157966206455808,Ankit,3321,Tyreek,Hill,WR,KC,45
2021,731686011016421376,10,4,473908924727160832,Rohaan,5927,Terry,McLaurin,WR,WAS,30
2021,731686011016421376,11,5,622233730559348736,Joe,2133,Davante,Adams,WR,GB,46
2021,731686011016421376,12,7,621896714877599744,Steven,4866,Saquon,Barkley,RB,NYG,53
2021,731686011016421376,13,5,622233730559348736,Joe,4046,Patrick,Mahomes,QB,KC,25
2021,731686011016421376,14,4,473908924727160832,Rohaan,3198,Derrick,Henry,RB,TEN,69
2021,731686011016421376,15,6,732065507691356160,Oleg,6955,James,Robinson,RB,JAX,36
2021,731686011016421376,16,1,622284153274048512,Aidan,1479,Keenan,Allen,WR,LAC,29
2021,731686011016421376,17,7,621896714877599744,Steven,6790,D'Andre,Swift,RB,DET,41
2021,731686011016421376,18,2,611688251123699712,Ben,5916,Darrell,Henderson,RB,LAR,31
2021,731686011016421376,19,6,732065507691356160,Oleg,4988,Nick,Chubb,RB,CLE,59
2021,731686011016421376,20,5,622233730559348736,Joe,5846,DK,Metcalf,WR,SEA,33
2021,731686011016421376,21,2,611688251123699712,Ben,4217,George,Kittle,TE,SF,21
2021,731686011016421376,22,10,735661741740056576,Ryan,6813,Jonathan,Taylor,RB,IND,44
2021,731686011016421376,23,1,622284153274048512,Aidan,4199,Aaron,Jones,RB,GB,57
2021,731686011016421376,24,9,622238358105575424,Tommy,TB,Tampa Bay,Buccaneers,DEF,TB,5
2021,731686011016421376,25,4,473908924727160832,Rohaan,1264,Justin,Tucker,K,BAL,4
2021,731686011016421376,26,9,622238358105575424,Tommy,4227,Harrison,Butker,K,KC,3
2021,731686011016421376,27,7,621896714877599744,Steven,7607,Michael,Carter,RB,NYJ,8
2021,731686011016421376,28,4,473908924727160832,Rohaan,2449,Stefon,Diggs,WR,BUF,40
2021,731686011016421376,29,9,622238358105575424,Tommy,4981,Calvin,Ridley,WR,ATL,34
2021,731686011016421376,30,9,622238358105575424,Tommy,6786,CeeDee,Lamb,WR,DAL,32
2021,731686011016421376,31,6,732065507691356160,Oleg,5859,A.J.,Brown,WR,TEN,31
2021,731686011016421376,32,3,683108507217653760,Jake,1426,DeAndre,Hopkins,WR,ARI,37
2021,731686011016421376,33,3,683108507217653760,Jake,2505,Darren,Waller,TE,LV,23
2021,731686011016421376,34,1,622284153274048512,Aidan,7528,Najee,Harris,RB,PIT,38
2021,731686011016421376,35,9,622238358105575424,Tommy,6945,Antonio,Gibson,RB,WAS,40
2021,731686011016421376,36,7,621896714877599744,Steven,391,Ryan,Succop,K,TB,2
2021,731686011016421376,37,10,735661741740056576,Ryan,6794,Justin,Jefferson,WR,MIN,33
2021,731686011016421376,38,4,473908924727160832,Rohaan,4984,Josh,Allen,QB,BUF,19
2021,731686011016421376,39,1,622284153274048512,Aidan,1992,Allen,Robinson,WR,CHI,17
2021,731686011016421376,40,2,611688251123699712,Ben,5849,Kyler,Murray,QB,ARI,16
2021,731686011016421376,41,9,622238358105575424,Tommy,6806,J.K.,Dobbins,RB,BAL,24
2021,731686011016421376,42,8,734157966206455808,Ankit,4018,Joe,Mixon,RB,CIN,36
2021,731686011016421376,43,1,622284153274048512,Aidan,7553,Kyle,Pitts,TE,ATL,10
2021,731686011016421376,44,3,683108507217653760,Jake,1352,Robert,Woods,WR,LAR,21
2021,731686011016421376,45,9,622238358105575424,Tommy,3294,Dak,Prescott,QB,DAL,9
2021,731686011016421376,46,10,735661741740056576,Ryan,7042,Tyler,Bass,K,BUF,1
2021,731686011016421376,47,10,735661741740056576,Ryan,6801,Tee,Higgins,WR,CIN,14
2021,731686011016421376,48,2,611688251123699712,Ben,6820,Clyde,Edwards-Helaire,RB,KC,29
2021,731686011016421376,49,6,732065507691356160,Oleg,7588,Javonte,Williams,RB,DEN,12
2021,731686011016421376,50,5,622233730559348736,Joe,5844,T.J.,Hockenson,TE,DET,7
2021,731686011016421376,51,6,732065507691356160,Oleg,5892,David,Montgomery,RB,CHI,24
2021,731686011016421376,52,4,473908924727160832,Rohaan,4273,Chris,Carson,RB,SEA,26
2021,731686011016421376,53,2,611688251123699712,Ben,2216,Mike,Evans,WR,TB,22
2021,731686011016421376,54,10,735661741740056576,Ryan,2309,Amari,Cooper,WR,DAL,17
2021,731686011016421376,55,7,621896714877599744,Steven,5857,Noah,Fant,TE,DEN,4
2021,731686011016421376,56,6,732065507691356160,Oleg,LAR,Los Angeles,Rams,DEF,LAR,4
2021,731686011016421376,57,2,611688251123699712,Ben,1689,Adam,Thielen,WR,MIN,16
2021,731686011016421376,58,5,622233730559348736,Joe,5850,Josh,Jacobs,RB,LV,21
2021,731686011016421376,59,5,622233730559348736,Joe,5890,Damien,Harris,RB,NE,7
2021,731686011016421376,60,10,735661741740056576,Ryan,5012,Mark,Andrews,TE,BAL,7
2021,731686011016421376,61,8,734157966206455808,Ankit,4039,Cooper,Kupp,WR,LAR,16
2021,731686011016421376,62,6,732065507691356160,Oleg,4666,Younghoe,Koo,K,ATL,2
2021,731686011016421376,63,7,621896714877599744,Steven,3199,Michael,Thomas,WR,NO,4
2021,731686011016421376,64,5,622233730559348736,Joe,6151,Miles,Sanders,RB,PHI,15
2021,731686011016421376,65,8,734157966206455808,Ankit,3271,Tyler,Higbee,TE,LAR,4
2021,731686011016421376,66,10,735661741740056576,Ryan,4983,D.J.,Moore,WR,CAR,9
2021,731686011016421376,67,1,622284153274048512,Aidan,6803,Brandon,Aiyuk,WR,SF,8
2021,731686011016421376,68,8,734157966206455808,Ankit,4881,Lamar,Jackson,QB,BAL,7
2021,731686011016421376,69,1,622284153274048512,Aidan,4098,Kareem,Hunt,RB,CLE,11
2021,731686011016421376,70,8,734157966206455808,Ankit,4037,Chris,Godwin,WR,TB,9
2021,731686011016421376,71,6,732065507691356160,Oleg,2374,Tyler,Lockett,WR,SEA,7
2021,731686011016421376,72,3,683108507217653760,Jake,5980,Myles,Gaskin,RB,MIA,5
2021,731686011016421376,73,6,732065507691356160,Oleg,1234,Russell,Wilson,QB,SEA,7
2021,731686011016421376,74,7,621896714877599744,Steven,1110,T.Y.,Hilton,WR,IND,1
2021,731686011016421376,75,2,611688251123699712,Ben,6819,Michael,Pittman,WR,IND,2
2021,731686011016421376,76,5,622233730559348736,Joe,SF,San Francisco,49ers,DEF,SF,2
2021,731686011016421376,77,10,735661741740056576,Ryan,4068,Mike,Williams,WR,LAC,3
2021,731686011016421376,78,3,683108507217653760,Jake,5937,Diontae,Johnson,WR,PIT,4
2021,731686011016421376,79,3,683108507217653760,Jake,2431,Mike,Davis,RB,ATL,13
2021,731686011016421376,80,2,611688251123699712,Ben,5000,Chase,Edmonds,RB,ARI,5
2021,731686011016421376,81,6,732065507691356160,Oleg,4985,Rashaad,Penny,RB,SEA,2
2021,731686011016421376,82,10,735661741740056576,Ryan,4131,Kenny,Golladay,WR,NYG,3
2021,731686011016421376,83,8,734157966206455808,Ankit,6886,Chase,Claypool,WR,PIT,6
2021,731686011016421376,84,2,611688251123699712,Ben,4951,D.J.,Chark,WR,JAX,2
2021,731686011016421376,85,1,622284153274048512,Aidan,4149,Jamaal,Williams,RB,DET,3
2021,731686011016421376,86,5,622233730559348736,Joe,6797,Justin,Herbert,QB,LAC,4
2021,731686011016421376,87,5,622233730559348736,Joe,5119,Jason,Sanders,K,MIA,2
2021,731686011016421376,88,8,734157966206455808,Ankit,59,Mason,Crosby,K,GB,1
2021,731686011016421376,89,5,622233730559348736,Joe,6845,Zack,Moss,RB,BUF,4
2021,731686011016421376,90,3,683108507217653760,Jake,DEN,Denver,Broncos,DEF,DEN,1
2021,731686011016421376,91,4,473908924727160832,Rohaan,WAS,Washington,Football Team,DEF,WAS,1
2021,731686011016421376,92,6,732065507691356160,Oleg,6783,Jerry,Jeudy,WR,DEN,3
2021,731686011016421376,93,2,611688251123699712,Ben,5095,Daniel,Carlson,K,LV,1
2021,731686011016421376,94,5,622233730559348736,Joe,2078,Odell,Beckham,WR,CLE,6
2021,731686011016421376,95,4,473908924727160832,Rohaan,6126,Irv,Smith,TE,MIN,2
2021,731686011016421376,96,10,735661741740056576,Ryan,96,Aaron,Rodgers,QB,GB,3
2021,731686011016421376,97,5,622233730559348736,Joe,2749,Raheem,Mostert,RB,SF,8
2021,731686011016421376,98,2,611688251123699712,Ben,7564,Ja'Marr,Chase,WR,CIN,5
2021,731686011016421376,99,3,683108507217653760,Jake,421,Matthew,Stafford,QB,LAR,2
2021,731686011016421376,100,5,622233730559348736,Joe,536,Antonio,Brown,WR,TB,4
2021,731686011016421376,101,7,621896714877599744,Steven,1825,Jarvis,Landry,WR,CLE,2
2021,731686011016421376,102,6,732065507691356160,Oleg,2251,Logan,Thomas,TE,WAS,3
2021,731686011016421376,103,2,611688251123699712,Ben,BAL,Baltimore,Ravens,DEF,BAL,1
2021,731686011016421376,104,7,621896714877599744,Steven,PIT,Pittsburgh,Steelers,DEF,PIT,1
2021,731686011016421376,105,9,622238358105575424,Tommy,2325,Nelson,Agholor,WR,NE,1
2021,731686011016421376,106,5,622233730559348736,Joe,NE,New England,Patriots,DEF,NE,2
2021,731686011016421376,107,5,622233730559348736,Joe,7593,Trey,Sermon,RB,SF,6
2021,731686011016421376,108,8,734157966206455808,Ankit,MIA,Miami,Dolphins,DEF,MIA,1
2021,731686011016421376,109,6,732065507691356160,Oleg,6904,Jalen,Hurts,QB,PHI,2
2021,731686011016421376,110,3,683108507217653760,Jake,7594,Chuba,Hubbard,RB,CAR,1
2021,731686011016421376,111,4,473908924727160832,Rohaan,3157,Will,Fuller,WR,MIA,1
2021,731686011016421376,112,6,732065507691356160,Oleg,7526,Jaylen,Waddle,WR,MIA,1
2021,731686011016421376,113,5,622233730559348736,Joe,3242,Kenyan,Drake,RB,LV,3
2021,731686011016421376,114,1,622284153274048512,Aidan,2320,Melvin,Gordon,RB,DEN,3
2021,731686011016421376,115,9,622238358105575424,Tommy,5022,Dallas,Goedert,TE,PHI,3
2021,731686011016421376,116,7,621896714877599744,Steven,3969,Leonard,Fournette,RB,TB,2
2021,731686011016421376,117,8,734157966206455808,Ankit,NO,New Orleans,Saints,DEF,NO,1
2021,731686011016421376,118,1,622284153274048512,Aidan,1049,Ryan,Tannehill,QB,TEN,1
2021,731686011016421376,119,6,732065507691356160,Oleg,4036,Corey,Davis,WR,NYJ,2
2021,731686011016421376,120,3,683108507217653760,Jake,3423,Robby,Anderson,WR,CAR,2
2021,731686011016421376,121,6,732065507691356160,Oleg,7090,Darnell,Mooney,WR,CHI,1
2021,731686011016421376,122,6,732065507691356160,Oleg,6828,A.J.,Dillon,RB,GB,3
2021,731686011016421376,123,7,621896714877599744,Steven,5987,Alexander,Mattison,RB,MIN,1
2021,731686011016421376,124,1,622284153274048512,Aidan,5045,Courtland,Sutton,WR,DEN,2
2021,731686011016421376,125,10,735661741740056576,Ryan,5052,Ronald,Jones,RB,TB,1
2021,731686011016421376,126,8,734157966206455808,Ankit,5170,Phillip,Lindsay,RB,HOU,1
2021,731686011016421376,127,1,622284153274048512,Aidan,7525,DeVonta,Smith,WR,PHI,1
2021,731686011016421376,128,3,683108507217653760,Jake,5967,Tony,Pollard,RB,DAL,1
2021,731686011016421376,129,4,473908924727160832,Rohaan,5872,Deebo,Samuel,WR,SF,1
2021,731686011016421376,130,2,611688251123699712,Ben,1476,Latavius,Murray,RB,NO,1
2021,731686011016421376,131,7,621896714877599744,Steven,4040,JuJu,Smith-Schuster,WR,PIT,1
2021,731686011016421376,132,9,622238358105575424,Tommy,4137,James,Conner,RB,ARI,1
2021,731686011016421376,133,10,735661741740056576,Ryan,2391,David,Johnson,RB,HOU,1
2021,731686011016421376,134,8,734157966206455808,Ankit,7610,Trey,Lance,QB,SF,1
2021,731686011016421376,135,1,622284153274048512,Aidan,6989,Marquez,Callaway,WR,NO,1
2021,731686011016421376,136,3,683108507217653760,Jake,6039,Ty,Johnson,RB,NYJ,1
2021,731686011016421376,137,4,473908924727160832,Rohaan,6814,Laviska,Shenault,WR,JAX,1
2021,731686011016421376,138,2,611688251123699712,Ben,6789,Henry,Ruggs,WR,LV,1
2021,731686011016421376,139,7,621896714877599744,Steven,2197,Brandin,Cooks,WR,HOU,1
2021,731686011016421376,140,9,622238358105575424,Tommy,4082,Curtis,Samuel,WR,WAS,1
2021,731686011016421376,141,10,735661741740056576,Ryan,3225,Tyler,Boyd,WR,CIN,1
2021,731686011016421376,142,8,734157966206455808,Ankit,5248,Gus,Edwards,RB,BAL,1
2021,731686011016421376,143,1,622284153274048512,Aidan,3664,J.D.,McKissic,RB,WAS,1
2021,731686011016421376,144,3,683108507217653760,Jake,5038,Michael,Gallup,WR,DAL,1
2021,731686011016421376,145,4,473908924727160832,Rohaan,5347,Nyheim,Hines,RB,IND,1
2021,731686011016421376,146,2,611688251123699712,Ben,5110,Russell,Gage,WR,ATL,1
2021,731686011016421376,147,7,621896714877599744,Steven,515,Rob,Gronkowski,TE,TB,1
2021,731686011016421376,148,9,622238358105575424,Tommy,5917,Mecole,Hardman,WR,KC,1
2021,731686011016421376,149,10,735661741740056576,Ryan,6130,Devin,Singletary,RB,BUF,1
2021,731686011016421376,150,8,734157966206455808,Ankit,1386,Giovani,Bernard,RB,TB,1
2021,731686011016421376,151,1,622284153274048512,Aidan,BUF,Buffalo,Bills,DEF,BUF,1
2021,731686011016421376,152,3,683108507217653760,Jake,2747,Jason,Myers,K,SEA,1
2021,731686011016421376,153,4,473908924727160832,Rohaan,5848,Marquise,Brown,WR,BAL,1
2021,731686011016421376,154,2,611688251123699712,Ben,3209,Devontae,Booker,RB,NYG,1
2021,731686011016421376,155,7,621896714877599744,Steven,2378,Tevin,Coleman,RB,NYJ,1
2021,731686011016421376,156,9,622238358105575424,Tommy,1067,Marvin,Jones,WR,JAX,1
2021,731686011016421376,157,10,735661741740056576,Ryan,4602,Robert,Tonyan,TE,GB,1
2021,731686011016421376,158,8,734157966206455808,Ankit,7591,Justin,Fields,QB,CHI,1
2021,731686011016421376,159,1,622284153274048512,Aidan,7062,Rodrigo,Blankenship,K,IND,1
2021,731686011016421376,160,3,683108507217653760,Jake,6770,Joe,Burrow,QB,CIN,1
2021,731686011016421376,161,4,473908924727160832,Rohaan,2319,DeVante,Parker,WR,MIA,1
2021,731686011016421376,162,9,622238358105575424,Tommy,4152,Marlon,Mack,RB,IND,1
2021,731686011016421376,163,10,735661741740056576,Ryan,GB,Green Bay,Packers,DEF,GB,1
2021,731686011016421376,164,8,734157966206455808,Ankit,6869,Adam,Trautman,TE,NO,1
2021,731686011016421376,165,3,683108507217653760,Jake,7596,Elijah,Moore,WR,NYJ,1
2021,731686011016421376,166,4,473908924727160832,Rohaan,7523,Trevor,Lawrence,QB,JAX,1
2021,731686011016421376,167,9,622238358105575424,Tommy,5131,Justin,Jackson,RB,LAC,1
2021,731686011016421376,168,4,473908924727160832,Rohaan,5026,Tre'Quan,Smith,WR,NO,1
2021,731686011016421376,169,9,622238358105575424,Tommy,24,Matt,Ryan,QB,ATL,1
2021,731686011016421376,170,4,473908924727160832,Rohaan,7601,Rondale,Moore,WR,ARI,1
2022,870121996992839680,1,6,740989628160614400,Alex,6904,Jalen,Hurts,QB,PHI,12
2022,870121996992839680,2,6,740989628160614400,Alex,4034,Christian,McCaffrey,RB,CAR,72
2022,870121996992839680,3,6,740989628160614400,Alex,7607,Michael,Carter,RB,NYJ,3
2022,870121996992839680,4,6,740989628160614400,Alex,2309,Amari,Cooper,WR,CLE,3
2022,870121996992839680,5,6,740989628160614400,Alex,5045,Courtland,Sutton,WR,DEN,17
2022,870121996992839680,6,6,740989628160614400,Alex,8155,Breece,Hall,RB,NYJ,11
2022,870121996992839680,7,6,740989628160614400,Alex,5012,Mark,Andrews,TE,BAL,40
2022,870121996992839680,8,6,740989628160614400,Alex,5001,Dalton,Schultz,TE,DAL,5
2022,870121996992839680,9,6,740989628160614400,Alex,1433,Brandon,McManus,K,DEN,1
2022,870121996992839680,10,6,740989628160614400,Alex,PIT,Pittsburgh,Steelers,DEF,PIT,1
2022,870121996992839680,11,6,740989628160614400,Alex,7543,Travis,Etienne,RB,JAX,19
2022,870121996992839680,12,6,740989628160614400,Alex,1535,Cordarrelle,Patterson,RB,ATL,4
2022,870121996992839680,13,6,740989628160614400,Alex,4950,Christian,Kirk,WR,JAX,2
2022,870121996992839680,14,6,740989628160614400,Alex,7525,DeVonta,Smith,WR,PHI,2
2022,870121996992839680,15,6,740989628160614400,Alex,1352,Robert,Woods,WR,TEN,3
2022,870121996992839680,16,6,740989628160614400,Alex,2374,Tyler,Lockett,WR,SEA,3
2022,870121996992839680,17,6,740989628160614400,Alex,4985,Rashaad,Penny,RB,SEA,2
2022,870121996992839680,18,1,622284153274048512,Aidan,4881,Lamar,Jackson,QB,BAL,13
2022,870121996992839680,19,1,622284153274048512,Aidan,4866,Saquon,Barkley,RB,NYG,37
2022,870121996992839680,20,1,622284153274048512,Aidan,5000,Chase,Edmonds,RB,MIA,5
2022,870121996992839680,21,1,622284153274048512,Aidan,6794,Justin,Jefferson,WR,MIN,64
2022,870121996992839680,22,1,622284153274048512,Aidan,6819,Michael,Pittman,WR,IND,34
2022,870121996992839680,23,1,622284153274048512,Aidan,7553,Kyle,Pitts,TE,ATL,29
2022,870121996992839680,24,1,622284153274048512,Aidan,6828,AJ,Dillon,RB,GB,6
2022,870121996992839680,25,1,622284153274048512,Aidan,6803,Brandon,Aiyuk,WR,SF,3
2022,870121996992839680,26,1,622284153274048512,Aidan,7042,Tyler,Bass,K,BUF,1
2022,870121996992839680,27,1,622284153274048512,Aidan,BUF,Buffalo,Bills,DEF,BUF,1
2022,870121996992839680,28,1,622284153274048512,Aidan,8151,Kenneth,Walker,RB,SEA,1
2022,870121996992839680,29,1,622284153274048512,Aidan,8168,Skyy,Moore,WR,KC,1
2022,870121996992839680,30,1,622284153274048512,Aidan,4149,Jamaal,Williams,RB,DET,1
2022,870121996992839680,31,1,622284153274048512,Aidan,8121,Romeo,Doubs,WR,GB,1
2022,870121996992839680,32,1,622284153274048512,Aidan,8211,Tyrion,Davis-Price,RB,SF,1
2022,870121996992839680,33,1,622284153274048512,Aidan,947,Julio,Jones,WR,TB,1
2022,870121996992839680,34,1,622284153274048512,Aidan,7523,Trevor,Lawrence,QB,JAX,1
2022,870121996992839680,35,2,611688251123699712,Ben,4046,Patrick,Mahomes,QB,KC,13
2022,870121996992839680,36,2,611688251123699712,Ben,3198,Derrick,Henry,RB,TEN,55
2022,870121996992839680,37,2,611688251123699712,Ben,4029,Dalvin,Cook,RB,MIN,54
2022,870121996992839680,38,2,611688251123699712,Ben,1479,Keenan,Allen,WR,LAC,26
2022,870121996992839680,39,2,611688251123699712,Ben,5848,Marquise,Brown,WR,ARI,9
2022,870121996992839680,40,2,611688251123699712,Ben,6945,Antonio,Gibson,RB,WAS,9
2022,870121996992839680,41,2,611688251123699712,Ben,5844,T.J.,Hockenson,TE,DET,2
2022,870121996992839680,42,2,611688251123699712,Ben,1992,Allen,Robinson,WR,LAR,7
2022,870121996992839680,43,2,611688251123699712,Ben,4227,Harrison,Butker,K,KC,2
2022,870121996992839680,44,2,611688251123699712,Ben,DAL,Dallas,Cowboys,DEF,DAL,1
2022,870121996992839680,45,2,611688251123699712,Ben,5850,Josh,Jacobs,RB,LV,9
2022,870121996992839680,46,2,611688251123699712,Ben,1426,DeAndre,Hopkins,WR,ARI,4
2022,870121996992839680,47,2,611688251123699712,Ben,5955,Hunter,Renfrow,WR,LV,4
2022,870121996992839680,48,2,611688251123699712,Ben,8146,Garrett,Wilson,WR,NYJ,1
2022,870121996992839680,49,2,611688251123699712,Ben,7608,Khalil,Herbert,RB,CHI,1
2022,870121996992839680,50,2,611688251123699712,Ben,6886,Chase,Claypool,WR,PIT,2
2022,870121996992839680,51,2,611688251123699712,Ben,8205,Isiah,Pacheco,RB,KC,1
2022,870121996992839680,52,5,622233730559348736,Joe,421,Matthew,Stafford,QB,LAR,1
2022,870121996992839680,53,5,622233730559348736,Joe,4199,Aaron,Jones,RB,GB,37
2022,870121996992839680,54,5,622233730559348736,Joe,6820,Clyde,Edwards-Helaire,RB,KC,10
2022,870121996992839680,55,5,622233730559348736,Joe,4039,Cooper,Kupp,WR,LAR,64
2022,870121996992839680,56,5,622233730559348736,Joe,5937,Diontae,Johnson,WR,PIT,20
2022,870121996992839680,57,5,622233730559348736,Joe,5846,DK,Metcalf,WR,SEA,8
2022,870121996992839680,58,5,622233730559348736,Joe,4040,JuJu,Smith-Schuster,WR,KC,8
2022,870121996992839680,59,5,622233730559348736,Joe,1466,Travis,Kelce,TE,KC,40
2022,870121996992839680,60,5,622233730559348736,Joe,3678,Wil,Lutz,K,NO,1
2022,870121996992839680,61,5,622233730559348736,Joe,DEN,Denver,Broncos,DEF,DEN,1
2022,870121996992839680,62,5,622233730559348736,Joe,6955,James,Robinson,RB,JAX,1
2022,870121996992839680,63,5,622233730559348736,Joe,1689,Adam,Thielen,WR,MIN,4
2022,870121996992839680,64,5,622233730559348736,Joe,5347,Nyheim,Hines,RB,IND,1
2022,870121996992839680,65,5,622233730559348736,Joe,167,Tom,Brady,QB,TB,1
2022,870121996992839680,66,5,622233730559348736,Joe,6951,Eno,Benjamin,RB,ARI,1
2022,870121996992839680,67,5,622233730559348736,Joe,8132,Tyler,Allgeier,RB,ATL,1
2022,870121996992839680,68,5,622233730559348736,Joe,3423,Robbie,Anderson,WR,CAR,1
2022,870121996992839680,69,10,735661741740056576,Ryan,4984,Josh,Allen,QB,BUF,16
2022,870121996992839680,70,10,735661741740056576,Ryan,6790,D'Andre,Swift,RB,DET,44
2022,870121996992839680,71,10,735661741740056576,Ryan,4018,Joe,Mixon,RB,CIN,50
2022,870121996992839680,72,10,735661741740056576,Ryan,6786,CeeDee,Lamb,WR,DAL,34
2022,870121996992839680,73,10,735661741740056576,Ryan,5927,Terry,McLaurin,WR,WAS,21
2022,870121996992839680,74,10,735661741740056576,Ryan,2505,Darren,Waller,TE,LV,15
2022,870121996992839680,75,10,735661741740056576,Ryan,5890,Damien,Harris,RB,NE,2
2022,870121996992839680,76,10,735661741740056576,Ryan,7547,Amon-Ra,St. Brown,WR,DET,8
2022,870121996992839680,77,10,735661741740056576,Ryan,5095,Daniel,Carlson,K,LV,1
2022,870121996992839680,78,10,735661741740056576,Ryan,NO,New Orleans,Saints,DEF,NO,1
2022,870121996992839680,79,10,735661741740056576,Ryan,4098,Kareem,Hunt,RB,CLE,2
2022,870121996992839680,80,10,735661741740056576,Ryan,5947,Jakobi,Meyers,WR,NE,1
2022,870121996992839680,81,10,735661741740056576,Ryan,5110,Russell,Gage,WR,TB,1
2022,870121996992839680,82,10,735661741740056576,Ryan,8117,Jalen,Tolbert,WR,DAL,1
2022,870121996992839680,83,10,735661741740056576,Ryan,2749,Raheem,Mostert,RB,MIA,1
2022,870121996992839680,84,10,735661741740056576,Ryan,6853,Van,Jefferson,WR,LAR,1
2022,870121996992839680,85,10,735661741740056576,Ryan,7569,Nico,Collins,WR,HOU,1
2022,870121996992839680,86,9,622238358105575424,Tommy,5849,Kyler,Murray,QB,ARI,5
2022,870121996992839680,87,9,622238358105575424,Tommy,7528,Najee,Harris,RB,PIT,61
2022,870121996992839680,88,9,622238358105575424,Tommy,6151,Miles,Sanders,RB,PHI,7
2022,870121996992839680,89,9,622238358105575424,Tommy,5872,Deebo,Samuel,WR,SF,54
2022,870121996992839680,90,9,622238358105575424,Tommy,6801,Tee,Higgins,WR,CIN,30
2022,870121996992839680,91,9,622238358105575424,Tommy,7526,Jaylen,Waddle,WR,MIA,11
2022,870121996992839680,92,9,622238358105575424,Tommy,6783,Jerry,Jeudy,WR,DEN,10
2022,870121996992839680,93,9,622238358105575424,Tommy,5022,Dallas,Goedert,TE,PHI,1
2022,870121996992839680,94,9,622238358105575424,Tommy,BAL,Baltimore,Ravens,DEF,BAL,2
2022,870121996992839680,95,9,622238358105575424,Tommy,1264,Justin,Tucker,K,BAL,3
2022,870121996992839680,96,9,622238358105575424,Tommy,5967,Tony,Pollard,RB,DAL,5
2022,870121996992839680,97,9,622238358105575424,Tommy,6130,Devin,Singletary,RB,BUF,3
2022,870121996992839680,98,9,622238358105575424,Tommy,8138,James,Cook,RB,BUF,1
2022,870121996992839680,99,9,622238358105575424,Tommy,7567,Kenneth,Gainwell,RB,PHI,4
2022,870121996992839680,100,9,622238358105575424,Tommy,1234,Russell,Wilson,QB,DEN,1
2022,870121996992839680,101,9,622238358105575424,Tommy,3664,J.D.,McKissic,RB,WAS,1
2022,870121996992839680,102,9,622238358105575424,Tommy,4951,DJ,Chark,WR,DET,1
2022,870121996992839680,103,3,683108507217653760,Jake,6797,Justin,Herbert,QB,LAC,5
2022,870121996992839680,104,3,683108507217653760,Jake,3969,Leonard,Fournette,RB,TB,34
2022,870121996992839680,105,3,683108507217653760,Jake,4137,James,Conner,RB,ARI,33
2022,870121996992839680,106,3,683108507217653760,Jake,7564,Ja'Marr,Chase,WR,CIN,57
2022,870121996992839680,107,3,683108507217653760,Jake,2216,Mike,Evans,WR,TB,39
2022,870121996992839680,108,3,683108507217653760,Jake,5906,Dawson,Knox,TE,BUF,1
2022,870121996992839680,109,3,683108507217653760,Jake,17,Matt,Prater,K,ARI,1
2022,870121996992839680,110,3,683108507217653760,Jake,IND,Indianapolis,Colts,DEF,IND,1
2022,870121996992839680,111,3,683108507217653760,Jake,6943,Gabe,Davis,WR,BUF,11
2022,870121996992839680,112,3,683108507217653760,Jake,7561,Elijah,Mitchell,RB,SF,6
2022,870121996992839680,113,3,683108507217653760,Jake,7571,Rashod,Bateman,WR,BAL,5
2022,870121996992839680,114,3,683108507217653760,Jake,8136,Rachaad,White,RB,TB,1
2022,870121996992839680,115,3,683108507217653760,Jake,2320,Melvin,Gordon,RB,DEN,2
2022,870121996992839680,116,3,683108507217653760,Jake,7606,Kadarius,Toney,WR,NYG,1
2022,870121996992839680,117,3,683108507217653760,Jake,7670,Joshua,Palmer,WR,LAC,1
2022,870121996992839680,118,3,683108507217653760,Jake,4197,Isaiah,McKenzie,WR,BUF,1
2022,870121996992839680,119,3,683108507217653760,Jake,8139,Zamir,White,RB,LV,1
2022,870121996992839680,120,7,621896714877599744,Steven,96,Aaron,Rodgers,QB,GB,5
2022,870121996992839680,121,7,621896714877599744,Steven,4035,Alvin,Kamara,RB,NO,47
2022,870121996992839680,122,7,621896714877599744,Steven,6938,Cam,Akers,RB,LAR,25
2022,870121996992839680,123,7,621896714877599744,Steven,4983,DJ,Moore,WR,CAR,16
2022,870121996992839680,124,7,621896714877599744,Steven,3321,Tyreek,Hill,WR,MIA,35
2022,870121996992839680,125,7,621896714877599744,Steven,4217,George,Kittle,TE,SF,13
2022,870121996992839680,126,7,621896714877599744,Steven,6806,J.K.,Dobbins,RB,BAL,15
2022,870121996992839680,127,7,621896714877599744,Steven,8112,Drake,London,WR,ATL,5
2022,870121996992839680,128,7,621896714877599744,Steven,6083,Matt,Gay,K,LAR,2
2022,870121996992839680,129,7,621896714877599744,Steven,TB,Tampa Bay,Buccaneers,DEF,TB,2
2022,870121996992839680,130,7,621896714877599744,Steven,8137,George,Pickens,WR,PIT,2
2022,870121996992839680,131,7,621896714877599744,Steven,5916,Darrell,Henderson,RB,LAR,3
2022,870121996992839680,132,7,621896714877599744,Steven,5892,David,Montgomery,RB,CHI,17
2022,870121996992839680,133,7,621896714877599744,Steven,7090,Darnell,Mooney,WR,CHI,4
2022,870121996992839680,134,7,621896714877599744,Steven,3199,Michael,Thomas,WR,NO,3
2022,870121996992839680,135,7,621896714877599744,Steven,4037,Chris,Godwin,WR,TB,3
2022,870121996992839680,136,7,621896714877599744,Steven,5987,Alexander,Mattison,RB,MIN,3
2022,870121996992839680,137,8,734157966206455808,Ankit,7610,Trey,Lance,QB,SF,4
2022,870121996992839680,138,8,734157966206455808,Ankit,4663,Austin,Ekeler,RB,LAC,63
2022,870121996992839680,139,8,734157966206455808,Ankit,3164,Ezekiel,Elliott,RB,DAL,26
2022,870121996992839680,140,8,734157966206455808,Ankit,4068,Mike,Williams,WR,LAC,26
2022,870121996992839680,141,8,734157966206455808,Ankit,5859,A.J.,Brown,WR,PHI,17
2022,870121996992839680,142,8,734157966206455808,Ankit,7588,Javonte,Williams,RB,DEN,32
2022,870121996992839680,143,8,734157966206455808,Ankit,2197,Brandin,Cooks,WR,HOU,9
2022,870121996992839680,144,8,734157966206455808,Ankit,6826,Cole,Kmet,TE,CHI,1
2022,870121996992839680,145,8,734157966206455808,Ankit,GB,Green Bay,Packers,DEF,GB,1
2022,870121996992839680,146,8,734157966206455808,Ankit,4195,Jake,Elliott,K,PHI,1
2022,870121996992839680,147,8,734157966206455808,Ankit,8129,Dameon,Pierce,RB,HOU,7
2022,870121996992839680,148,8,734157966206455808,Ankit,5185,Allen,Lazard,WR,GB,5
2022,870121996992839680,149,8,734157966206455808,Ankit,7596,Elijah,Moore,WR,NYJ,2
2022,870121996992839680,150,8,734157966206455808,Ankit,8144,Chris,Olave,WR,NO,1
2022,870121996992839680,151,8,734157966206455808,Ankit,7611,Rhamondre,Stevenson,RB,NE,3
2022,870121996992839680,152,8,734157966206455808,Ankit,8135,Treylon,Burks,WR,TEN,1
2022,870121996992839680,153,8,734157966206455808,Ankit,5086,Marquez,Valdes-Scantling,WR,KC,1
2022,870121996992839680,154,4,473908924727160832,Rohaan,3294,Dak,Prescott,QB,DAL,1
2022,870121996992839680,155,4,473908924727160832,Rohaan,6813,Jonathan,Taylor,RB,IND,73
2022,870121996992839680,156,4,473908924727160832,Rohaan,4988,Nick,Chubb,RB,CLE,23
2022,870121996992839680,157,4,473908924727160832,Rohaan,2133,Davante,Adams,WR,LV,42
2022,870121996992839680,158,4,473908924727160832,Rohaan,2449,Stefon,Diggs,WR,BUF,45
2022,870121996992839680,159,4,473908924727160832,Rohaan,1339,Zach,Ertz,TE,ARI,1
2022,870121996992839680,160,4,473908924727160832,Rohaan,3225,Tyler,Boyd,WR,CIN,1
2022,870121996992839680,161,4,473908924727160832,Rohaan,8119,Jahan,Dotson,WR,WAS,1
2022,870121996992839680,162,4,473908924727160832,Rohaan,7839,Evan,McPherson,K,CIN,3
2022,870121996992839680,163,4,473908924727160832,Rohaan,SF,San Francisco,49ers,DEF,SF,3
2022,870121996992839680,164,4,473908924727160832,Rohaan,1825,Jarvis,Landry,WR,NO,1
2022,870121996992839680,165,4,473908924727160832,Rohaan,1067,Marvin,Jones,WR,JAX,1
2022,870121996992839680,166,4,473908924727160832,Rohaan,7600,Pat,Freiermuth,TE,PIT,1
2022,870121996992839680,167,4,473908924727160832,Rohaan,2319,DeVante,Parker,WR,NE,1
2022,870121996992839680,168,4,473908924727160832,Rohaan,2161,Jerick,McKinnon,RB,KC,1
2022,870121996992839680,169,4,473908924727160832,Rohaan,8153,Isaiah,Spiller,RB,LAC,1
2022,870121996992839680,170,4,473908924727160832,Rohaan,8126,Wan'Dale,Robinson,WR,NYG,1
2023,995809919691444225,1,7,621896714877599744,Steven,96,Aaron,Rodgers,QB,NYJ,21
2023,995809919691444225,2,5,622233730559348736,Joe,4046,Patrick,Mahomes,QB,KC,65
2023,995809919691444225,3,4,473908924727160832,Rohaan,SF,San Francisco,49ers,DEF,SF,2
2023,995809919691444225,4,6,740989628160614400,Alex,6904,Jalen,Hurts,QB,PHI,58
2023,995809919691444225,5,3,683108507217653760,Jake,NO,New Orleans,Saints,DEF,NO,1
2023,995809919691444225,6,7,621896714877599744,Steven,DAL,Dallas,Cowboys,DEF,DAL,2
2023,995809919691444225,7,8,734157966206455808,Ankit,7591,Justin,Fields,QB,CHI,39
2023,995809919691444225,8,10,735661741740056576,Ryan,6770,Joe,Burrow,QB,CIN,52
2023,995809919691444225,9,1,622284153274048512,Aidan,BAL,Baltimore,Ravens,DEF,BAL,1
2023,995809919691444225,10,2,611688251123699712,Ben,WAS,Washington,Commanders,DEF,WAS,1
2023,995809919691444225,11,3,683108507217653760,Jake,7526,Jaylen,Waddle,WR,MIA,23
2023,995809919691444225,12,7,621896714877599744,Steven,421,Matthew,Stafford,QB,LAR,5
2023,995809919691444225,13,6,740989628160614400,Alex,4984,Josh,Allen,QB,BUF,65
2023,995809919691444225,14,9,,Tommy,CLE,Cleveland,Browns,DEF,CLE,1
2023,995809919691444225,15,3,683108507217653760,Jake,8155,Breece,Hall,RB,NYJ,15
2023,995809919691444225,16,5,622233730559348736,Joe,PIT,Pittsburgh,Steelers,DEF,PIT,1
2023,995809919691444225,17,6,740989628160614400,Alex,MIN,Minnesota,Vikings,DEF,MIN,1
2023,995809919691444225,18,2,611688251123699712,Ben,4039,Cooper,Kupp,WR,LAR,49
2023,995809919691444225,19,2,611688251123699712,Ben,4881,Lamar,Jackson,QB,BAL,55
2023,995809919691444225,20,8,734157966206455808,Ankit,1479,Keenan,Allen,WR,LAC,17
2023,995809919691444225,21,7,621896714877599744,Steven,6801,Tee,Higgins,WR,CIN,19
2023,995809919691444225,22,7,621896714877599744,Steven,5095,Daniel,Carlson,K,LV,1
2023,995809919691444225,23,10,735661741740056576,Ryan,BUF,Buffalo,Bills,DEF,BUF,1
2023,995809919691444225,24,9,,Tommy,6797,Justin,Herbert,QB,LAC,46
2023,995809919691444225,25,8,734157966206455808,Ankit,1264,Justin,Tucker,K,BAL,4
2023,995809919691444225,26,4,473908924727160832,Rohaan,8112,Drake,London,WR,ATL,10
2023,995809919691444225,27,10,735661741740056576,Ryan,3321,Tyreek,Hill,WR,MIA,42
2023,995809919691444225,28,4,473908924727160832,Rohaan,7839,Evan,McPherson,K,CIN,1
2023,995809919691444225,29,9,,Tommy,7523,Trevor,Lawrence,QB,JAX,42
2023,995809919691444225,30,9,,Tommy,5967,Tony,Pollard,RB,DAL,36
2023,995809919691444225,31,4,473908924727160832,Rohaan,5859,A.J.,Brown,WR,PHI,35
2023,995809919691444225,32,8,734157966206455808,Ankit,4017,Deshaun,Watson,QB,CLE,31
2023,995809919691444225,33,10,735661741740056576,Ryan,4227,Harrison,Butker,K,KC,1
2023,995809919691444225,34,9,,Tommy,4666,Younghoe,Koo,K,ATL,1
2023,995809919691444225,35,3,683108507217653760,Jake,7042,Tyler,Bass,K,BUF,1
2023,995809919691444225,36,4,473908924727160832,Rohaan,5872,Deebo,Samuel,WR,SF,15
2023,995809919691444225,37,6,740989628160614400,Alex,4195,Jake,Elliott,K,PHI,1
2023,995809919691444225,38,4,473908924727160832,Rohaan,6794,Justin,Jefferson,WR,MIN,67
2023,995809919691444225,39,1,622284153274048512,Aidan,9509,Bijan,Robinson,RB,ATL,40
2023,995809919691444225,40,2,611688251123699712,Ben,1266,Greg,Zuerlein,K,NYJ,1
2023,995809919691444225,41,1,622284153274048512,Aidan,4988,Nick,Chubb,RB,CLE,39
2023,995809919691444225,42,1,622284153274048512,Aidan,4035,Alvin,Kamara,RB,NO,14
2023,995809919691444225,43,3,683108507217653760,Jake,4663,Austin,Ekeler,RB,LAC,53
2023,995809919691444225,44,9,,Tommy,8144,Chris,Olave,WR,NO,27
2023,995809919691444225,45,7,621896714877599744,Steven,4034,Christian,McCaffrey,RB,SF,58
2023,995809919691444225,46,7,621896714877599744,Steven,5927,Terry,McLaurin,WR,WAS,6
2023,995809919691444225,47,3,683108507217653760,Jake,1373,Geno,Smith,QB,SEA,15
2023,995809919691444225,48,1,622284153274048512,Aidan,7564,Ja'Marr,Chase,WR,CIN,52
2023,995809919691444225,49,4,473908924727160832,Rohaan,9229,Anthony,Richardson,QB,IND,18
2023,995809919691444225,50,3,683108507217653760,Jake,6768,Tua,Tagovailoa,QB,MIA,19
2023,995809919691444225,51,3,683108507217653760,Jake,6786,CeeDee,Lamb,WR,DAL,33
2023,995809919691444225,52,2,611688251123699712,Ben,5870,Daniel,Jones,QB,NYG,23
2023,995809919691444225,53,5,622233730559348736,Joe,4866,Saquon,Barkley,RB,NYG,38
2023,995809919691444225,54,4,473908924727160832,Rohaan,7608,Khalil,Herbert,RB,CHI,6
2023,995809919691444225,55,6,740989628160614400,Alex,2449,Stefon,Diggs,WR,BUF,35
2023,995809919691444225,56,8,734157966206455808,Ankit,4983,DJ,Moore,WR,CHI,10
2023,995809919691444225,57,10,735661741740056576,Ryan,1466,Travis,Kelce,TE,KC,45
2023,995809919691444225,58,7,621896714877599744,Steven,2133,Davante,Adams,WR,LV,33
2023,995809919691444225,59,1,622284153274048512,Aidan,7525,DeVonta,Smith,WR,PHI,15
2023,995809919691444225,60,4,473908924727160832,Rohaan,1166,Kirk,Cousins,QB,MIN,22
2023,995809919691444225,61,9,,Tommy,6813,Jonathan,Taylor,RB,IND,18
2023,995809919691444225,62,9,,Tommy,5987,Alexander,Mattison,RB,MIN,20
2023,995809919691444225,63,7,621896714877599744,Steven,3294,Dak,Prescott,QB,DAL,24
2023,995809919691444225,64,8,734157966206455808,Ankit,9997,Zay,Flowers,WR,BAL,6
2023,995809919691444225,65,1,622284153274048512,Aidan,6804,Jordan,Love,QB,GB,3
2023,995809919691444225,66,7,621896714877599744,Steven,6783,Jerry,Jeudy,WR,DEN,3
2023,995809919691444225,67,2,611688251123699712,Ben,5850,Josh,Jacobs,RB,LV,32
2023,995809919691444225,68,5,622233730559348736,Joe,8146,Garrett,Wilson,WR,NYJ,27
2023,995809919691444225,69,1,622284153274048512,Aidan,1426,DeAndre,Hopkins,WR,TEN,7
2023,995809919691444225,70,10,735661741740056576,Ryan,3198,Derrick,Henry,RB,TEN,38
2023,995809919691444225,71,7,621896714877599744,Steven,7543,Travis,Etienne,RB,JAX,20
2023,995809919691444225,72,8,734157966206455808,Ankit,5012,Mark,Andrews,TE,BAL,26
2023,995809919691444225,73,5,622233730559348736,Joe,7547,Amon-Ra,St. Brown,WR,DET,30
2023,995809919691444225,74,4,473908924727160832,Rohaan,8168,Skyy,Moore,WR,KC,2
2023,995809919691444225,75,4,473908924727160832,Rohaan,7611,Rhamondre,Stevenson,RB,NE,16
2023,995809919691444225,76,3,683108507217653760,Jake,6938,Cam,Akers,RB,LAR,7
2023,995809919691444225,77,6,740989628160614400,Alex,5846,DK,Metcalf,WR,SEA,14
2023,995809919691444225,78,1,622284153274048512,Aidan,5849,Kyler,Murray,QB,ARI,5
2023,995809919691444225,79,1,622284153274048512,Aidan,3163,Jared,Goff,QB,DET,10
2023,995809919691444225,80,8,734157966206455808,Ankit,4199,Aaron,Jones,RB,GB,21
2023,995809919691444225,81,5,622233730559348736,Joe,7528,Najee,Harris,RB,PIT,10
2023,995809919691444225,82,6,740989628160614400,Alex,6806,J.K.,Dobbins,RB,BAL,7
2023,995809919691444225,83,10,735661741740056576,Ryan,1234,Russell,Wilson,QB,DEN,7
2023,995809919691444225,84,6,740989628160614400,Alex,4066,Evan,Engram,TE,JAX,2
2023,995809919691444225,85,5,622233730559348736,Joe,8167,Christian,Watson,WR,GB,4
2023,995809919691444225,86,5,622233730559348736,Joe,2028,Derek,Carr,QB,NO,3
2023,995809919691444225,87,8,734157966206455808,Ankit,4018,Joe,Mixon,RB,CIN,21
2023,995809919691444225,88,4,473908924727160832,Rohaan,4111,D'Onta,Foreman,RB,CHI,1
2023,995809919691444225,89,2,611688251123699712,Ben,2505,Darren,Waller,TE,NYG,8
2023,995809919691444225,90,3,683108507217653760,Jake,5844,T.J.,Hockenson,TE,MIN,8
2023,995809919691444225,91,2,611688251123699712,Ben,8151,Kenneth,Walker,RB,SEA,8
2023,995809919691444225,92,5,622233730559348736,Joe,4029,Dalvin,Cook,RB,NYJ,2
2023,995809919691444225,93,3,683108507217653760,Jake,9221,Jahmyr,Gibbs,RB,DET,12
2023,995809919691444225,94,9,,Tommy,8121,Romeo,Doubs,WR,GB,1
2023,995809919691444225,95,6,740989628160614400,Alex,6790,D'Andre,Swift,RB,PHI,3
2023,995809919691444225,96,6,740989628160614400,Alex,7553,Kyle,Pitts,TE,ATL,2
2023,995809919691444225,97,10,735661741740056576,Ryan,8160,Kenny,Pickett,QB,PIT,2
2023,995809919691444225,98,4,473908924727160832,Rohaan,4033,David,Njoku,TE,CLE,1
2023,995809919691444225,99,5,622233730559348736,Joe,4217,George,Kittle,TE,SF,4
2023,995809919691444225,100,7,621896714877599744,Steven,2216,Mike,Evans,WR,TB,2
2023,995809919691444225,101,6,740989628160614400,Alex,8129,Dameon,Pierce,RB,HOU,6
2023,995809919691444225,102,7,621896714877599744,Steven,3199,Michael,Thomas,WR,NO,1
2023,995809919691444225,103,2,611688251123699712,Ben,8136,Rachaad,White,RB,TB,5
2023,995809919691444225,104,9,,Tommy,2161,Jerick,McKinnon,RB,KC,1
2023,995809919691444225,105,8,734157966206455808,Ankit,8183,Brock,Purdy,QB,SF,2
2023,995809919691444225,106,5,622233730559348736,Joe,1049,Ryan,Tannehill,QB,TEN,1
2023,995809919691444225,107,2,611688251123699712,Ben,9228,Bryce,Young,QB,CAR,2
2023,995809919691444225,108,4,473908924727160832,Rohaan,1837,Jimmy,Garoppolo,QB,LV,1
2023,995809919691444225,109,1,622284153274048512,Aidan,5022,Dallas,Goedert,TE,PHI,2
2023,995809919691444225,110,8,734157966206455808,Ankit,2309,Amari,Cooper,WR,CLE,8
2023,995809919691444225,111,5,622233730559348736,Joe,6803,Brandon,Aiyuk,WR,SF,4
2023,995809919691444225,112,7,621896714877599744,Steven,7600,Pat,Freiermuth,TE,PIT,1
2023,995809919691444225,113,1,622284153274048512,Aidan,5045,Courtland,Sutton,WR,DEN,2
2023,995809919691444225,114,2,611688251123699712,Ben,4950,Christian,Kirk,WR,JAX,2
2023,995809919691444225,115,3,683108507217653760,Jake,9758,C.J.,Stroud,QB,HOU,1
2023,995809919691444225,116,10,735661741740056576,Ryan,5892,David,Montgomery,RB,DET,2
2023,995809919691444225,117,5,622233730559348736,Joe,6151,Miles,Sanders,RB,CAR,3
2023,995809919691444225,118,4,473908924727160832,Rohaan,3164,Ezekiel,Elliott,RB,NE,1
2023,995809919691444225,119,8,734157966206455808,Ankit,4981,Calvin,Ridley,WR,JAX,8
2023,995809919691444225,120,2,611688251123699712,Ben,4068,Mike,Williams,WR,LAC,4
2023,995809919691444225,121,8,734157966206455808,Ankit,PHI,Philadelphia,Eagles,DEF,PHI,1
2023,995809919691444225,122,3,683108507217653760,Jake,8205,Isiah,Pacheco,RB,KC,2
2023,995809919691444225,123,10,735661741740056576,Ryan,4137,James,Conner,RB,ARI,2
2023,995809919691444225,124,8,734157966206455808,Ankit,8119,Jahan,Dotson,WR,WAS,2
2023,995809919691444225,125,3,683108507217653760,Jake,8137,George,Pickens,WR,PIT,4
2023,995809919691444225,126,5,622233730559348736,Joe,7588,Javonte,Williams,RB,DEN,2
2023,995809919691444225,127,1,622284153274048512,Aidan,4147,Samaje,Perine,RB,DEN,2
2023,995809919691444225,128,2,611688251123699712,Ben,4037,Chris,Godwin,WR,TB,2
2023,995809919691444225,129,1,622284153274048512,Aidan,2374,Tyler,Lockett,WR,SEA,4
2023,995809919691444225,130,2,611688251123699712,Ben,2078,Odell,Beckham,WR,BAL,2
2023,995809919691444225,131,8,734157966206455808,Ankit,5848,Marquise,Brown,WR,ARI,1
2023,995809919691444225,132,3,683108507217653760,Jake,8138,James,Cook,RB,BUF,4
2023,995809919691444225,133,5,622233730559348736,Joe,5937,Diontae,Johnson,WR,PIT,3
2023,995809919691444225,134,2,611688251123699712,Ben,6819,Michael,Pittman,WR,IND,3
2023,995809919691444225,135,2,611688251123699712,Ben,9488,Jaxon,Smith-Njigba,WR,SEA,2
2023,995809919691444225,136,5,622233730559348736,Joe,4149,Jamaal,Williams,RB,NO,2
2023,995809919691444225,137,10,735661741740056576,Ryan,9756,Jordan,Addison,WR,MIN,2
2023,995809919691444225,138,4,473908924727160832,Rohaan,6943,Gabe,Davis,WR,BUF,1
2023,995809919691444225,139,1,622284153274048512,Aidan,4985,Rashaad,Penny,RB,PHI,2
2023,995809919691444225,140,2,611688251123699712,Ben,7561,Elijah,Mitchell,RB,SF,1
2023,995809919691444225,141,8,734157966206455808,Ankit,9753,Zach,Charbonnet,RB,SEA,2
2023,995809919691444225,142,7,621896714877599744,Steven,6828,AJ,Dillon,RB,GB,1
2023,995809919691444225,143,10,735661741740056576,Ryan,2197,Brandin,Cooks,WR,DAL,1
2023,995809919691444225,144,7,621896714877599744,Steven,8154,Brian,Robinson,RB,WAS,2
2023,995809919691444225,145,3,683108507217653760,Jake,8135,Treylon,Burks,WR,TEN,1
2023,995809919691444225,146,5,622233730559348736,Joe,650,Nick,Folk,K,NE,1
2023,995809919691444225,147,6,740989628160614400,Alex,9505,Deuce,Vaughn,RB,DAL,1
2023,995809919691444225,148,4,473908924727160832,Rohaan,5185,Allen,Lazard,WR,NYJ,1
2023,995809919691444225,149,1,622284153274048512,Aidan,8132,Tyler,Allgeier,RB,ATL,1
2023,995809919691444225,150,8,734157966206455808,Ankit,9225,Tank,Bigsby,RB,JAX,1
2023,995809919691444225,151,7,621896714877599744,Steven,7606,Kadarius,Toney,WR,KC,1
2023,995809919691444225,152,10,735661741740056576,Ryan,4040,JuJu,Smith-Schuster,WR,NE,1
2023,995809919691444225,153,9,,Tommy,6945,Antonio,Gibson,RB,WAS,1
2023,995809919691444225,154,3,683108507217653760,Jake,9754,Quentin,Johnston,WR,LAC,1
2023,995809919691444225,155,6,740989628160614400,Alex,7596,Elijah,Moore,WR,CLE,1
2023,995809919691444225,156,1,622284153274048512,Aidan,503,Graham,Gano,K,NYG,1
2023,995809919691444225,157,10,735661741740056576,Ryan,7571,Rashod,Bateman,WR,BAL,1
2023,995809919691444225,158,9,,Tommy,5038,Michael,Gallup,WR,DAL,1
2023,995809919691444225,159,6,740989628160614400,Alex,7527,Mac,Jones,QB,NE,1
2023,995809919691444225,160,10,735661741740056576,Ryan,1689,Adam,Thielen,WR,CAR,1
2023,995809919691444225,161,9,,Tommy,4892,Baker,Mayfield,QB,TB,1
2023,995809919691444225,162,6,740989628160614400,Alex,5284,Jeff,Wilson,RB,MIA,1
2023,995809919691444225,163,10,735661741740056576,Ryan,10225,Jonathan,Mingo,WR,CAR,1
2023,995809919691444225,164,9,,Tommy,7551,Deon,Jackson,RB,IND,1
2023,995809919691444225,165,6,740989628160614400,Alex,4080,Zay,Jones,WR,JAX,1
2023,995809919691444225,166,10,735661741740056576,Ryan,2749,Raheem,Mostert,RB,MIA,1
2023,995809919691444225,167,9,,Tommy,6826,Cole,Kmet,TE,CHI,1
2023,995809919691444225,168,6,740989628160614400,Alex,8228,Jaylen,Warren,RB,PIT,1
2023,995809919691444225,169,9,,Tommy,5086,Marquez,Valdes-Scantling,WR,KC,1
2023,995809919691444225,170,9,,Tommy,6886,Chase,Claypool,WR,CHI,1
2024,1126270721782575105,1,6,740989628160614400,Alex,4046,Patrick,Mahomes,QB,KC,55
2024,1126270721782575105,2,8,734157966206455808,Ankit,1264,Justin,Tucker,K,BAL,3
2024,1126270721782575105,3,6,740989628160614400,Alex,8130,Trey,McBride,TE,ARI,16
2024,1126270721782575105,4,7,621896714877599744,Steven,4227,Harrison,Butker,K,KC,2
2024,1126270721782575105,5,7,621896714877599744,Steven,4034,Christian,McCaffrey,RB,SF,60
2024,1126270721782575105,6,3,683108507217653760,Jake,7547,Amon-Ra,St. Brown,WR,DET,52
2024,1126270721782575105,7,10,735661741740056576,Ryan,8155,Breece,Hall,RB,NYJ,57
2024,1126270721782575105,8,5,622233730559348736,Joe,4881,Lamar,Jackson,QB,BAL,60
2024,1126270721782575105,9,6,740989628160614400,Alex,5850,Josh,Jacobs,RB,GB,25
2024,1126270721782575105,10,9,893989602594234368,Christian,4984,Josh,Allen,QB,BUF,62
2024,1126270721782575105,11,10,735661741740056576,Ryan,9758,C.J.,Stroud,QB,HOU,47
2024,1126270721782575105,12,2,611688251123699712,Ben,8408,Jordan,Mason,RB,SF,5
2024,1126270721782575105,13,7,621896714877599744,Steven,1110,T.Y.,Hilton,WR,,1
2024,1126270721782575105,14,9,893989602594234368,Christian,11533,Brandon,Aubrey,K,DAL,3
2024,1126270721782575105,15,2,611688251123699712,Ben,6794,Justin,Jefferson,WR,MIN,53
2024,1126270721782575105,16,2,611688251123699712,Ben,7564,Ja'Marr,Chase,WR,CIN,53
2024,1126270721782575105,17,9,893989602594234368,Christian,6904,Jalen,Hurts,QB,PHI,56
2024,1126270721782575105,18,1,622284153274048512,Aidan,9509,Bijan,Robinson,RB,ATL,50
2024,1126270721782575105,19,3,683108507217653760,Jake,6786,CeeDee,Lamb,WR,DAL,66
2024,1126270721782575105,20,1,622284153274048512,Aidan,9229,Anthony,Richardson,QB,IND,35
2024,1126270721782575105,21,4,473908924727160832,Rohaan,3321,Tyreek,Hill,WR,MIA,60
2024,1126270721782575105,22,4,473908924727160832,Rohaan,7528,Najee,Harris,RB,PIT,9
2024,1126270721782575105,23,6,740989628160614400,Alex,4037,Chris,Godwin,WR,TB,11
2024,1126270721782575105,24,10,735661741740056576,Ryan,7839,Evan,McPherson,K,CIN,1
2024,1126270721782575105,25,7,621896714877599744,Steven,2449,Stefon,Diggs,WR,HOU,19
2024,1126270721782575105,26,8,734157966206455808,Ankit,10229,Rashee,Rice,WR,KC,22
2024,1126270721782575105,27,5,622233730559348736,Joe,10859,Sam,LaPorta,TE,DET,19
2024,1126270721782575105,28,1,622284153274048512,Aidan,9221,Jahmyr,Gibbs,RB,DET,34
2024,1126270721782575105,29,4,473908924727160832,Rohaan,5859,A.J.,Brown,WR,PHI,47
2024,1126270721782575105,30,8,734157966206455808,Ankit,5849,Kyler,Murray,QB,ARI,37
2024,1126270721782575105,31,7,621896714877599744,Steven,3198,Derrick,Henry,RB,BAL,27
2024,1126270721782575105,32,10,735661741740056576,Ryan,1466,Travis,Kelce,TE,KC,28
2024,1126270721782575105,33,6,740989628160614400,Alex,9493,Puka,Nacua,WR,LAR,36
2024,1126270721782575105,34,10,735661741740056576,Ryan,CIN,Cincinnati,Bengals,DEF,CIN,1
2024,1126270721782575105,35,1,622284153274048512,Aidan,11560,Caleb,Williams,QB,CHI,15
2024,1126270721782575105,36,6,740989628160614400,Alex,8259,Cameron,Dicker,K,LAC,1
2024,1126270721782575105,37,3,683108507217653760,Jake,8146,Garrett,Wilson,WR,NYJ,44
2024,1126270721782575105,38,1,622284153274048512,Aidan,2216,Mike,Evans,WR,TB,25
2024,1126270721782575105,39,2,611688251123699712,Ben,4866,Saquon,Barkley,RB,PHI,41
2024,1126270721782575105,40,5,622233730559348736,Joe,5872,Deebo,Samuel,WR,SF,21
2024,1126270721782575105,41,5,622233730559348736,Joe,8150,Kyren,Williams,RB,LAR,33
2024,1126270721782575105,42,5,622233730559348736,Joe,1266,Greg,Zuerlein,K,NYJ,1
2024,1126270721782575105,43,7,621896714877599744,Steven,NYJ,New York,Jets,DEF,NYJ,3
2024,1126270721782575105,44,7,621896714877599744,Steven,6770,Joe,Burrow,QB,CIN,28
2024,1126270721782575105,45,7,621896714877599744,Steven,96,Aaron,Rodgers,QB,NYJ,10
2024,1126270721782575105,46,4,473908924727160832,Rohaan,11632,Malik,Nabers,WR,NYG,18
2024,1126270721782575105,47,10,735661741740056576,Ryan,11628,Marvin,Harrison,WR,ARI,25
2024,1126270721782575105,48,7,621896714877599744,Steven,6819,Michael,Pittman,WR,IND,19
2024,1126270721782575105,49,6,740989628160614400,Alex,8112,Drake,London,WR,ATL,21
2024,1126270721782575105,50,6,740989628160614400,Alex,9226,De'Von,Achane,RB,MIA,16
2024,1126270721782575105,51,5,622233730559348736,Joe,8205,Isiah,Pacheco,RB,KC,23
2024,1126270721782575105,52,5,622233730559348736,Joe,PIT,Pittsburgh,Steelers,DEF,PIT,1
2024,1126270721782575105,53,4,473908924727160832,Rohaan,3294,Dak,Prescott,QB,DAL,22
2024,1126270721782575105,54,5,622233730559348736,Joe,6804,Jordan,Love,QB,GB,25
2024,1126270721782575105,55,9,893989602594234368,Christian,7526,Jaylen,Waddle,WR,MIA,14
2024,1126270721782575105,56,6,740989628160614400,Alex,DAL,Dallas,Cowboys,DEF,DAL,1
2024,1126270721782575105,57,4,473908924727160832,Rohaan,4195,Jake,Elliott,K,PHI,1
2024,1126270721782575105,58,9,893989602594234368,Christian,SF,San Francisco,49ers,DEF,SF,3
2024,1126270721782575105,59,10,735661741740056576,Ryan,8144,Chris,Olave,WR,NO,16
2024,1126270721782575105,60,8,734157966206455808,Ankit,5846,DK,Metcalf,WR,SEA,18
2024,1126270721782575105,61,9,893989602594234368,Christian,7569,Nico,Collins,WR,HOU,13
2024,1126270721782575105,62,8,734157966206455808,Ankit,6813,Jonathan,Taylor,RB,IND,25
2024,1126270721782575105,63,8,734157966206455808,Ankit,2133,Davante,Adams,WR,LV,18
2024,1126270721782575105,64,3,683108507217653760,Jake,7543,Travis,Etienne,RB,JAX,25
2024,1126270721782575105,65,3,683108507217653760,Jake,MIN,Minnesota,Vikings,DEF,MIN,1
2024,1126270721782575105,66,7,621896714877599744,Steven,10236,Dalton,Kincaid,TE,BUF,11
2024,1126270721782575105,67,4,473908924727160832,Rohaan,BAL,Baltimore,Ravens,DEF,BAL,2
2024,1126270721782575105,68,2,611688251123699712,Ben,4066,Evan,Engram,TE,JAX,7
2024,1126270721782575105,69,4,473908924727160832,Rohaan,8183,Brock,Purdy,QB,SF,12
2024,1126270721782575105,70,4,473908924727160832,Rohaan,5892,David,Montgomery,RB,DET,10
2024,1126270721782575105,71,9,893989602594234368,Christian,4018,Joe,Mixon,RB,HOU,13
2024,1126270721782575105,72,10,735661741740056576,Ryan,6797,Justin,Herbert,QB,LAC,11
2024,1126270721782575105,73,8,734157966206455808,Ankit,8136,Rachaad,White,RB,TB,14
2024,1126270721782575105,74,2,611688251123699712,Ben,6768,Tua,Tagovailoa,QB,MIA,9
2024,1126270721782575105,75,4,473908924727160832,Rohaan,4943,Sam,Darnold,QB,MIN,2
2024,1126270721782575105,76,7,621896714877599744,Steven,8151,Kenneth,Walker,RB,SEA,13
2024,1126270721782575105,77,4,473908924727160832,Rohaan,4217,George,Kittle,TE,SF,7
2024,1126270721782575105,78,1,622284153274048512,Aidan,5012,Mark,Andrews,TE,BAL,14
2024,1126270721782575105,79,9,893989602594234368,Christian,8138,James,Cook,RB,BUF,12
2024,1126270721782575105,80,1,622284153274048512,Aidan,6803,Brandon,Aiyuk,WR,SF,8
2024,1126270721782575105,81,6,740989628160614400,Alex,3163,Jared,Goff,QB,DET,6
2024,1126270721782575105,82,9,893989602594234368,Christian,4950,Christian,Kirk,WR,JAX,4
2024,1126270721782575105,83,8,734157966206455808,Ankit,4199,Aaron,Jones,RB,MIN,6
2024,1126270721782575105,84,2,611688251123699712,Ben,7523,Trevor,Lawrence,QB,JAX,4
2024,1126270721782575105,85,3,683108507217653760,Jake,11563,Bo,Nix,QB,DEN,1
2024,1126270721782575105,86,8,734157966206455808,Ankit,4039,Cooper,Kupp,WR,LAR,19
2024,1126270721782575105,87,4,473908924727160832,Rohaan,NO,New Orleans,Saints,DEF,NO,1
2024,1126270721782575105,88,8,734157966206455808,Ankit,CLE,Cleveland,Browns,DEF,CLE,2
2024,1126270721782575105,89,2,611688251123699712,Ben,CHI,Chicago,Bears,DEF,CHI,1
2024,1126270721782575105,90,2,611688251123699712,Ben,4137,James,Conner,RB,ARI,7
2024,1126270721782575105,91,10,735661741740056576,Ryan,7611,Rhamondre,Stevenson,RB,NE,5
2024,1126270721782575105,92,5,622233730559348736,Joe,8121,Romeo,Doubs,WR,GB,1
2024,1126270721782575105,93,8,734157966206455808,Ankit,11631,Brian,Thomas,WR,JAX,3
2024,1126270721782575105,94,2,611688251123699712,Ben,4035,Alvin,Kamara,RB,NO,9
2024,1126270721782575105,95,5,622233730559348736,Joe,9502,Tank,Dell,WR,HOU,6
2024,1126270721782575105,96,9,893989602594234368,Christian,4983,DJ,Moore,WR,CHI,6
2024,1126270721782575105,97,4,473908924727160832,Rohaan,5107,Jaylen,Samuels,RB,,1
2024,1126270721782575105,98,6,740989628160614400,Alex,10222,Jayden,Reed,WR,GB,5
2024,1126270721782575105,99,1,622284153274048512,Aidan,9997,Zay,Flowers,WR,BAL,5
2024,1126270721782575105,100,4,473908924727160832,Rohaan,2749,Raheem,Mostert,RB,MIA,4
2024,1126270721782575105,101,8,734157966206455808,Ankit,11566,Jayden,Daniels,QB,WAS,5
2024,1126270721782575105,102,2,611688251123699712,Ben,2309,Amari,Cooper,WR,CLE,4
2024,1126270721782575105,103,7,621896714877599744,Steven,1479,Keenan,Allen,WR,CHI,2
2024,1126270721782575105,104,8,734157966206455808,Ankit,5927,Terry,McLaurin,WR,WAS,4
2024,1126270721782575105,105,8,734157966206455808,Ankit,4033,David,Njoku,TE,CLE,2
2024,1126270721782575105,106,5,622233730559348736,Joe,7525,DeVonta,Smith,WR,PHI,4
2024,1126270721782575105,107,9,893989602594234368,Christian,8228,Jaylen,Warren,RB,PIT,2
2024,1126270721782575105,108,8,734157966206455808,Ankit,421,Matthew,Stafford,QB,LAR,3
2024,1126270721782575105,109,10,735661741740056576,Ryan,5848,Hollywood,Brown,WR,KC,2
2024,1126270721782575105,110,9,893989602594234368,Christian,5967,Tony,Pollard,RB,TEN,3
2024,1126270721782575105,111,8,734157966206455808,Ankit,6790,D'Andre,Swift,RB,CHI,5
2024,1126270721782575105,112,1,622284153274048512,Aidan,8154,Brian,Robinson,RB,WAS,2
2024,1126270721782575105,113,6,740989628160614400,Alex,11624,Xavier,Worthy,WR,KC,2
2024,1126270721782575105,114,8,734157966206455808,Ankit,4981,Calvin,Ridley,WR,TEN,3
2024,1126270721782575105,115,9,893989602594234368,Christian,7553,Kyle,Pitts,TE,ATL,2
2024,1126270721782575105,116,1,622284153274048512,Aidan,6801,Tee,Higgins,WR,CIN,2
2024,1126270721782575105,117,4,473908924727160832,Rohaan,5844,T.J.,Hockenson,TE,MIN,1
2024,1126270721782575105,118,1,622284153274048512,Aidan,11620,Rome,Odunze,WR,CHI,2
2024,1126270721782575105,119,2,611688251123699712,Ben,11635,Ladd,McConkey,WR,LAC,1
2024,1126270721782575105,120,4,473908924727160832,Rohaan,8139,Zamir,White,RB,LV,2
2024,1126270721782575105,121,5,622233730559348736,Joe,11583,Jonathon,Brooks,RB,CAR,1
2024,1126270721782575105,122,7,621896714877599744,Steven,5937,Diontae,Johnson,WR,CAR,1
2024,1126270721782575105,123,2,611688251123699712,Ben,8137,George,Pickens,WR,PIT,2
2024,1126270721782575105,124,3,683108507217653760,Jake,8110,Jake,Ferguson,TE,DAL,1
2024,1126270721782575105,125,1,622284153274048512,Aidan,7588,Javonte,Williams,RB,DEN,2
2024,1126270721782575105,126,4,473908924727160832,Rohaan,9488,Jaxon,Smith-Njigba,WR,SEA,1
2024,1126270721782575105,127,1,622284153274048512,Aidan,1166,Kirk,Cousins,QB,ATL,1
2024,1126270721782575105,128,2,611688251123699712,Ben,9224,Chase,Brown,RB,CIN,1
2024,1126270721782575105,129,9,893989602594234368,Christian,9999,Will,Levis,QB,TEN,1
2024,1126270721782575105,130,5,622233730559348736,Joe,6845,Zack,Moss,RB,CIN,1
2024,1126270721782575105,131,1,622284153274048512,Aidan,4988,Nick,Chubb,RB,CLE,2
2024,1126270721782575105,132,10,735661741740056576,Ryan,6130,Devin,Singletary,RB,NYG,1
2024,1126270721782575105,133,3,683108507217653760,Jake,1373,Geno,Smith,QB,SEA,1
2024,1126270721782575105,134,6,740989628160614400,Alex,4017,Deshaun,Watson,QB,CLE,1
2024,1126270721782575105,135,1,622284153274048512,Aidan,1426,DeAndre,Hopkins,WR,TEN,1
2024,1126270721782575105,136,2,611688251123699712,Ben,11625,Adonai,Mitchell,WR,IND,1
2024,1126270721782575105,137,9,893989602594234368,Christian,4663,Austin,Ekeler,RB,WAS,1
2024,1126270721782575105,138,9,893989602594234368,Christian,8143,Jerome,Ford,RB,CLE,2
2024,1126270721782575105,139,7,621896714877599744,Steven,8148,Jameson,Williams,WR,DET,1
2024,1126270721782575105,140,10,735661741740056576,Ryan,9756,Jordan,Addison,WR,MIN,1
2024,1126270721782575105,141,3,683108507217653760,Jake,4892,Baker,Mayfield,QB,TB,1
2024,1126270721782575105,142,6,740989628160614400,Alex,9508,Tyjae,Spears,RB,TEN,1
2024,1126270721782575105,143,1,622284153274048512,Aidan,4666,Younghoe,Koo,K,ATL,1
2024,1126270721782575105,144,2,611688251123699712,Ben,8131,Isaiah,Likely,TE,BAL,1
2024,1126270721782575105,145,9,893989602594234368,Christian,8167,Christian,Watson,WR,GB,1
2024,1126270721782575105,146,5,622233730559348736,Joe,7021,Rico,Dowdle,RB,DAL,1
2024,1126270721782575105,147,7,621896714877599744,Steven,5248,Gus,Edwards,RB,LAC,1
2024,1126270721782575105,148,10,735661741740056576,Ryan,5045,Courtland,Sutton,WR,DEN,1
2024,1126270721782575105,149,3,683108507217653760,Jake,11586,Blake,Corum,RB,LAR,1
2024,1126270721782575105,150,6,740989628160614400,Alex,11637,Keon,Coleman,WR,BUF,1
2024,1126270721782575105,151,1,622284153274048512,Aidan,SEA,Seattle,Seahawks,DEF,SEA,1
2024,1126270721782575105,152,2,611688251123699712,Ben,2747,Jason,Myers,K,SEA,1
2024,1126270721782575105,153,5,622233730559348736,Joe,8134,Khalil,Shakir,WR,BUF,1
2024,1126270721782575105,154,7,621896714877599744,Steven,3164,Ezekiel,Elliott,RB,DAL,1
2024,1126270721782575105,155,10,735661741740056576,Ryan,7594,Chuba,Hubbard,RB,CAR,1
2024,1126270721782575105,156,3,683108507217653760,Jake,11589,Trey,Benson,RB,ARI,1
2024,1126270721782575105,157,6,740989628160614400,Alex,2374,Tyler,Lockett,WR,SEA,1
2024,1126270721782575105,158,5,622233730559348736,Joe,1234,Russell,Wilson,QB,PIT,1
2024,1126270721782575105,159,7,621896714877599744,Steven,7591,Justin,Fields,QB,PIT,1
2024,1126270721782575105,160,10,735661741740056576,Ryan,5947,Jakobi,Meyers,WR,LV,1
2024,1126270721782575105,161,3,683108507217653760,Jake,6806,J.K.,Dobbins,RB,LAC,1
2024,1126270721782575105,162,6,740989628160614400,Alex,4068,Mike,Williams,WR,NYJ,1
2024,1126270721782575105,163,5,622233730559348736,Joe,7670,Joshua,Palmer,WR,LAC,1
2024,1126270721782575105,164,10,735661741740056576,Ryan,11604,Brock,Bowers,TE,LV,1
2024,1126270721782575105,165,3,683108507217653760,Jake,8132,Tyler,Allgeier,RB,ATL,1
2024,1126270721782575105,166,10,735661741740056576,Ryan,2028,Derek,Carr,QB,NO,1
2024,1126270721782575105,167,3,683108507217653760,Jake,11626,Xavier,Legette,WR,CAR,1
2024,1126270721782575105,168,3,683108507217653760,Jake,8676,Rashid,Shaheed,WR,NO,1
2024,1126270721782575105,169,3,683108507217653760,Jake,4082,Curtis,Samuel,WR,BUF,1
2024,1126270721782575105,170,3,683108507217653760,Jake,3451,Ka'imi,Fairbairn,K,HOU,1
2025,1256991725197459456,1,8,734157966206455808,Ankit,PIT,Pittsburgh,Steelers,DEF,PIT,2
2025,1256991725197459456,2,2,611688251123699712,Ben,7564,Ja'Marr,Chase,WR,CIN,66
2025,1256991725197459456,3,7,621896714877599744,Steven,11786,Cam,Little,K,JAX,1
2025,1256991725197459456,4,9,893989602594234368,Christian,8146,Garrett,Wilson,WR,NYJ,17
2025,1256991725197459456,5,9,893989602594234368,Christian,4984,Josh,Allen,QB,BUF,55
2025,1256991725197459456,6,6,740989628160614400,Alex,11604,Brock,Bowers,TE,LV,40
2025,1256991725197459456,7,7,621896714877599744,Steven,9509,Bijan,Robinson,RB,ATL,51
2025,1256991725197459456,8,8,734157966206455808,Ankit,11533,Brandon,Aubrey,K,DAL,6
2025,1256991725197459456,9,7,621896714877599744,Steven,6770,Joe,Burrow,QB,CIN,40
2025,1256991725197459456,10,2,611688251123699712,Ben,6794,Justin,Jefferson,WR,MIN,49
2025,1256991725197459456,11,4,473908924727160832,Rohaan,11539,Jake,Bates,K,DET,2
2025,1256991725197459456,12,4,473908924727160832,Rohaan,2133,Davante,Adams,WR,LAR,17
2025,1256991725197459456,13,6,740989628160614400,Alex,12527,Ashton,Jeanty,RB,LV,30
2025,1256991725197459456,14,1,622284153274048512,Aidan,2216,Mike,Evans,WR,TB,16
2025,1256991725197459456,15,5,622233730559348736,Joe,4866,Saquon,Barkley,RB,PHI,50
2025,1256991725197459456,16,7,621896714877599744,Steven,8138,James,Cook,RB,BUF,16
2025,1256991725197459456,17,1,622284153274048512,Aidan,6904,Jalen,Hurts,QB,PHI,47
2025,1256991725197459456,18,5,622233730559348736,Joe,DEN,Denver,Broncos,DEF,DEN,3
2025,1256991725197459456,19,10,735661741740056576,Ryan,11632,Malik,Nabers,WR,NYG,34
2025,1256991725197459456,20,3,683108507217653760,Jake,4881,Lamar,Jackson,QB,BAL,65
2025,1256991725197459456,21,10,735661741740056576,Ryan,4227,Harrison,Butker,K,KC,1
2025,1256991725197459456,22,8,734157966206455808,Ankit,5849,Kyler,Murray,QB,ARI,28
2025,1256991725197459456,23,10,735661741740056576,Ryan,11566,Jayden,Daniels,QB,WAS,45
2025,1256991725197459456,24,9,893989602594234368,Christian,8259,Cameron,Dicker,K,LAC,2
2025,1256991725197459456,25,1,622284153274048512,Aidan,9221,Jahmyr,Gibbs,RB,DET,49
2025,1256991725197459456,26,5,622233730559348736,Joe,6650,Chase,McLaughlin,K,TB,1
2025,1256991725197459456,27,1,622284153274048512,Aidan,HOU,Houston,Texans,DEF,HOU,2
2025,1256991725197459456,28,4,473908924727160832,Rohaan,PHI,Philadelphia,Eagles,DEF,PHI,2
2025,1256991725197459456,29,3,683108507217653760,Jake,9493,Puka,Nacua,WR,LAR,38
2025,1256991725197459456,30,6,740989628160614400,Alex,ARI,Arizona,Cardinals,DEF,ARI,2
2025,1256991725197459456,31,2,611688251123699712,Ben,MIN,Minnesota,Vikings,DEF,MIN,2
2025,1256991725197459456,32,4,473908924727160832,Rohaan,5927,Terry,McLaurin,WR,WAS,15
2025,1256991725197459456,33,4,473908924727160832,Rohaan,12530,Travis,Hunter,WR,JAX,6
2025,1256991725197459456,34,9,893989602594234368,Christian,BUF,Buffalo,Bills,DEF,BUF,2
2025,1256991725197459456,35,4,473908924727160832,Rohaan,3198,Derrick,Henry,RB,BAL,33
2025,1256991725197459456,36,8,734157966206455808,Ankit,11560,Caleb,Williams,QB,CHI,21
2025,1256991725197459456,37,1,622284153274048512,Aidan,6786,CeeDee,Lamb,WR,DAL,50
2025,1256991725197459456,38,8,734157966206455808,Ankit,4034,Christian,McCaffrey,RB,SF,39
2025,1256991725197459456,39,10,735661741740056576,Ryan,9226,De'Von,Achane,RB,MIA,38
2025,1256991725197459456,40,6,740989628160614400,Alex,11631,Brian,Thomas,WR,JAX,32
2025,1256991725197459456,41,10,735661741740056576,Ryan,WAS,Washington,Commanders,DEF,WAS,1
2025,1256991725197459456,42,4,473908924727160832,Rohaan,5045,Courtland,Sutton,WR,DEN,6
2025,1256991725197459456,43,7,621896714877599744,Steven,8130,Trey,McBride,TE,ARI,30
2025,1256991725197459456,44,5,622233730559348736,Joe,6813,Jonathan,Taylor,RB,IND,23
2025,1256991725197459456,45,8,734157966206455808,Ankit,11584,Bucky,Irving,RB,TB,23
2025,1256991725197459456,46,4,473908924727160832,Rohaan,11564,Drake,Maye,QB,NE,8
2025,1256991725197459456,47,3,683108507217653760,Jake,11635,Ladd,McConkey,WR,LAC,22
2025,1256991725197459456,48,8,734157966206455808,Ankit,7569,Nico,Collins,WR,HOU,36
2025,1256991725197459456,49,7,621896714877599744,Steven,4046,Patrick,Mahomes,QB,KC,22
2025,1256991725197459456,50,6,740989628160614400,Alex,8112,Drake,London,WR,ATL,32
2025,1256991725197459456,51,4,473908924727160832,Rohaan,11563,Bo,Nix,QB,DEN,20
2025,1256991725197459456,52,10,735661741740056576,Ryan,4137,James,Conner,RB,ARI,11
2025,1256991725197459456,53,2,611688251123699712,Ben,4035,Alvin,Kamara,RB,NO,16
2025,1256991725197459456,54,10,735661741740056576,Ryan,3321,Tyreek,Hill,WR,MIA,19
2025,1256991725197459456,55,9,893989602594234368,Christian,5850,Josh,Jacobs,RB,GB,29
2025,1256991725197459456,56,4,473908924727160832,Rohaan,6790,D'Andre,Swift,RB,CHI,5
2025,1256991725197459456,57,5,622233730559348736,Joe,8150,Kyren,Williams,RB,LAR,28
2025,1256991725197459456,58,5,622233730559348736,Joe,7547,Amon-Ra,St. Brown,WR,DET,42
2025,1256991725197459456,59,2,611688251123699712,Ben,8151,Kenneth,Walker,RB,SEA,16
2025,1256991725197459456,60,6,740989628160614400,Alex,7591,Justin,Fields,QB,NYJ,16
2025,1256991725197459456,61,9,893989602594234368,Christian,9224,Chase,Brown,RB,CIN,30
2025,1256991725197459456,62,1,622284153274048512,Aidan,8205,Isiah,Pacheco,RB,KC,4
2025,1256991725197459456,63,9,893989602594234368,Christian,5859,A.J.,Brown,WR,PHI,23
2025,1256991725197459456,64,4,473908924727160832,Rohaan,4217,George,Kittle,TE,SF,20
2025,1256991725197459456,65,4,473908924727160832,Rohaan,4892,Baker,Mayfield,QB,TB,28
2025,1256991725197459456,66,4,473908924727160832,Rohaan,8155,Breece,Hall,RB,NYJ,15
2025,1256991725197459456,67,2,611688251123699712,Ben,9758,C.J.,Stroud,QB,HOU,10
2025,1256991725197459456,68,7,621896714877599744,Steven,9488,Jaxon,Smith-Njigba,WR,SEA,20
2025,1256991725197459456,69,3,683108507217653760,Jake,7594,Chuba,Hubbard,RB,CAR,9
2025,1256991725197459456,70,2,611688251123699712,Ben,3163,Jared,Goff,QB,DET,7
2025,1256991725197459456,71,10,735661741740056576,Ryan,8183,Brock,Purdy,QB,SF,14
2025,1256991725197459456,72,6,740989628160614400,Alex,10859,Sam,LaPorta,TE,DET,9
2025,1256991725197459456,73,7,621896714877599744,Steven,10229,Rashee,Rice,WR,KC,3
2025,1256991725197459456,74,2,611688251123699712,Ben,11628,Marvin,Harrison,WR,ARI,21
2025,1256991725197459456,75,1,622284153274048512,Aidan,1466,Travis,Kelce,TE,KC,6
2025,1256991725197459456,76,7,621896714877599744,Steven,8154,Brian,Robinson,RB,WAS,2
2025,1256991725197459456,77,5,622233730559348736,Joe,6797,Justin,Herbert,QB,LAC,10
2025,1256991725197459456,78,4,473908924727160832,Rohaan,5844,T.J.,Hockenson,TE,MIN,7
2025,1256991725197459456,79,9,893989602594234368,Christian,5892,David,Montgomery,RB,DET,10
2025,1256991725197459456,80,5,622233730559348736,Joe,6804,Jordan,Love,QB,GB,8
2025,1256991725197459456,81,9,893989602594234368,Christian,6801,Tee,Higgins,WR,CIN,19
2025,1256991725197459456,82,7,621896714877599744,Steven,8137,George,Pickens,WR,DAL,8
2025,1256991725197459456,83,7,621896714877599744,Steven,4988,Nick,Chubb,RB,HOU,1
2025,1256991725197459456,84,1,622284153274048512,Aidan,3294,Dak,Prescott,QB,DAL,7
2025,1256991725197459456,85,3,683108507217653760,Jake,12507,Omarion,Hampton,RB,LAC,25
2025,1256991725197459456,86,5,622233730559348736,Joe,96,Aaron,Rodgers,QB,PIT,1
2025,1256991725197459456,87,8,734157966206455808,Ankit,4983,DJ,Moore,WR,CHI,9
2025,1256991725197459456,88,10,735661741740056576,Ryan,7525,DeVonta,Smith,WR,PHI,7
2025,1256991725197459456,89,6,740989628160614400,Alex,7523,Trevor,Lawrence,QB,JAX,5
2025,1256991725197459456,90,6,740989628160614400,Alex,12529,TreVeyon,Henderson,RB,NE,15
2025,1256991725197459456,91,5,622233730559348736,Joe,5012,Mark,Andrews,TE,BAL,6
2025,1256991725197459456,92,5,622233730559348736,Joe,5846,DK,Metcalf,WR,PIT,13
2025,1256991725197459456,93,4,473908924727160832,Rohaan,2449,Stefon,Diggs,WR,NE,2
2025,1256991725197459456,94,3,683108507217653760,Jake,12489,RJ,Harvey,RB,DEN,11
2025,1256991725197459456,95,8,734157966206455808,Ankit,11624,Xavier,Worthy,WR,KC,5
2025,1256991725197459456,96,5,622233730559348736,Joe,11638,Ricky,Pearsall,WR,SF,6
2025,1256991725197459456,97,6,740989628160614400,Alex,5967,Tony,Pollard,RB,TEN,6
2025,1256991725197459456,98,1,622284153274048512,Aidan,9756,Jordan,Addison,WR,MIN,4
2025,1256991725197459456,99,4,473908924727160832,Rohaan,4981,Calvin,Ridley,WR,TEN,9
2025,1256991725197459456,100,10,735661741740056576,Ryan,9997,Zay,Flowers,WR,BAL,4
2025,1256991725197459456,101,4,473908924727160832,Rohaan,4199,Aaron,Jones,RB,MIN,5
2025,1256991725197459456,102,8,734157966206455808,Ankit,7526,Jaylen,Waddle,WR,MIA,5
2025,1256991725197459456,103,1,622284153274048512,Aidan,7049,Jauan,Jennings,WR,SF,2
2025,1256991725197459456,104,9,893989602594234368,Christian,11559,Michael,Penix,QB,ATL,4
2025,1256991725197459456,105,8,734157966206455808,Ankit,12518,Tyler,Warren,TE,IND,7
2025,1256991725197459456,106,5,622233730559348736,Joe,9511,Keaton,Mitchell,RB,BAL,1
2025,1256991725197459456,107,2,611688251123699712,Ben,12504,Kaleb,Johnson,RB,PIT,4
2025,1256991725197459456,108,10,735661741740056576,Ryan,8144,Chris,Olave,WR,NO,4
2025,1256991725197459456,109,10,735661741740056576,Ryan,4033,David,Njoku,TE,CLE,4
2025,1256991725197459456,110,10,735661741740056576,Ryan,11565,J.J.,McCarthy,QB,MIN,7
2025,1256991725197459456,111,1,622284153274048512,Aidan,9228,Bryce,Young,QB,CAR,2
2025,1256991725197459456,112,5,622233730559348736,Joe,4037,Chris,Godwin,WR,TB,2
2025,1256991725197459456,113,9,893989602594234368,Christian,9484,Tucker,Kraft,TE,GB,1
2025,1256991725197459456,114,8,734157966206455808,Ankit,9229,Anthony,Richardson,QB,IND,1
2025,1256991725197459456,115,3,683108507217653760,Jake,8228,Jaylen,Warren,RB,PIT,2
2025,1256991725197459456,116,3,683108507217653760,Jake,12526,Tetairoa,McMillan,WR,CAR,9
2025,1256991725197459456,117,6,740989628160614400,Alex,8148,Jameson,Williams,WR,DET,5
2025,1256991725197459456,118,2,611688251123699712,Ben,6083,Matt,Gay,K,WAS,1
2025,1256991725197459456,119,10,735661741740056576,Ryan,4018,Joe,Mixon,RB,HOU,4
2025,1256991725197459456,120,3,683108507217653760,Jake,7839,Evan,McPherson,K,CIN,1
2025,1256991725197459456,121,7,621896714877599744,Steven,6768,Tua,Tagovailoa,QB,MIA,1
2025,1256991725197459456,122,3,683108507217653760,Jake,4943,Sam,Darnold,QB,SEA,4
2025,1256991725197459456,123,8,734157966206455808,Ankit,9753,Zach,Charbonnet,RB,SEA,3
2025,1256991725197459456,124,5,622233730559348736,Joe,7611,Rhamondre,Stevenson,RB,NE,1
2025,1256991725197459456,125,3,683108507217653760,Jake,7543,Travis,Etienne,RB,JAX,2
2025,1256991725197459456,126,1,622284153274048512,Aidan,11655,Tyrone,Tracy,RB,NYG,3
2025,1256991725197459456,127,3,683108507217653760,Jake,4066,Evan,Engram,TE,DEN,3
2025,1256991725197459456,128,10,735661741740056576,Ryan,12481,Cam,Skattebo,RB,NYG,1
2025,1256991725197459456,129,3,683108507217653760,Jake,12469,Dylan,Sampson,RB,CLE,3
2025,1256991725197459456,130,1,622284153274048512,Aidan,5872,Deebo,Samuel,WR,WAS,3
2025,1256991725197459456,131,8,734157966206455808,Ankit,8408,Jordan,Mason,RB,MIN,2
2025,1256991725197459456,132,8,734157966206455808,Ankit,12514,Emeka,Egbuka,WR,TB,4
2025,1256991725197459456,133,9,893989602594234368,Christian,9225,Tank,Bigsby,RB,JAX,3
2025,1256991725197459456,134,10,735661741740056576,Ryan,5947,Jakobi,Meyers,WR,LV,2
2025,1256991725197459456,135,3,683108507217653760,Jake,11620,Rome,Odunze,WR,CHI,3
2025,1256991725197459456,136,2,611688251123699712,Ben,8110,Jake,Ferguson,TE,DAL,1
2025,1256991725197459456,137,10,735661741740056576,Ryan,12512,Quinshon,Judkins,RB,CLE,4
2025,1256991725197459456,138,3,683108507217653760,Jake,1373,Geno,Smith,QB,LV,1
2025,1256991725197459456,139,5,622233730559348736,Joe,6783,Jerry,Jeudy,WR,CLE,2
2025,1256991725197459456,140,8,734157966206455808,Ankit,12501,Matthew,Golden,WR,GB,3
2025,1256991725197459456,141,8,734157966206455808,Ankit,7553,Kyle,Pitts,TE,ATL,6
2025,1256991725197459456,142,5,622233730559348736,Joe,12457,Jaydon,Blue,RB,DAL,3
2025,1256991725197459456,143,1,622284153274048512,Aidan,12517,Colston,Loveland,TE,CHI,1
2025,1256991725197459456,144,6,740989628160614400,Alex,421,Matthew,Stafford,QB,LAR,1
2025,1256991725197459456,145,2,611688251123699712,Ben,12533,Jacory,Croskey-Merritt,RB,WAS,1
2025,1256991725197459456,146,1,622284153274048512,Aidan,8134,Khalil,Shakir,WR,BUF,2
2025,1256991725197459456,147,7,621896714877599744,Steven,6803,Brandon,Aiyuk,WR,SF,1
2025,1256991725197459456,148,2,611688251123699712,Ben,12522,Cam,Ward,QB,TEN,2
2025,1256991725197459456,149,1,622284153274048512,Aidan,7528,Najee,Harris,RB,LAC,1
2025,1256991725197459456,150,6,740989628160614400,Alex,11576,Braelon,Allen,RB,NYJ,1
2025,1256991725197459456,151,2,611688251123699712,Ben,12484,Jayden,Higgins,WR,HOU,1
2025,1256991725197459456,152,6,740989628160614400,Alex,8676,Rashid,Shaheed,WR,NO,2
2025,1256991725197459456,153,7,621896714877599744,Steven,4039,Cooper,Kupp,WR,SEA,1
2025,1256991725197459456,154,6,740989628160614400,Alex,10222,Jayden,Reed,WR,GB,2
2025,1256991725197459456,155,1,622284153274048512,Aidan,1945,Chris,Boswell,K,PIT,1
2025,1256991725197459456,156,6,740989628160614400,Alex,4666,Younghoe,Koo,K,ATL,1
2025,1256991725197459456,157,2,611688251123699712,Ben,11637,Keon,Coleman,WR,BUF,1
2025,1256991725197459456,158,3,683108507217653760,Jake,12670,KeAndre,Lambert-Smith,WR,LAC,1
2025,1256991725197459456,159,7,621896714877599744,Steven,6819,Michael,Pittman,WR,IND,1
2025,1256991725197459456,160,9,893989602594234368,Christian,9500,Josh,Downs,WR,IND,1
2025,1256991725197459456,161,6,740989628160614400,Alex,6806,J.K.,Dobbins,RB,DEN,1
2025,1256991725197459456,162,2,611688251123699712,Ben,11651,Isaac,Guerendo,RB,SF,1
2025,1256991725197459456,163,3,683108507217653760,Jake,BAL,Baltimore,Ravens,DEF,BAL,1
2025,1256991725197459456,164,7,621896714877599744,Steven,SF,San Francisco,49ers,DEF,SF,1
2025,1256991725197459456,165,9,893989602594234368,Christian,11575,Ray,Davis,RB,BUF,1
2025,1256991725197459456,166,2,611688251123699712,Ben,7588,Javonte,Williams,RB,DAL,1
2025,1256991725197459456,167,7,621896714877599744,Steven,4663,Austin,Ekeler,RB,WAS,1
2025,1256991725197459456,168,9,893989602594234368,Christian,8132,Tyler,Allgeier,RB,ATL,1
2025,1256991725197459456,169,9,893989602594234368,Christian,1234,Russell,Wilson,QB,NYG,1
2025,1256991725197459456,170,9,893989602594234368,Christian,4144,Jonnu,Smith,TE,PIT,1
2026,1389416556630405120,1,8,734157966206455808,Ankit,9221,Jahmyr,Gibbs,RB,DET,66
2026,1389416556630405120,2,6,740989628160614400,Alex,8138,James,Cook,RB,BUF,43
2026,1389416556630405120,3,10,735661741740056576,Ryan,3451,Ka'imi,Fairbairn,K,HOU,1
2026,1389416556630405120,4,11,992141374650753024,Kaitlyn,12527,Ashton,Jeanty,RB,LV,26
2026,1389416556630405120,5,9,893989602594234368,Christian,4881,Lamar,Jackson,QB,BAL,60
2026,1389416556630405120,6,2,611688251123699712,Ben,9488,Jaxon,Smith-Njigba,WR,SEA,49
2026,1389416556630405120,7,5,622233730559348736,Joe,8130,Trey,McBride,TE,ARI,32
2026,1389416556630405120,8,5,622233730559348736,Joe,13545,Trey,Smack,K,GB,1
2026,1389416556630405120,9,12,1389426153571229696,Stephanie,7564,Ja'Marr,Chase,WR,CIN,53
2026,1389416556630405120,10,7,621896714877599744,Steven,11604,Brock,Bowers,TE,LV,38
2026,1389416556630405120,11,7,621896714877599744,Steven,11786,Cam,Little,K,JAX,1
2026,1389416556630405120,12,10,735661741740056576,Ryan,LAR,Los Angeles,Rams,DEF,LAR,5
2026,1389416556630405120,13,9,893989602594234368,Christian,PHI,Philadelphia,Eagles,DEF,PHI,3
2026,1389416556630405120,14,7,621896714877599744,Steven,JAX,Jacksonville,Jaguars,DEF,JAX,2
2026,1389416556630405120,15,7,621896714877599744,Steven,9509,Bijan,Robinson,RB,ATL,58
2026,1389416556630405120,16,11,992141374650753024,Kaitlyn,4984,Josh,Allen,QB,BUF,77
2026,1389416556630405120,17,3,683108507217653760,Jake,11564,Drake,Maye,QB,NE,44
2026,1389416556630405120,18,2,611688251123699712,Ben,7547,Amon-Ra,St. Brown,WR,DET,49
2026,1389416556630405120,19,7,621896714877599744,Steven,12508,Jaxson,Dart,QB,NYG,25
2026,1389416556630405120,20,6,740989628160614400,Alex,12519,Luther,Burden,WR,CHI,12
2026,1389416556630405120,21,3,683108507217653760,Jake,9493,Puka,Nacua,WR,LAR,49
2026,1389416556630405120,22,12,1389426153571229696,Stephanie,4034,Christian,McCaffrey,RB,SF,48
2026,1389416556630405120,23,1,622284153274048512,Aidan,10232,Michael,Wilson,WR,ARI,5
2026,1389416556630405120,24,1,622284153274048512,Aidan,HOU,Houston,Texans,DEF,HOU,3
2026,1389416556630405120,25,8,734157966206455808,Ankit,SEA,Seattle,Seahawks,DEF,SEA,5
2026,1389416556630405120,26,3,683108507217653760,Jake,7523,Trevor,Lawrence,QB,JAX,41
2026,1389416556630405120,27,4,473908924727160832,Rohaan,6813,Jonathan,Taylor,RB,IND,48
2026,1389416556630405120,28,10,735661741740056576,Ryan,11566,Jayden,Daniels,QB,WAS,43
2026,1389416556630405120,29,4,473908924727160832,Rohaan,6770,Joe,Burrow,QB,CIN,43
2026,1389416556630405120,30,4,473908924727160832,Rohaan,6794,Justin,Jefferson,WR,MIN,47
2026,1389416556630405120,31,5,622233730559348736,Joe,LAC,Los Angeles,Chargers,DEF,LAC,2
2026,1389416556630405120,32,6,740989628160614400,Alex,10859,Sam,LaPorta,TE,DET,9
2026,1389416556630405120,33,5,622233730559348736,Joe,5859,A.J.,Brown,WR,NE,33
2026,1389416556630405120,34,8,734157966206455808,Ankit,9224,Chase,Brown,RB,CIN,37
2026,1389416556630405120,35,4,473908924727160832,Rohaan,11583,Jonathon,Brooks,RB,CAR,4
2026,1389416556630405120,36,1,622284153274048512,Aidan,4866,Saquon,Barkley,RB,PHI,40
2026,1389416556630405120,37,2,611688251123699712,Ben,PIT,Pittsburgh,Steelers,DEF,PIT,2
2026,1389416556630405120,38,6,740989628160614400,Alex,7525,DeVonta,Smith,WR,PHI,26
2026,1389416556630405120,39,10,735661741740056576,Ryan,9226,De'Von,Achane,RB,MIA,37
2026,1389416556630405120,40,3,683108507217653760,Jake,12517,Colston,Loveland,TE,CHI,19
2026,1389416556630405120,41,6,740989628160614400,Alex,8151,Kenneth,Walker,RB,KC,34
2026,1389416556630405120,42,9,893989602594234368,Christian,6904,Jalen,Hurts,QB,PHI,42
2026,1389416556630405120,43,10,735661741740056576,Ryan,8112,Drake,London,WR,ATL,30
2026,1389416556630405120,44,7,621896714877599744,Steven,13294,Makai,Lemon,WR,PHI,4
2026,1389416556630405120,45,11,992141374650753024,Kaitlyn,6786,CeeDee,Lamb,WR,DAL,40
2026,1389416556630405120,46,1,622284153274048512,Aidan,6797,Justin,Herbert,QB,LAC,37
2026,1389416556630405120,47,8,734157966206455808,Ankit,6806,J.K.,Dobbins,RB,DEN,4
2026,1389416556630405120,48,2,611688251123699712,Ben,4046,Patrick,Mahomes,QB,KC,26
2026,1389416556630405120,49,5,622233730559348736,Joe,6804,Jordan,Love,QB,GB,17
2026,1389416556630405120,50,9,893989602594234368,Christian,8150,Kyren,Williams,RB,LAR,24
2026,1389416556630405120,51,5,622233730559348736,Joe,12507,Omarion,Hampton,RB,LAC,32
2026,1389416556630405120,52,6,740989628160614400,Alex,11560,Caleb,Williams,QB,CHI,35
2026,1389416556630405120,53,7,621896714877599744,Steven,8167,Christian,Watson,WR,GB,9
2026,1389416556630405120,54,4,473908924727160832,Rohaan,3294,Dak,Prescott,QB,DAL,33
2026,1389416556630405120,55,12,1389426153571229696,Stephanie,11563,Bo,Nix,QB,DEN,27
2026,1389416556630405120,56,4,473908924727160832,Rohaan,7594,Chuba,Hubbard,RB,CAR,4
2026,1389416556630405120,57,1,622284153274048512,Aidan,7569,Nico,Collins,WR,HOU,29
2026,1389416556630405120,58,9,893989602594234368,Christian,6801,Tee,Higgins,WR,CIN,17
2026,1389416556630405120,59,7,621896714877599744,Steven,8137,George,Pickens,WR,DAL,25
2026,1389416556630405120,60,4,473908924727160832,Rohaan,11792,Will,Reichard,K,MIN,1
2026,1389416556630405120,61,6,740989628160614400,Alex,5849,Kyler,Murray,QB,MIN,17
2026,1389416556630405120,62,7,621896714877599744,Steven,12526,Tetairoa,McMillan,WR,CAR,16
2026,1389416556630405120,63,1,622284153274048512,Aidan,421,Matthew,Stafford,QB,LAR,22
2026,1389416556630405120,64,10,735661741740056576,Ryan,11632,Malik,Nabers,WR,NYG,23
2026,1389416556630405120,65,8,734157966206455808,Ankit,13279,Carnell,Tate,WR,TEN,5
2026,1389416556630405120,66,12,1389426153571229696,Stephanie,3163,Jared,Goff,QB,DET,23
2026,1389416556630405120,67,5,622233730559348736,Joe,3198,Derrick,Henry,RB,BAL,32
2026,1389416556630405120,68,11,992141374650753024,Kaitlyn,2216,Mike,Evans,WR,SF,11
2026,1389416556630405120,69,5,622233730559348736,Joe,10229,Rashee,Rice,WR,KC,22
2026,1389416556630405120,70,1,622284153274048512,Aidan,12481,Cam,Skattebo,RB,NYG,16
2026,1389416556630405120,71,2,611688251123699712,Ben,13287,Jeremiyah,Love,RB,ARI,28
2026,1389416556630405120,72,4,473908924727160832,Rohaan,BAL,Baltimore,Ravens,DEF,BAL,1
2026,1389416556630405120,73,8,734157966206455808,Ankit,8144,Chris,Olave,WR,NO,21
2026,1389416556630405120,74,12,1389426153571229696,Stephanie,DEN,Denver,Broncos,DEF,DEN,2
2026,1389416556630405120,75,8,734157966206455808,Ankit,8155,Breece,Hall,RB,NYJ,17
2026,1389416556630405120,76,9,893989602594234368,Christian,DET,Detroit,Lions,DEF,DET,1
2026,1389416556630405120,77,9,893989602594234368,Christian,11628,Marvin,Harrison,WR,ARI,6
2026,1389416556630405120,78,10,735661741740056576,Ryan,5850,Josh,Jacobs,RB,GB,3
2026,1389416556630405120,79,11,992141374650753024,Kaitlyn,12514,Emeka,Egbuka,WR,TB,19
2026,1389416556630405120,80,4,473908924727160832,Rohaan,9758,C.J.,Stroud,QB,HOU,9
2026,1389416556630405120,81,10,735661741740056576,Ryan,9997,Zay,Flowers,WR,BAL,17
2026,1389416556630405120,82,1,622284153274048512,Aidan,11635,Ladd,McConkey,WR,LAC,18
2026,1389416556630405120,83,7,621896714877599744,Steven,1373,Geno,Smith,QB,NYJ,1
2026,1389416556630405120,84,4,473908924727160832,Rohaan,10236,Dalton,Kincaid,TE,BUF,4
2026,1389416556630405120,85,9,893989602594234368,Christian,4943,Sam,Darnold,QB,SEA,9
2026,1389416556630405120,86,9,893989602594234368,Christian,11533,Brandon,Aubrey,K,DAL,4
2026,1389416556630405120,87,8,734157966206455808,Ankit,8161,Malik,Willis,QB,MIA,9
2026,1389416556630405120,88,2,611688251123699712,Ben,12518,Tyler,Warren,TE,IND,15
2026,1389416556630405120,89,12,1389426153571229696,Stephanie,7526,Jaylen,Waddle,WR,DEN,14
2026,1389416556630405120,90,3,683108507217653760,Jake,7588,Javonte,Williams,RB,DAL,21
2026,1389416556630405120,91,12,1389426153571229696,Stephanie,12506,Harold,Fannin,TE,CLE,6
2026,1389416556630405120,92,9,893989602594234368,Christian,5846,DK,Metcalf,WR,PIT,5
2026,1389416556630405120,93,7,621896714877599744,Steven,11584,Bucky,Irving,RB,TB,16
2026,1389416556630405120,94,10,735661741740056576,Ryan,8146,Garrett,Wilson,WR,NYJ,17
2026,1389416556630405120,95,11,992141374650753024,Kaitlyn,4035,Alvin,Kamara,RB,NO,2
2026,1389416556630405120,96,9,893989602594234368,Christian,9484,Tucker,Kraft,TE,GB,4
2026,1389416556630405120,97,10,735661741740056576,Ryan,5892,David,Montgomery,RB,HOU,10
2026,1389416556630405120,98,9,893989602594234368,Christian,12512,Quinshon,Judkins,RB,CLE,9
2026,1389416556630405120,99,2,611688251123699712,Ben,8183,Brock,Purdy,QB,SF,14
2026,1389416556630405120,100,8,734157966206455808,Ankit,2133,Davante,Adams,WR,LAR,10
2026,1389416556630405120,101,5,622233730559348736,Joe,4892,Baker,Mayfield,QB,TB,16
2026,1389416556630405120,102,11,992141374650753024,Kaitlyn,12545,Tyler,Shough,QB,NO,11
2026,1389416556630405120,103,12,1389426153571229696,Stephanie,6790,D'Andre,Swift,RB,CHI,13
2026,1389416556630405120,104,9,893989602594234368,Christian,12489,RJ,Harvey,RB,DEN,4
2026,1389416556630405120,105,3,683108507217653760,Jake,7543,Travis,Etienne,RB,NO,16
2026,1389416556630405120,106,6,740989628160614400,Alex,12490,Bhayshul,Tuten,RB,JAX,10
2026,1389416556630405120,107,7,621896714877599744,Steven,13414,Kaelon,Black,RB,SF,1
2026,1389416556630405120,108,11,992141374650753024,Kaitlyn,MIN,Minnesota,Vikings,DEF,MIN,2
2026,1389416556630405120,109,11,992141374650753024,Kaitlyn,12529,TreVeyon,Henderson,RB,NE,5
2026,1389416556630405120,110,1,622284153274048512,Aidan,4983,DJ,Moore,WR,BUF,9
2026,1389416556630405120,111,8,734157966206455808,Ankit,12522,Cam,Ward,QB,TEN,5
2026,1389416556630405120,112,10,735661741740056576,Ryan,1466,Travis,Kelce,TE,KC,2
2026,1389416556630405120,113,1,622284153274048512,Aidan,13269,Fernando,Mendoza,QB,LV,2
2026,1389416556630405120,114,1,622284153274048512,Aidan,8131,Isaiah,Likely,TE,NYG,2
2026,1389416556630405120,115,6,740989628160614400,Alex,96,Aaron,Rodgers,QB,PIT,2
2026,1389416556630405120,116,2,611688251123699712,Ben,3257,Jacoby,Brissett,QB,ARI,2
2026,1389416556630405120,117,8,734157966206455808,Ankit,9487,Parker,Washington,WR,JAX,7
2026,1389416556630405120,118,12,1389426153571229696,Stephanie,11620,Rome,Odunze,WR,CHI,4
2026,1389416556630405120,119,7,621896714877599744,Steven,9753,Zach,Charbonnet,RB,SEA,1
2026,1389416556630405120,120,4,473908924727160832,Rohaan,IND,Indianapolis,Colts,DEF,IND,1
2026,1389416556630405120,121,9,893989602594234368,Christian,5045,Courtland,Sutton,WR,DEN,3
2026,1389416556630405120,122,6,740989628160614400,Alex,KC,Kansas City,Chiefs,DEF,KC,1
2026,1389416556630405120,123,10,735661741740056576,Ryan,5870,Daniel,Jones,QB,IND,5
2026,1389416556630405120,124,9,893989602594234368,Christian,5967,Tony,Pollard,RB,TEN,3
2026,1389416556630405120,125,12,1389426153571229696,Stephanie,9228,Bryce,Young,QB,CAR,4
2026,1389416556630405120,126,11,992141374650753024,Kaitlyn,8110,Jake,Ferguson,TE,DAL,1
2026,1389416556630405120,127,2,611688251123699712,Ben,7611,Rhamondre,Stevenson,RB,NE,3
2026,1389416556630405120,128,5,622233730559348736,Joe,13281,Jordyn,Tyson,WR,NO,1
2026,1389416556630405120,129,8,734157966206455808,Ankit,7553,Kyle,Pitts,TE,ATL,5
2026,1389416556630405120,130,1,622284153274048512,Aidan,13286,Jadarian,Price,RB,SEA,8
2026,1389416556630405120,131,2,611688251123699712,Ben,11581,MarShawn,Lloyd,RB,GB,6
2026,1389416556630405120,132,4,473908924727160832,Rohaan,3214,Hunter,Henry,TE,NE,1
2026,1389416556630405120,133,9,893989602594234368,Christian,5927,Terry,McLaurin,WR,WAS,5
2026,1389416556630405120,134,5,622233730559348736,Joe,8148,Jameson,Williams,WR,DET,6
2026,1389416556630405120,135,10,735661741740056576,Ryan,8228,Jaylen,Warren,RB,PIT,4
2026,1389416556630405120,136,3,683108507217653760,Jake,1166,Kirk,Cousins,QB,LV,1
2026,1389416556630405120,137,5,622233730559348736,Joe,11586,Blake,Corum,RB,LAR,2
2026,1389416556630405120,138,12,1389426153571229696,Stephanie,12533,Jacory,Croskey-Merritt,RB,WAS,1
2026,1389416556630405120,139,1,622284153274048512,Aidan,8408,Jordan,Mason,RB,MIN,4
2026,1389416556630405120,140,8,734157966206455808,Ankit,7021,Rico,Dowdle,RB,PIT,3
2026,1389416556630405120,141,1,622284153274048512,Aidan,8259,Cameron,Dicker,K,LAC,1
2026,1389416556630405120,142,1,622284153274048512,Aidan,4217,George,Kittle,TE,SF,2
2026,1389416556630405120,143,1,622284153274048512,Aidan,11631,Brian,Thomas,WR,JAX,2
2026,1389416556630405120,144,2,611688251123699712,Ben,2449,Stefon,Diggs,WR,WAS,1
2026,1389416556630405120,145,6,740989628160614400,Alex,6819,Michael,Pittman,WR,PIT,1
2026,1389416556630405120,146,10,735661741740056576,Ryan,8142,Alec,Pierce,WR,IND,1
2026,1389416556630405120,147,3,683108507217653760,Jake,9480,Brenton,Strange,TE,JAX,1
2026,1389416556630405120,148,11,992141374650753024,Kaitlyn,2747,Jason,Myers,K,SEA,1
2026,1389416556630405120,149,12,1389426153571229696,Stephanie,9756,Jordan,Addison,WR,MIN,1
2026,1389416556630405120,150,5,622233730559348736,Joe,12474,Woody,Marks,RB,HOU,1
2026,1389416556630405120,151,8,734157966206455808,Ankit,12015,Harrison,Mevis,K,LAR,1
2026,1389416556630405120,152,8,734157966206455808,Ankit,4017,Deshaun,Watson,QB,CLE,2
2026,1389416556630405120,153,4,473908924727160832,Rohaan,4037,Chris,Godwin,WR,TB,1
2026,1389416556630405120,154,2,611688251123699712,Ben,9225,Tank,Bigsby,RB,PHI,1
2026,1389416556630405120,155,6,740989628160614400,Alex,8126,Wan'Dale,Robinson,WR,TEN,1
2026,1389416556630405120,156,6,740989628160614400,Alex,5022,Dallas,Goedert,TE,PHI,2
2026,1389416556630405120,157,3,683108507217653760,Jake,10222,Jayden,Reed,WR,GB,1
2026,1389416556630405120,158,11,992141374650753024,Kaitlyn,5012,Mark,Andrews,TE,BAL,1
2026,1389416556630405120,159,6,740989628160614400,Alex,13305,Mike,Washington,RB,LV,2
2026,1389416556630405120,160,5,622233730559348736,Joe,8132,Tyler,Allgeier,RB,ARI,1
2026,1389416556630405120,161,6,740989628160614400,Alex,13417,De'Zhaun,Stribling,WR,SF,4
2026,1389416556630405120,162,7,621896714877599744,Steven,12534,Kyle,Monangai,RB,CHI,1
2026,1389416556630405120,163,8,734157966206455808,Ankit,7567,Kenny,Gainwell,RB,TB,2
2026,1389416556630405120,164,2,611688251123699712,Ben,9511,Keaton,Mitchell,RB,LAC,1
2026,1389416556630405120,165,6,740989628160614400,Alex,5947,Jakobi,Meyers,WR,JAX,1
2026,1389416556630405120,166,10,735661741740056576,Ryan,8121,Romeo,Doubs,WR,NE,1
2026,1389416556630405120,167,3,683108507217653760,Jake,11646,Jalen,Coker,WR,CAR,1
2026,1389416556630405120,168,11,992141374650753024,Kaitlyn,13298,KC,Concepcion,WR,CLE,1
2026,1389416556630405120,169,12,1389426153571229696,Stephanie,9754,Quentin,Johnston,WR,LAC,1
2026,1389416556630405120,170,5,622233730559348736,Joe,13293,Ja'Kobi,Lane,WR,BAL,1
2026,1389416556630405120,171,7,621896714877599744,Steven,9500,Josh,Downs,WR,IND,1
2026,1389416556630405120,172,4,473908924727160832,Rohaan,5872,Deebo,Samuel,WR,SF,1
2026,1389416556630405120,173,2,611688251123699712,Ben,11539,Jake,Bates,K,DET,1
2026,1389416556630405120,174,10,735661741740056576,Ryan,6768,Tua,Tagovailoa,QB,ATL,1
2026,1389416556630405120,175,3,683108507217653760,Jake,13317,Ted,Hurst,WR,TB,1
2026,1389416556630405120,176,11,992141374650753024,Kaitlyn,7839,Evan,McPherson,K,CIN,1
2026,1389416556630405120,177,12,1389426153571229696,Stephanie,4199,Aaron,Jones,RB,MIN,1
2026,1389416556630405120,178,5,622233730559348736,Joe,13413,Cyrus,Allen,WR,KC,1
2026,1389416556630405120,179,7,621896714877599744,Steven,8676,Rashid,Shaheed,WR,SEA,1
2026,1389416556630405120,180,4,473908924727160832,Rohaan,10213,Tre,Tucker,WR,LV,1
2026,1389416556630405120,181,2,611688251123699712,Ben,11618,Jalen,McMillan,WR,TB,1
2026,1389416556630405120,182,3,683108507217653760,Jake,13424,Seth,McGowan,RB,IND,1
2026,1389416556630405120,183,11,992141374650753024,Kaitlyn,8134,Khalil,Shakir,WR,BUF,1
2026,1389416556630405120,184,12,1389426153571229696,Stephanie,8154,Brian,Robinson,RB,ATL,1
2026,1389416556630405120,185,4,473908924727160832,Rohaan,11624,Xavier,Worthy,WR,KC,1
2026,1389416556630405120,186,2,611688251123699712,Ben,12501,Matthew,Golden,WR,GB,1
2026,1389416556630405120,187,3,683108507217653760,Jake,13320,Zachariah,Branch,WR,ATL,1
2026,1389416556630405120,188,11,992141374650753024,Kaitlyn,11559,Michael,Penix,QB,ATL,1
2026,1389416556630405120,189,12,1389426153571229696,Stephanie,12713,Andy,Borregales,K,NE,1
2026,1389416556630405120,190,3,683108507217653760,Jake,12711,Tyler,Loop,K,BAL,1
2026,1389416556630405120,191,3,683108507217653760,Jake,NYJ,New York,Jets,DEF,NYJ,1
2026,1389416556630405120,192,3,683108507217653760,Jake,12492,Pat,Bryant,WR,DEN,1
